"","1","2","3","4","8","9","10","11","12","13","14","16","17","18","19","20","21","22","23","25","26","27","28","29","32","33","35","37","38","39","40","41","44","45","46","47","48","49","50","52","53","54","55","56","57","58","59","60","61","63","64","66","67","68","70","72","73","74","75","79","80","81","83","84","85","86","89","90","91","93","95","96","97","98","99","100","101","102","103","104","105","106","107","108","109","110","112","113","114","115","116","117","118","119","120","121","122","123","124","126","128","129","130","131","132","133","134","136","137","138","141","143","144","146","147","149","150","151","153","154","155","156","157","158","159","162","165","166","167","168","169","170","171","173","174","175","176","178","179","181","183","184","185","188","189","191","193","194","195","196","197","198","199","200","201","202","203","207","208","209","210","211","212","213","214","215","216","217","219","220","221","222","223","225","226","227","229","230","231","233","234","235","236","237","238","249","250","251","255","256","272","273","276","277","299"
"Armenia",0,0,0,0,0,0,0,0,0,0,0,0,0,0,0,0,0,0,0,0,0,0,0,0,0,0,0,0,0,0,0,0,0,0,0,0,0,0,0,0,0,0,0,0,0,0,0,0,0,0,0,0,0,0,0,0,0,0,0,0,0,0,0,0,0,0,0,0,0,0,0,0,0,0,0,0,0,0,0,0,0,0,0,0,0,0,0,0,0,0,0,0,0,0,0,0,0,0,0,0,0,0,0,0,0,0,0,0,0,0,0,0,0,0,0,0,0,0,0,0,0,0,0,0,0,0,0,0,0,0,0,0,0,0,0,0,0,0,0,0,0,0,0,0,0,0,0,0,0,0,0,0,0,0,0,0,0,0,0,0,0,0,0,0,0,0,0,0,0,0,0,0,0,0,0,0,0,0,0,0,0,0,0,0,0,0,0,0,0,0,0,0,0,0,0
"Afghanistan",0,0,0,0,0,0,0,0,0,0,0,0,0,0,0,0,0,0,0,0,0,0,0,0,0,0,0,0,0,0,0,0,0,0,0,0,0,0,0,0,0,0,0,0,0,0,0,0,0,0,0,0,0,0,0,0,0,0,0,0,0,0,0,0,0,0,0,0,0,0,0,0,0,0,0,0,0,0,0,0,0,0,0,0,0,0,0,0,0,0,0,0,0,0,0,0,0,0,0,0,0,0,0,0,0,0,0,0,0,0,0,0,0,0,0,0,0,0,0,0,0,0,0,0,0,0,0,0,0,0,0,0,0,0,0,0,0,0,0,0,0,0,0,0,0,0,0,0,0,0,0,0,0,0,0,0,0,0,0,0,0,0,0,0,0,0,0,0,0,0,0,0,0,0,0,0,0,0,0,0,0,0,0,0,0,0,0,0,0,0,0,0,0,0,0
"Albania",0,0,0,0,0,0,0,0,0,0,0,0,0,0,0,0,0,0,0,0,0,0,0,0,0,0,0,0,0,0,0,0,0,0,0,0,0,0,0,0,0,0,0,0,0,0,0,0,0,0,0,0,0,0,0,0,0,0,0,0,0,0,0,0,0,0,0,0,0,0,0,0,0,0,0,0,0,0,0,0,0,0,0,0,0,0,0,0,0,0,0,0,0,0,0,0,0,0,0,0,0,0,0,0,0,0,0,0,0,0,0,0,0,0,0,0,0,0,0,44500000,0,0,0,0,0,0,0,0,0,0,0,0,0,0,0,0,0,0,0,0,0,0,0,0,0,0,0,0,0,0,0,0,0,0,0,0,0,0,0,0,0,0,0,0,0,0,0,0,0,0,0,0,0,0,0,0,0,0,0,0,0,0,0,0,0,0,0,0,0,0,57460000,42720000,0,0,0
"Algeria",0,0,0,0,0,0,0,0,0,0,0,0,0,0,0,0,0,0,0,0,0,0,0,0,0,0,0,0,0,0,0,0,0,0,0,0,0,0,0,0,0,0,0,0,0,0,0,0,0,0,0,0,0,0,0,0,0,0,0,0,0,0,0,0,0,0,0,0,0,0,0,0,0,0,0,0,0,0,0,0,0,0,0,0,0,0,0,0,0,0,0,0,0,0,0,0,0,0,11823500000,0,0,0,0,0,0,0,0,0,0,0,0,0,0,0,0,0,0,0,0,0,0,0,0,0,0,0,0,0,0,0,0,0,0,0,0,0,0,0,0,0,0,0,0,0,0,0,0,0,0,0,0,0,0,0,0,0,0,0,0,0,0,0,0,0,0,0,0,0,0,0,0,0,0,0,0,0,0,0,0,0,0,0,0,0,0,0,0,0,0,0,0,0,0,0,0
"Antigua and Barbuda",0,0,0,0,0,0,0,0,0,0,0,0,0,0,0,0,0,0,0,0,0,0,0,0,0,0,0,0,0,0,0,0,0,0,0,0,0,0,0,0,0,0,0,0,0,0,0,0,0,0,0,0,0,0,0,0,0,0,0,0,0,0,0,0,0,0,0,0,0,0,0,0,0,0,0,0,0,0,0,0,0,0,0,0,0,0,0,0,0,0,0,0,0,0,0,0,0,0,0,0,0,0,0,0,0,0,0,0,0,0,0,0,0,0,0,0,0,0,0,0,0,0,0,0,0,0,0,0,0,0,0,0,0,0,0,0,0,0,0,0,0,0,0,0,0,0,0,0,0,0,0,0,0,0,0,0,0,0,0,0,0,0,0,0,0,0,0,0,0,0,0,0,0,0,0,0,0,0,0,0,0,0,0,0,0,0,0,0,0,0,0,0,0,0,0
"Argentina",23763280000,0,469920000,3380988960000,0,0,0,181560000,256320000,703100000,836405000,0,0,0,4647755000,0,109777325000,0,8840000,0,0,2454620000,0,0,13157040000,389820000,43385720000,0,0,0,4277129125000,0,636629460000,0,5485735000,0,1547055000,237217040000,580280000,44500000,1495200000,3148820000,0,36243380000,0,178079880000,2043526240000,815900000,0,0,0,0,0,7766700000,0,87220000,2785840000,754720000,126380000,3162700000,11436500000,0,0,4851240000,0,0,1218760000,135280000,0,43560000,321760000,0,87220000,25058840000,0,11731980000,1258641920000,64080000,0,966540000,676455710000,12335470000,11174840000,0,390420000,797284200000,92314360000,0,3.0734e+10,0,0,468280620000,402393920000,393380000,0,69455600000,0,1723040000,611431780000,477040000,0,0,0,5767358250000,0,227840000,0,0,260298300000,8140220000,0,2059242840000,110208700000,0,0,87220000,542770800000,0,0,283410000,0,3560000,109320000,0,44500000,1591920000,525100000,1372050000,398720000,0,8669525000,3586346430000,499222360000,2627280000,1427597380000,0,0,0,482380000,0,7545420000,0,9945800000,8840000,0,0,0,3044939200000,210088060000,0,651480000,0,0,0,0,3867875920000,3834904085000,173975000,0,0,19580000,0,224141160000,0,106246420000,900680000,1504100000,2283740000,0,975540000,103079800000,326538460000,215937140000,655506640000,0,0,654101940000,484160000,106832790000,0,378297010000,0,32719960000,587757780000,0,1138251260000,24209780000,0,6340395000,0,169100000,0,0,0,0
"Australia",0,0,0,0,0,10680000,0,0,0,39160000,0,3560000,0,0,0,0,0,0,0,0,0,0,0,0,0,0,0,0,197580000,0,0,5340000,0,0,0,0,0,0,0,0,0,0,0,0,0,0,0,0,0,0,0,156640000,0,0,5340000,0,0,0,0,231400000,0,0,5340000,0,0,0,10680000,0,0,0,0,93295000,0,0,0,0,7260000,0,0,0,46280000,19965000,0,0,0,4048145000,0,0,0,1815000,0,2466435000,5340000,0,0,0,0,0,0,0,0,0,0,1655435000,0,0,0,0,0,0,0,0,0,0,0,0,0,0,238210000,0,10890000,1888715000,0,0,0,0,21360000,0,0,1482755000,0,0,298730000,0,0,0,0,0,0,0,0,0,0,0,0,0,0,0,0,0,0,0,0,5340000,0,92630000,0,0,0,0,0,0,5340000,0,275385000,0,1815000,0,3560000,0,16020000,0,0,930940000,0,0,347555000,0,23140000,0,1780000,0,0,27225000,0,0,0,0,0,0,0,0,0,0,0
"Austria",0,0,0,0,0,1780000,0,0,0,0,0,0,0,0,0,0,0,0,0,0,0,804560000,0,0,0,0,0,0,0,0,51620000,0,0,0,0,0,0,0,0,0,0,8123920000,0,0,0,0,0,0,0,0,0,0,19965000,21090610000,0,0,16020000,0,0,113088685000,91580000,0,0,3560000,0,0,0,0,0,0,0,0,31957215000,949225000,0,0,0,0,0,1359920000,0,1148277130000,0,12460000,0,1345680000,30855000,0,0,0,0,0,0,0,0,0,0,0,0,0,0,0,0,0,0,0,0,0,0,0,0,0,0,1780000,0,0,3079215000,0,0,0,0,0,0,0,0,0,0,0,7515895000,0,0,0,0,9113855000,0,0,0,0,0,0,701200000,0,11078720000,0,0,0,0,0,0,0,0,20749165000,11945860000,0,0,5495000,41495000,0,0,0,305260000,10813500000,0,1780000,0,0,0,0,0,0,0,0,0,0,0,0,292105000,6785360000,59250000,0,0,5340000,0,0,0,0,0,0,859740000,0,96120000,0,0,0,0
"Bahamas",0,0,0,0,0,0,0,0,0,0,0,0,0,0,0,0,0,0,0,0,0,0,0,0,0,0,0,0,0,0,0,0,0,0,0,0,0,0,0,0,0,0,0,0,0,0,0,0,0,0,0,0,0,0,0,0,0,0,0,0,0,0,0,0,0,0,0,0,0,4420000,0,0,0,0,0,0,0,0,0,0,0,0,0,0,0,0,0,0,0,0,0,0,0,0,0,0,0,0,0,0,0,0,0,0,0,0,0,0,0,0,0,0,0,0,0,0,0,0,0,0,0,0,0,0,0,0,0,0,0,0,0,0,0,0,0,0,0,0,0,0,0,0,0,0,0,0,0,0,0,0,0,0,0,0,0,0,0,0,0,0,0,0,0,0,0,0,0,0,0,0,0,0,0,0,0,0,0,0,0,0,0,0,0,0,0,0,0,0,0,0,0,0,0,0,0
"Bahrain",0,0,0,0,0,0,0,0,0,0,0,0,0,0,0,0,0,0,0,0,0,0,0,0,0,0,0,0,0,0,0,0,0,0,0,0,0,0,0,0,0,0,0,0,0,0,0,0,0,0,0,0,0,0,0,0,0,0,0,0,0,0,0,0,0,0,0,0,0,0,0,0,0,0,0,0,0,0,0,0,0,0,0,0,0,0,0,0,0,0,0,0,0,0,0,0,0,0,0,0,0,0,0,0,0,0,0,0,0,0,0,0,0,0,0,0,0,0,0,0,0,0,0,0,0,0,0,0,0,0,0,0,0,0,0,0,0,0,4420000,0,0,0,0,0,0,0,0,314440000,0,0,0,0,0,0,0,0,0,0,0,0,0,0,0,0,0,0,0,0,0,0,0,0,0,12460000,0,0,0,0,0,0,0,0,0,0,0,0,0,0,0,0,0,0,0,0,0
"Barbados",0,0,0,0,14520000,0,0,0,0,0,0,0,0,0,0,0,0,0,0,0,0,0,0,0,0,1815000,0,0,0,0,0,0,0,0,0,0,0,0,0,0,0,0,0,0,0,0,0,0,0,0,0,0,0,0,0,0,0,0,0,0,0,0,0,0,0,110500000,0,0,1036365000,0,0,0,0,0,0,0,0,0,0,0,0,0,0,0,869385000,0,0,0,0,0,0,0,0,0,0,0,0,0,0,0,0,0,0,0,0,0,0,0,0,0,0,0,0,0,0,0,0,0,0,0,0,0,0,0,0,0,0,0,0,0,0,0,0,0,0,0,0,0,0,0,0,0,0,37765000,0,0,0,0,0,0,0,0,0,0,0,0,0,0,0,0,0,0,0,0,0,0,0,0,0,9075000,0,0,0,0,0,0,0,0,41745000,0,0,0,0,0,0,0,0,0,0,0,0,0,0,0,0
"Bangladesh",0,0,0,0,0,0,0,0,0,0,0,0,0,0,0,0,0,0,0,0,0,0,0,0,0,0,0,0,0,0,0,0,0,0,0,0,0,0,0,0,0,0,0,0,0,0,0,0,0,0,0,0,0,0,0,0,0,0,0,0,0,0,0,0,0,0,0,0,0,0,0,0,0,0,0,0,0,0,0,0,0,0,0,0,0,0,0,0,0,0,0,0,0,0,0,0,0,0,0,0,0,0,0,53400000,0,0,0,0,0,0,0,0,0,0,0,0,0,0,0,0,0,0,0,0,0,0,0,0,0,0,0,0,0,0,0,0,0,0,0,0,0,0,0,0,0,0,0,0,0,0,0,0,0,0,0,0,0,0,0,0,0,0,0,0,0,0,0,0,0,0,0,0,0,181220000,0,0,0,0,0,0,0,0,0,0,0,0,0,0,0,0,0,0,0,0,0
"Bermuda",0,0,0,0,0,0,0,0,0,0,0,0,0,0,0,0,0,0,0,0,0,0,0,0,0,0,0,0,0,0,0,0,0,0,0,0,0,0,0,0,0,0,0,0,0,0,0,0,0,0,0,0,0,0,0,0,0,0,0,0,0,0,0,0,0,0,0,0,0,0,0,0,0,0,0,0,0,0,0,0,0,0,0,0,0,0,0,0,0,0,0,0,0,0,0,0,0,0,0,0,0,0,0,0,0,0,0,0,0,0,0,0,0,0,0,0,0,0,0,0,0,0,0,0,0,0,0,0,0,0,0,0,0,0,0,0,0,0,0,0,0,0,0,0,0,0,0,0,0,0,0,0,0,0,0,0,0,0,0,0,0,0,0,0,0,0,0,0,0,0,0,0,0,0,0,0,0,0,0,0,0,0,0,0,0,0,0,0,0,0,0,0,0,0,0
"Bhutan",0,0,0,0,0,0,0,0,0,0,0,0,0,0,0,0,0,0,0,0,0,0,0,0,0,0,0,0,0,0,0,0,0,0,0,0,0,0,0,0,0,0,0,0,0,0,0,0,0,0,0,0,0,0,0,0,0,0,0,0,0,0,0,0,0,0,0,0,0,0,0,0,0,0,0,0,0,0,0,0,0,0,0,0,0,0,0,0,0,0,0,0,0,0,0,0,0,0,0,0,0,0,0,0,0,0,0,0,0,0,0,0,0,0,0,0,0,0,0,0,0,0,0,0,0,0,0,0,0,0,0,0,0,0,0,0,0,0,0,0,0,0,0,0,0,0,0,0,0,0,0,0,0,0,0,0,0,0,0,0,0,0,0,0,0,0,0,0,0,0,0,0,0,0,0,0,0,0,0,0,0,0,0,0,0,0,0,0,0,0,0,0,0,0,0
"Bolivia (Plurinational State of)",0,0,0,0,0,661570000,12670000,0,0,0,0,0,0,0,0,0,235905000,0,0,0,0,0,0,0,0,7260000,0,0,0,0,11196330000,0,180620000,0,0,0,0,0,0,0,0,0,0,0,0,115700000,0,0,0,0,0,0,0,0,0,0,0,0,0,27225000,0,0,0,0,0,0,0,0,0,0,0,0,0,0,0,0,0,0,0,0,1815000,1815000,0,0,0,3595000,0,0,0,0,0,0,0,0,0,0,0,0,0,0,0,0,0,5445000,0,0,0,0,0,0,0,0,0,0,0,0,127050000,0,0,0,0,0,0,0,0,0,0,0,0,0,258100000,79733460000,0,0,0,0,0,0,0,0,0,0,0,0,0,0,0,0,0,0,0,0,0,0,0,0,159330000,0,0,0,0,1815000,0,0,0,0,0,0,0,0,0,0,0,0,0,0,9075000,0,128860000,0,0,0,0,0,0,0,0,0,0,0,0,0,0,0,0
"Botswana",0,0,0,0,0,0,0,0,0,0,0,0,0,0,0,0,0,0,0,0,0,0,0,0,0,0,0,0,0,0,0,0,0,0,0,0,0,0,0,0,0,0,0,0,0,0,0,0,0,0,0,0,0,0,0,0,0,0,0,0,0,0,0,0,0,0,0,0,0,0,0,0,0,0,0,0,0,0,0,0,0,0,0,0,0,0,0,0,0,0,0,0,0,0,0,0,0,0,0,0,0,0,0,0,0,0,0,0,0,0,0,0,0,0,0,0,0,0,0,0,0,0,0,0,0,0,0,0,0,0,0,0,0,0,0,0,0,0,0,0,0,0,0,0,0,0,0,0,0,0,0,0,0,0,0,907355000,0,0,0,0,0,0,0,0,0,0,0,0,0,0,0,0,0,0,0,0,0,0,0,0,0,0,0,0,0,0,0,0,0,0,0,0,0,0,0
"Brazil",0,0,32040000,0,8840000,1705240000,0,0,0,0,0,0,0,0,3716640000,0,0,0,8900000,0,0,2.937e+10,0,0,0,3630000,437690000,0,0,0,18679930000,0,27652300000,0,0,0,0,0,85206700000,0,0,103788240000,0,0,0,2621940000,735075000,0,0,0,0,0,0,888714540000,0,0,4.9283e+10,0,0,802025560000,0,0,0,269147420000,0,0,74415000,0,6455820000,0,0,0,0,0,0,0,0,7999546060000,0,389829140000,240940960000,1027759145000,0,0,0,96667870000,59770620000,0,0,0,237297660000,2598923555000,0,0,0,0,0,0,4.3966e+10,0,0,0,0,0,0,0,42404940000,0,0,4465100000,0,2.21e+09,6.3546e+10,0,0,0,1371276505000,0,0,0,0,1.3706e+10,0,0,0,0,0,10785000,0,0,30088855000,4510700000,0,0,1530084180000,0,0,0,0,0,381236840000,0,4.539e+10,0,0,0,0,189096520000,0,0,0,0,26457920000,0,0,25292020000,6576139325000,0,0,0,0,8622390000,0,0,0,26726700000,0,0,0,0,0,18033600000,86649680000,60694440000,0,0,365248080000,0,6019940000,0,7560095000,0,18130395000,0,0,0,0,0,762308140000,16300000,0,0,0,0,0
"Aruba",0,0,0,0,0,0,0,0,0,0,0,0,0,0,0,0,0,0,0,0,0,0,0,0,0,0,0,0,0,0,0,0,0,0,0,0,0,0,0,0,0,0,0,0,0,0,0,0,0,0,0,0,0,0,0,0,0,0,0,0,0,0,0,0,0,0,0,0,0,0,0,0,0,0,0,0,0,0,0,0,0,0,0,0,0,0,0,0,0,0,0,0,0,0,0,0,0,0,0,0,0,0,0,0,0,0,0,0,0,0,0,0,0,0,0,0,0,0,0,0,0,0,0,0,0,0,0,0,0,0,0,0,0,0,0,0,0,0,0,0,0,0,0,0,0,0,0,0,0,0,0,0,0,0,0,0,0,0,0,0,0,0,0,0,0,0,0,0,0,0,0,0,0,0,0,0,0,0,0,0,0,0,0,0,0,0,0,0,0,0,0,0,0,0,0
"Belize",0,0,0,0,0,0,0,0,0,0,0,0,0,0,0,0,0,0,0,0,0,0,0,0,0,0,0,0,0,0,0,0,0,0,0,0,0,0,0,0,0,0,0,0,0,0,0,3.56e+08,0,0,0,0,0,0,0,0,0,0,0,0,0,0,0,0,0,0,1824500000,0,0,0,0,0,0,0,0,0,0,0,0,0,0,0,0,0,0,0,0,0,0,0,0,0,0,0,0,0,0,0,0,0,0,0,0,0,0,0,0,0,0,0,0,0,0,0,0,0,0,0,0,0,0,0,0,0,0,0,0,0,0,0,0,0,0,0,0,0,0,0,0,0,0,0,0,0,0,0,0,0,0,0,0,0,0,0,0,0,0,0,0,0,0,0,0,0,0,0,0,0,0,0,0,0,0,0,0,0,0,0,0,0,0,0,0,0,0,0,0,0,0,0,0,0,0,0,0
"Solomon Islands",0,0,0,0,0,0,0,0,0,0,0,0,0,0,0,0,0,0,0,0,0,0,0,0,0,0,0,0,0,0,0,0,0,0,0,0,0,0,0,0,0,0,0,0,0,0,0,0,0,0,0,0,0,0,0,0,0,0,0,0,0,0,0,0,0,0,0,0,0,0,0,0,0,0,0,0,0,0,0,0,0,0,0,0,0,0,0,0,0,0,0,0,0,0,0,0,0,0,0,0,0,0,0,0,0,0,0,0,0,0,0,0,0,0,0,0,0,0,0,0,0,0,0,0,0,0,0,0,0,0,0,0,0,0,0,0,0,0,0,0,0,0,0,0,0,0,0,0,0,0,0,0,0,0,0,0,0,0,0,0,0,0,0,0,0,0,0,0,0,0,0,0,0,0,0,0,0,0,0,0,0,0,0,0,0,0,0,0,0,0,0,0,0,0,0
"Brunei Darussalam",0,0,0,0,0,0,0,0,0,0,0,0,0,0,0,0,0,0,0,0,0,0,0,0,0,0,0,0,0,0,0,0,0,0,0,0,0,0,0,0,0,0,0,0,0,0,0,0,0,0,0,0,0,0,0,0,0,0,0,0,0,0,0,0,0,0,0,0,0,0,0,0,0,0,0,0,0,0,0,0,0,0,0,0,0,0,0,0,0,0,0,0,0,0,0,0,0,0,0,0,0,0,0,0,0,0,0,0,0,0,0,0,0,0,0,0,0,0,0,0,0,0,0,0,0,0,0,0,0,0,0,0,0,0,0,0,0,0,0,0,0,0,0,0,0,0,0,0,0,0,0,0,0,0,0,0,0,0,0,0,0,0,0,0,0,0,0,0,0,0,0,0,0,0,0,0,0,0,0,0,0,0,0,0,0,0,0,0,0,0,0,0,0,0,0
"Bulgaria",0,0,10522290000,12091540000,0,0,0,0,0,0,0,0,0,0,0,0,0,0,0,0,0,0,0,0,5.34e+09,1815000,0,0,0,0,0,0,0,0,0,0,0,0,81548670000,0,0,0,0,0,0,0,0,0,0,0,0,0,0,78320000,0,0,0,0,0,0,0,0,0,168039050000,0,0,0,0,0,0,0,0,144180000,0,0,0,0,0,0,0,0,22726960000,0,0,0,0,0,0,0,0,0,0,0,0,0,15843780000,0,0,0,0,0,0,0,0,0,0,0,0,0,0,0,0,0,0,0,0,0,0,0,17368370000,0,0,0,0,0,0,0,0,0,0,0,0,0,49840000,4.094e+10,0,0,0,0,0,53237830000,0,0,0,0,0,0,0,0,0,0,0,12460000,0,0,0,140208820000,0,0,0,0,0,97533320000,0,0,0,0,0,0,0,0,25623100000,198312380000,0,0,0,23140000,0,1815000,0,0,0,0,0,0,0,0,0,772110000,0,0,0,0,0,0
"Myanmar",0,0,0,0,0,0,0,0,0,0,0,0,0,0,0,0,0,0,0,0,0,0,0,0,0,0,0,0,0,0,0,0,0,0,0,0,0,0,0,0,0,0,0,0,0,0,0,0,0,0,0,0,0,0,0,0,0,0,0,0,0,0,0,0,0,0,0,0,0,0,0,0,0,0,0,0,0,0,0,0,0,0,0,0,0,0,0,0,0,0,0,0,0,0,0,0,0,0,0,0,0,0,0,0,0,0,0,0,0,0,0,0,0,0,0,0,0,0,0,0,0,0,0,0,0,0,0,0,0,0,0,0,0,0,0,0,0,0,0,0,0,0,0,0,0,0,0,0,0,0,0,0,0,0,0,0,0,0,0,0,0,0,0,0,0,0,0,0,0,0,0,0,0,0,0,0,0,0,0,0,0,0,0,0,0,0,0,0,0,0,0,0,0,0,0
"Burundi",0,0,0,0,0,0,0,0,0,0,0,0,0,0,0,0,0,0,0,0,0,0,0,0,0,0,0,0,0,0,0,0,0,0,0,0,0,0,0,0,0,0,0,0,0,0,0,0,0,0,0,0,0,0,0,0,0,0,0,0,0,0,0,0,0,0,0,0,0,0,0,0,0,0,0,0,0,0,0,0,0,0,0,0,0,0,0,0,0,0,0,0,0,0,0,0,0,0,0,0,0,0,0,0,0,0,0,0,0,0,0,0,0,0,0,0,0,0,0,0,0,0,0,0,0,0,0,0,0,0,0,0,0,0,0,0,0,0,0,0,0,0,0,0,0,0,0,0,0,0,0,0,0,0,0,0,0,0,0,0,0,0,0,0,0,0,0,0,0,0,0,0,0,0,0,0,0,0,0,0,0,0,0,0,0,0,0,0,0,0,0,0,0,0,0
"Cameroon",0,0,0,0,0,0,0,0,0,0,0,0,0,0,0,0,0,0,0,0,0,0,0,0,0,0,0,0,0,0,0,0,0,0,0,0,0,0,0,0,0,0,0,0,0,0,0,0,0,0,0,0,0,0,0,0,0,0,0,0,0,0,0,0,0,0,0,0,0,0,0,0,0,0,0,0,0,0,0,0,0,0,0,0,0,0,0,0,0,0,0,0,0,0,0,0,0,0,0,0,0,0,0,0,0,0,0,0,0,0,0,0,0,0,0,0,0,0,0,0,0,0,0,0,0,0,0,0,0,0,0,0,0,0,0,0,0,0,0,0,0,0,0,0,0,0,0,0,0,0,0,0,0,0,0,0,0,0,0,0,0,0,0,0,0,0,0,0,0,0,0,0,0,0,0,0,0,0,0,0,0,0,0,0,0,0,0,0,0,0,0,0,0,0,0
"Canada",0,3630000,0,38910800000,1780000,0,0,8349980000,0,0,6235000,0,0,0,0,0,0,0,0,0,0,0,0,0,0,0,0,0,0,0,32720000,16020000,3560000,0,0,0,40940000,0,0,0,0,154860000,247780000,1780000,0,0,16020000,0,0,0,0,0,0,382700000,0,0,0,0,0,94340000,0,16335000,0,0,0,504090000,0,0,0,13745000,0,3595000,0,0,39523120000,0,0,705353480000,0,3828780000,8049900000,18150000,10680000,0,2195470000,8027820000,10680000,0,2764595000,0,0,0,0,0,0,1670760000,0,0,0,0,0,0,0,3730000,0,0,0,0,0,0,0,50861720000,0,0,0,0,5340000,0,0,0,0,3730000,0,0,0,0,35600000,0,0,0,0,0,415635000,0,0,0,0,0,0,0,0,0,0,19650000,21535000,123210000,0,197580000,0,0,0,0,0,0,0,41030000,80100000,39825000,0,0,0,2419395000,0,0,139755000,0,54450000,0,0,759140000,7.12e+09,0,47190000,0,0,0,919530000,425420000,810036875000,0,0,0,0,5445000,0,0,0,0,322225000,0,0,0,0,0,0
"Cape Verde",0,0,0,0,0,0,0,0,0,0,0,0,0,0,0,0,0,0,0,0,0,0,0,0,0,0,0,0,0,0,0,0,0,0,0,0,0,0,0,0,0,0,0,0,0,0,0,0,0,0,0,0,0,0,0,0,0,0,0,0,0,0,0,0,0,0,0,0,0,0,0,0,0,0,0,0,0,0,0,0,0,0,0,0,0,0,0,0,0,0,0,0,0,0,0,0,0,0,0,0,0,0,0,0,0,0,0,0,0,0,0,0,0,0,0,0,0,0,0,0,0,0,0,0,0,0,0,0,0,0,0,0,0,0,0,0,0,0,0,0,0,0,0,0,0,0,0,0,0,0,0,0,0,0,0,0,0,0,0,0,0,0,0,0,0,0,0,0,0,0,0,0,0,0,0,0,0,0,0,0,0,0,0,0,0,0,0,0,0,0,0,0,0,0,0
"Central African Republic",0,0,0,0,0,0,0,0,0,0,0,0,0,0,0,0,0,0,0,0,0,0,0,0,0,0,0,0,0,0,0,0,0,0,0,0,0,0,0,0,0,0,0,0,0,0,0,0,0,0,0,0,0,0,0,0,0,0,0,0,0,0,0,0,0,0,0,0,0,0,0,0,0,0,0,0,0,0,0,0,0,0,0,0,0,0,0,0,0,0,0,0,0,0,0,0,0,0,0,0,0,0,0,0,0,0,0,0,0,0,0,0,0,0,0,0,0,0,0,0,0,0,0,0,0,0,0,0,0,0,0,0,0,0,0,0,0,0,0,0,0,0,0,0,0,0,0,0,0,0,0,0,0,0,0,0,0,0,0,0,0,0,0,0,0,0,0,0,0,0,0,0,0,0,0,0,0,0,0,0,0,0,0,0,0,0,0,0,0,0,0,0,0,0,0
"Sri Lanka",0,0,0,0,0,0,0,0,0,0,0,0,0,0,0,0,0,0,0,0,0,0,0,0,0,0,0,0,0,0,0,0,0,0,0,0,0,0,0,0,0,0,0,0,0,0,0,0,0,0,0,0,0,0,0,0,0,0,0,0,0,0,0,0,0,0,0,0,0,0,0,0,0,0,0,0,0,0,0,0,0,0,0,0,0,0,0,0,0,0,0,0,0,0,0,0,0,0,0,0,0,0,0,0,0,0,0,0,0,0,0,0,0,0,0,0,0,0,0,0,0,0,0,0,0,0,0,0,0,0,0,0,0,0,0,0,0,0,0,0,0,0,0,0,0,0,0,0,0,0,0,0,0,0,0,0,0,0,0,0,0,0,0,0,0,0,0,0,0,0,0,0,0,0,0,0,0,0,0,0,0,0,0,0,0,0,0,0,0,0,0,0,0,0,0
"Chad",0,0,0,0,0,0,0,0,0,0,0,0,0,0,0,0,0,0,0,0,0,0,0,0,0,0,0,0,0,0,0,0,0,0,0,0,0,0,0,0,0,0,0,0,0,0,0,0,0,0,0,0,0,0,0,0,0,0,0,0,0,0,0,0,0,0,0,0,0,0,0,0,0,0,0,0,0,0,0,0,0,0,0,0,0,0,0,0,0,0,0,0,0,0,0,0,0,0,0,0,0,0,0,0,0,0,0,0,0,0,0,0,0,0,0,0,0,0,0,0,0,0,0,0,0,0,0,0,0,0,0,0,0,0,0,0,0,0,0,0,0,0,0,0,0,0,0,0,0,0,0,0,0,0,0,0,0,0,0,0,0,0,0,0,0,0,0,0,0,0,0,0,0,0,0,0,0,0,0,0,0,0,0,0,0,0,0,0,0,0,0,0,0,0,0
"Chile",0,0,0,0,0,101460000,9075000,64080000,0,0,0,0,0,0,0,0,0,0,0,0,0,80100000,0,0,0,569600000,0,0,0,0,0,3560000,613470000,0,0,0,0,0,0,0,0,0,0,0,0,809900000,0,122820000,0,0,0,0,12460000,28606380000,0,0,0,0,0,7285540000,0,0,0,0,0,0,72980000,0,0,0,879320000,0,669280000,0,0,0,0,0,0,0,0,3166620000,0,0,0,341760000,37380000,0,0,0,0,17800000,0,0,0,0,0,0,0,0,0,0,0,49840000,0,0,0,0,0,0,0,0,0,0,0,0,1577080000,0,0,0,0,1780000,0,0,0,0,1326100000,8900000,0,0,0,4134500000,0,0,0,0,0,0,0,0,1780000,0,0,0,0,0,0,10680000,0,0,0,0,0,0,0,5340000,128160000,0,0,0,0,62300000,3560000,0,10680000,0,0,0,0,0,0,0,1780000,0,0,0,0,0,211316260000,0,3560000,0,16908540000,0,0,0,0,0,0,0,1780000,0,0,0,0
"China (mainland)",0,0,0,0,0,0,1.1253e+10,0,0,0,0,213600000,0,0,0,0,0,0,0,0,0,0,154860000,0,0,40872570000,0,0,381760000,0,0,0,0,0,148830000,0,0,0,0,0,0,0,0,0,0,0,24386230000,0,0,0,0,0,0,8840000,0,0,0,0,0,35600000,0,0,0,928200000,0,0,0,0,1815000,0,0,52817545000,0,76230000,0,0,676846660000,245286860000,0,0,0,0,0,0,0,2041768255000,18304460000,0,0,0,165725120000,9266620430000,755820000,0,0,0,0,0,0,0,1467440000,0,0,1624978660000,0,0,0,0,0,0,254100000,0,0,0,0,0,933080000,0,0,0,0,76230000,0,8.9e+08,196020000,0,26700000,0,0,0,0,0,110984155000,1.089e+09,0,0,0,0,0,0,0,0,587720000,0,0,0,0,166090575000,0,5.696e+09,0,0,0,57356205000,0,609840000,0,0,0,0,1.068e+09,4959080000,928200000,0,8900000,0,172380000,4339920000,0,0,45671860000,15593760000,111706660000,161935540000,0,0,5681640000,0,2222640000,0,0,0,0,174413680000,0,185640000,235950000,0,111900000,0,0,0,0,0,0
"Colombia",0,0,0,0,0,0,14485000,0,0,0,0,0,0,0,0,0,0,0,0,0,0,0,0,0,0,132495000,0,0,0,0,39930000,0,0,0,0,0,32670000,0,0,0,0,0,0,299475000,0,4553905000,0,0,0,0,0,0,0,39930000,0,0,0,0,0,10855000,0,0,0,0,0,0,17800000,0,0,0,0,0,0,0,0,0,0,0,0,0,0,159720000,0,0,0,1815000,0,0,0,0,0,0,0,0,0,0,0,0,0,0,0,0,0,0,0,0,0,0,0,208960000,0,0,0,0,0,0,279510000,0,0,0,0,0,0,0,0,0,0,827820000,0,0,0,637240000,0,0,951060000,0,0,0,0,0,0,0,0,0,0,0,0,0,0,0,0,0,0,0,0,0,3178900000,0,0,0,39930000,7260000,0,0,0,0,0,0,0,1587985000,0,0,0,0,0,0,290330000,0,8604945000,0,0,0,43959975000,0,0,0,0,0,1815000,0,0,0,0,0,0
"Comoros",0,0,0,0,0,0,0,0,0,0,0,0,0,0,0,0,0,0,0,0,0,0,0,0,0,0,0,0,0,0,0,0,0,0,0,0,0,0,0,0,0,0,0,0,0,0,0,0,0,0,0,0,0,0,0,0,0,0,0,0,0,0,0,0,0,0,0,0,0,0,0,0,0,0,0,0,0,0,0,0,0,0,0,0,0,0,0,0,0,0,0,0,0,0,0,0,0,0,0,0,0,0,0,0,0,0,0,0,0,0,0,0,0,0,0,0,0,0,0,0,0,0,0,0,0,0,0,0,0,0,0,0,0,0,0,0,0,0,0,0,0,0,0,0,0,0,0,0,0,0,0,0,0,0,0,0,0,0,0,0,0,0,0,0,0,0,0,0,0,0,0,0,0,0,0,0,0,0,0,0,0,0,0,0,0,0,0,0,0,0,0,0,0,0,0
"Congo",0,0,0,0,0,0,0,0,0,0,0,0,0,0,0,0,0,0,0,0,0,0,0,0,0,0,0,0,0,0,0,0,0,0,0,0,0,0,0,0,0,0,0,0,0,0,0,0,0,0,0,0,0,0,0,0,0,0,0,0,0,0,0,0,0,0,0,0,0,0,0,0,0,0,0,0,0,0,0,0,0,0,0,0,0,0,0,0,0,0,0,0,0,0,0,0,0,0,0,0,0,0,0,0,0,0,0,0,0,0,0,0,0,0,0,0,0,0,0,0,0,0,0,0,0,0,0,0,0,0,0,0,0,0,0,0,0,0,0,0,0,0,0,0,0,0,0,0,0,0,0,0,0,0,0,0,0,0,0,0,0,0,0,0,0,0,0,0,0,0,0,0,0,0,0,0,0,0,0,0,0,0,0,0,0,0,0,0,0,0,0,0,0,0,0
"Cook Islands",0,0,0,0,0,0,0,0,0,0,0,0,0,0,0,0,0,0,0,0,0,0,0,0,0,0,0,0,0,0,0,0,0,0,0,0,0,0,0,0,0,0,0,0,0,0,0,0,0,0,0,0,0,0,0,0,0,0,0,0,0,0,0,0,0,0,0,0,0,0,0,0,0,0,0,0,0,0,0,0,0,0,0,0,0,0,0,0,0,0,0,0,0,0,0,0,0,0,0,0,0,0,0,0,0,0,0,0,0,0,0,0,0,0,0,0,0,0,0,0,0,0,0,0,0,0,0,0,0,0,0,0,0,0,0,0,0,0,0,0,0,0,0,0,0,0,0,0,0,0,0,0,0,0,0,0,0,0,0,0,0,0,0,0,0,0,0,0,0,0,0,0,0,0,0,0,0,0,0,0,0,0,0,0,0,0,0,0,0,0,0,0,0,0,0
"Costa Rica",0,0,0,0,0,0,0,0,0,0,0,0,0,0,0,0,0,0,0,0,0,0,0,0,0,0,0,0,0,0,0,0,0,0,0,0,0,0,0,0,0,0,0,92565000,0,0,0,615880000,0,0,0,0,0,0,0,0,0,0,0,0,0,0,0,0,0,0,480975000,0,0,0,23573865000,0,0,0,0,0,0,0,0,0,0,0,0,0,0,0,0,0,0,0,0,0,0,0,0,0,0,0,0,0,0,0,0,0,0,0,0,0,0,0,0,0,0,0,0,0,0,0,0,0,0,0,47471520000,0,0,0,0,218675000,0,0,0,0,0,0,0,0,0,0,0,0,0,0,0,0,0,0,0,0,0,0,0,0,0,0,0,0,0,0,0,0,0,0,0,0,0,0,0,0,0,0,0,0,0,0,0,0,0,0,0,0,0,0,0,0,0,0,0,0,0,0,0,0,0,0,0
"Cuba",0,0,0,0,0,0,0,0,0,0,0,0,0,0,0,0,0,0,0,0,0,0,0,0,0,0,0,0,0,0,0,0,0,0,0,0,0,0,0,0,0,0,0,0,0,0,0,0,0,0,0,0,0,0,0,0,0,0,0,0,0,0,0,0,0,0,0,0,0,0,0,0,0,0,0,0,0,0,0,0,0,0,0,0,0,0,0,0,0,0,0,0,0,0,0,0,0,0,0,0,0,0,0,0,0,0,0,0,0,0,0,0,0,0,0,0,0,0,0,0,0,0,0,0,0,0,0,0,0,0,0,0,0,0,0,0,0,0,0,0,0,0,0,0,0,0,0,0,0,0,0,0,0,0,0,0,0,0,0,0,0,0,0,0,0,0,0,0,0,0,0,0,0,0,0,0,0,0,0,0,0,0,0,0,0,0,0,0,0,0,0,0,0,0,0
"Cyprus",1591200000,0,0,0,0,0,0,0,0,0,0,13260000,0,0,0,0,0,0,0,0,0,0,0,0,0,0,0,0,0,0,0,0,0,0,0,0,0,0,0,0,0,0,0,0,0,0,0,0,0,0,0,0,0,0,0,0,393380000,0,0,0,0,0,0,450840000,0,0,0,0,0,0,0,0,0,0,0,0,0,0,0,0,870740000,0,0,0,0,0,0,0,1815000,0,0,0,0,0,0,0,0,0,0,0,0,0,0,0,0,0,30940000,0,0,0,0,0,0,0,0,0,0,0,0,0,0,0,0,0,0,0,0,0,0,0,0,0,0,0,0,0,0,0,0,0,0,0,0,0,0,0,0,0,0,0,0,0,0,0,0,0,0,0,0,0,0,0,0,0,0,0,0,0,0,0,0,0,0,0,0,0,94635000,0,0,0,0,0,0,0,0,0,0,0,0,0,0,0,0,0,61880000
"Azerbaijan",0,0,0,0,0,0,0,0,0,0,0,0,0,0,0,0,0,0,0,0,0,0,0,0,0,0,0,0,0,0,0,0,0,0,0,0,0,0,0,0,0,0,0,0,0,0,0,0,0,0,0,0,0,0,0,0,2170220000,0,0,0,0,0,0,0,0,0,0,0,0,0,0,0,0,0,0,0,0,0,0,0,0,0,0,30940000,0,0,0,0,0,0,0,0,0,0,0,0,0,0,0,0,0,0,0,0,0,0,0,0,0,0,0,0,0,0,0,0,0,0,0,0,0,0,0,0,0,0,0,0,0,0,0,0,0,0,0,0,0,0,0,0,0,0,49539360000,0,0,0,0,0,0,0,0,0,0,0,0,0,0,0,0,0,0,0,0,0,0,0,0,0,0,0,0,0,0,0,0,0,0,0,0,0,0,0,0,0,0,0,0,0,0,0,0,0,0,0,0
"Benin",0,0,0,0,0,0,0,0,0,0,0,0,0,0,0,0,0,0,0,0,0,0,0,0,0,0,0,0,0,0,0,0,0,0,0,0,0,0,0,0,0,0,0,0,0,0,0,0,0,0,0,0,0,0,0,0,0,0,0,0,0,0,0,0,0,0,0,0,0,0,0,0,0,0,0,0,0,0,0,0,0,0,0,0,0,0,0,0,0,0,0,0,0,0,0,0,0,0,0,0,0,0,0,0,0,0,0,0,0,0,0,0,0,0,0,0,0,0,0,0,0,0,0,0,0,0,0,0,0,0,0,0,0,0,0,0,0,0,0,0,0,0,0,0,0,0,0,0,0,0,0,0,0,0,0,0,0,0,0,0,0,0,0,0,0,0,0,0,0,0,0,0,0,0,0,0,0,0,0,0,0,0,0,0,0,0,0,0,0,0,0,0,0,0,0
"Denmark",0,0,0,0,0,0,0,0,0,0,0,0,0,0,0,0,0,0,0,0,0,0,0,0,0,848640000,0,0,0,0,0,0,0,0,0,0,0,0,0,0,0,0,0,0,0,0,0,0,0,10680000,167600000,0,108580000,551800000,0,0,0,0,0,1932435000,0,0,0,0,0,0,0,0,0,0,0,0,5340000,0,1044860000,0,0,0,0,0,0,396940000,0,0,0,0,0,0,0,0,0,0,0,39840000,0,28480000,0,0,0,17800000,0,0,0,0,0,0,0,0,0,0,0,0,0,0,0,0,120980000,0,0,0,0,0,0,0,0,782285000,0,0,0,0,0,0,7898540000,103835000,0,0,0,0,0,0,0,0,0,0,0,0,0,0,0,0,0,0,0,0,0,0,0,0,0,0,680560000,0,0,0,0,0,0,0,0,0,0,0,0,0,0,0,14520000,0,0,0,0,0,0,0,0,0,0,0,0,0,0,0,0,0,0
"Dominica",0,0,0,0,0,0,0,0,0,0,0,0,0,0,0,0,0,0,0,0,0,0,0,0,0,0,0,0,0,0,0,0,0,0,0,0,0,0,0,0,0,0,0,0,0,0,0,0,0,0,0,0,0,0,0,0,0,0,0,0,0,0,0,0,0,0,0,0,0,0,0,0,0,0,0,0,0,0,0,0,0,0,0,0,0,0,0,0,0,0,0,0,0,0,0,0,0,0,0,0,0,0,0,0,0,0,0,0,0,0,0,0,0,0,0,0,0,0,0,0,0,0,0,0,0,0,0,0,0,0,0,0,0,0,0,0,0,0,0,0,0,0,0,0,0,0,0,0,0,0,0,0,0,0,0,0,0,0,0,0,0,0,0,0,0,0,0,0,0,0,0,0,0,0,0,0,0,0,0,0,0,0,0,0,0,0,0,0,0,0,0,0,0,0,0
"Dominican Republic",0,0,0,0,0,0,0,0,0,0,0,0,0,0,0,0,0,0,0,0,0,0,0,0,0,0,0,0,0,0,0,0,0,0,0,0,0,0,0,0,0,0,0,0,0,0,0,0,0,0,0,0,0,0,0,0,0,0,0,0,0,0,0,0,0,0,0,0,0,0,0,0,0,0,0,0,0,0,0,0,0,0,0,0,0,0,0,0,0,0,0,0,0,0,0,0,0,0,0,0,0,0,0,0,0,0,0,0,0,0,0,0,0,0,0,0,0,0,0,0,0,0,0,0,0,0,0,0,0,0,0,0,0,0,0,0,0,0,0,0,0,0,0,0,0,0,0,0,0,0,0,0,0,0,0,0,0,0,0,0,0,0,0,0,0,0,0,0,0,0,0,0,0,0,0,0,0,0,0,0,0,0,0,0,0,0,0,0,0,0,0,0,0,0,0
"Belarus",0,0,0,0,0,0,0,0,0,0,0,0,0,0,0,0,0,0,0,0,0,0,0,0,0,0,0,0,0,0,0,0,0,0,0,0,0,0,0,0,0,0,0,0,0,0,0,0,0,0,0,0,0,0,0,0,0,0,0,0,0,0,0,0,0,0,0,0,0,0,0,0,0,0,0,0,0,0,0,0,0,0,0,0,0,0,0,0,0,0,0,0,0,0,0,0,0,0,0,0,0,0,0,0,0,0,0,0,0,0,0,0,0,0,0,0,0,0,0,0,0,0,0,0,0,0,0,0,0,0,0,0,0,0,0,0,0,0,0,0,0,0,560000,0,0,0,0,0,0,0,0,0,0,0,0,0,0,0,0,0,0,0,0,0,0,0,0,0,0,0,0,0,0,0,0,0,0,0,0,0,0,0,0,0,0,0,0,0,0,0,0,0,0,0,0
"Ecuador",0,0,0,0,0,0,0,0,0,0,0,0,0,0,0,0,0,0,0,0,0,0,0,0,0,0,0,0,0,0,0,0,100549550000,0,0,0,0,0,0,0,0,0,0,0,0,0,0,0,0,0,0,0,0,23595000,0,0,0,0,0,0,0,0,0,0,0,0,0,0,0,0,0,0,0,0,0,0,0,0,0,0,0,19580000,0,0,0,0,0,0,0,0,0,0,0,0,0,0,0,0,0,0,0,0,0,0,0,0,0,0,0,1.068e+09,0,0,0,0,0,0,0,0,0,0,0,0,0,0,0,0,0,0,0,0,0,0,0,0,0,0,0,0,0,0,0,0,0,0,0,0,0,0,0,0,0,0,0,0,0,0,731825000,0,0,0,0,0,0,0,0,0,0,0,0,0,0,0,0,0,0,0,0,0,104010000,0,0,0,0,0,0,0,0,0,0,0,0,0,0,0,0
"Egypt",0,720900000,3250280000,75140000,0,0,26700000,121040000,0,0,0,0,0,0,0,0,0,0,0,0,0,0,0,0,0,0,0,0,0,0,0,0,0,0,0,0,0,0,0,0,0,0,0,0,0,0,0,0,0,0,0,0,39160000,1780000,0,0,0,0,0,1133860000,0,0,0,382100000,0,0,0,0,0,0,0,0,0,0,0,0,0,0,44500000,75140000,356820000,3630000,0,0,0,0,6368180000,0,3560000,0,0,0,254980000,0,0,280240000,0,0,1.209e+09,0,0,0,0,0,0,0,480600000,0,0,0,0,0,0,0,0,0,966540000,0,0,0,0,0,0,0,0,23140000,364900000,0,0,0,0,0,0,39160000,1840520000,0,0,0,0,0,0,0,35600000,0,0,0,0,614360000,0,0,0,0,0,0,0,0,0,0,0,0,40940000,76540000,1193400000,0,0,0,0,0,0,0,0,0,72980000,1053760000,0,0,3300120000,0,0,0,0,0,0,0,0,0,0,0,2547180000,0,0,0,0,0,1012470000
"El Salvador",0,0,0,0,0,0,0,0,0,0,0,0,0,0,0,0,0,0,0,0,0,0,0,0,0,0,0,0,0,0,0,0,0,0,0,0,2931205000,0,0,0,0,0,0,0,0,0,0,0,0,0,0,0,0,41745000,0,0,0,0,0,0,0,0,0,0,0,0,109668075000,0,0,0,158450780000,0,0,0,0,0,0,0,0,0,0,0,0,0,0,0,0,0,0,0,0,0,0,0,0,0,0,0,0,0,0,0,0,0,0,0,0,0,0,0,0,0,0,0,0,0,0,0,0,0,0,0,22412660000,0,0,0,0,0,0,0,0,0,0,0,0,0,0,0,0,0,0,0,0,0,0,0,0,0,0,0,0,0,0,0,0,0,0,0,0,0,0,0,0,0,0,0,0,0,0,0,0,0,0,0,0,0,0,0,208130000,0,0,0,0,0,0,0,0,0,0,0,0,0,0,0,0
"Equatorial Guinea",0,0,0,0,0,0,0,0,0,0,0,0,0,0,0,0,0,0,0,0,0,0,0,0,0,0,0,0,0,0,0,0,0,0,0,0,0,0,0,0,0,0,0,0,0,0,0,0,0,0,0,0,0,0,0,0,0,0,0,0,0,0,0,0,0,0,0,0,0,0,0,0,0,0,0,0,0,0,0,0,0,0,0,0,0,0,0,0,0,0,0,0,0,0,0,0,0,0,0,0,0,0,0,0,0,0,0,0,0,0,0,0,0,0,0,0,0,0,0,0,0,0,0,0,0,0,0,0,0,0,0,0,0,0,0,0,0,0,0,0,0,0,0,0,0,0,0,0,0,0,0,0,0,0,0,0,0,0,0,0,0,0,0,0,0,0,0,0,0,0,0,0,0,0,0,0,0,0,0,0,0,0,0,0,0,0,0,0,0,0,0,0,0,0,0
"Estonia",0,0,0,0,0,0,0,0,0,0,0,0,0,0,0,0,0,0,0,0,0,0,0,0,0,0,0,0,0,0,0,0,0,0,0,0,0,0,0,9075000,0,0,0,0,0,0,0,0,0,0,0,0,12705000,0,0,0,0,0,0,0,0,0,0,0,0,0,0,0,0,0,0,0,0,0,0,0,0,0,0,0,0,0,0,10890000,0,0,0,0,0,0,0,0,0,587320000,0,0,0,0,0,0,0,0,0,0,0,0,0,0,0,0,0,0,0,0,0,0,0,0,0,0,0,0,0,0,0,0,0,0,0,0,0,0,0,0,0,0,0,0,0,0,0,0,0,0,0,0,0,0,0,0,0,0,0,0,0,0,0,0,0,0,0,0,0,0,0,0,0,0,0,0,0,0,0,0,0,0,0,0,0,0,0,0,0,0,0,0,0,0,0,0,0,0,0,0,0
"Faroe Islands",0,0,0,0,0,0,0,0,0,0,0,0,0,0,0,0,0,0,0,0,0,0,0,0,0,0,0,0,0,0,0,0,0,0,0,0,0,0,0,0,0,0,0,0,0,0,0,0,0,0,0,0,0,0,0,0,0,0,0,0,0,0,0,0,0,0,0,0,0,0,0,0,0,0,0,0,0,0,0,0,0,0,0,0,0,0,0,0,0,0,0,0,0,0,0,0,0,0,0,0,0,0,0,0,0,0,0,0,0,0,0,0,0,0,0,0,0,0,0,0,0,0,0,0,0,0,0,0,0,0,0,0,0,0,0,0,0,0,0,0,0,0,0,0,0,0,0,0,0,0,0,0,0,0,0,0,0,0,0,0,0,0,0,0,0,0,0,0,0,0,0,0,0,0,0,0,0,0,0,0,0,0,0,0,0,0,0,0,0,0,0,0,0,0,0
"Fiji",0,0,0,0,0,0,0,0,0,0,0,0,0,0,0,0,0,0,0,0,0,0,0,0,0,0,0,0,0,0,0,0,0,0,0,0,0,0,0,0,0,0,0,0,0,0,0,0,0,0,0,0,0,0,0,0,0,0,0,0,0,0,0,0,0,0,0,0,0,0,0,0,0,0,0,0,0,0,0,0,0,0,0,0,0,0,0,0,0,0,0,0,0,0,0,0,0,0,0,0,0,0,0,0,0,0,0,0,0,0,0,0,0,0,0,0,0,0,0,0,0,0,0,0,0,0,0,0,0,0,0,0,0,0,0,0,0,0,0,0,0,0,0,0,0,0,0,0,0,0,0,0,0,0,0,0,0,0,0,0,0,0,0,0,0,0,0,0,9760000,0,0,0,0,0,0,0,0,0,0,0,0,0,0,0,0,0,0,0,0,0,0,0,0,0,0
"Finland",0,0,0,0,0,0,0,0,0,0,0,0,0,0,0,0,0,0,0,0,0,0,0,0,0,0,0,0,0,0,0,0,0,0,0,0,0,0,0,0,0,0,0,0,0,0,0,0,0,2145000,0,0,0,12705000,0,0,0,0,0,0,0,0,0,0,0,0,0,0,0,0,0,0,0,0,0,0,0,0,0,0,0,0,0,0,0,0,0,0,0,0,0,0,0,25410000,0,0,0,0,0,0,0,0,0,0,0,0,0,0,0,0,0,0,0,3560000,0,0,0,0,0,0,0,0,0,0,0,0,0,0,0,0,0,0,0,0,0,0,0,0,0,0,0,0,0,0,0,0,0,0,0,0,0,0,0,0,0,0,0,0,0,0,3630000,0,0,0,0,0,0,0,0,0,0,0,0,0,0,0,0,0,0,0,0,0,0,0,0,0,0,0,0,0,0,0,0,0,0
"France",0,0,1085800000,24292850000,0,12460000,5445000,11080400000,744150000,61880000,3074610000,0,0,0,0,0,0,0,0,0,0,2041660000,0,0,26092290000,286470000,0,0,0,17680000,765540000,237510000,0,0,14976675000,0,16776045000,0,1538160000,0,22100000,116909075000,0,0,2461740000,0,1981940000,0,0,4802520000,0,0,293020000,0,35360000,0,0,16095355000,0,1395041110000,7120000,137170000,0,92494490000,0,0,0,2729760000,0,0,0,4437675000,15051680000,428980000,1530560000,0,279510000,857960000,0,937967665000,2401160000,1015533605000,18401215000,0,0,18957060000,3911665000,0,0,1956570000,0,9923395000,200715000,687470000,0,5944990000,0,0,0,1962560000,0,682370000,0,16748820000,0,1485460000,61813085000,13600000,61880000,28480000,0,4510780000,0,183340000,0,0,3734819425000,0,112435000,5340000,0,94340000,0,244555000,5399625000,85238875000,601640000,119790000,6585775000,0,0,0,10828290000,26201600000,776723840000,0,0,0,30940000,0,3670360000,0,9038530000,0,990990000,0,998250000,4125460000,3185570000,0,0,815800000,2636180000,9506970000,0,28480000,6436836335000,0,0,0,24428745000,245990045000,358200000,10680000,5858820000,0,183315000,79560000,0,0,5390270000,4595920000,2981500000,946315000,0,0,2987051455000,11630070000,880615000,123760000,0,0,0,38115000,0,296140000,0,0,2008407780000,21026640000,959420000,0,0,0,0
"French Polynesia",0,0,0,0,0,0,0,0,0,0,0,0,0,0,0,0,0,0,0,0,0,0,0,0,0,0,0,0,0,0,0,0,0,0,0,0,0,0,0,0,0,0,0,0,0,0,0,0,0,0,0,0,0,0,0,0,0,0,0,0,0,0,0,0,0,0,0,0,0,0,0,0,0,0,0,0,0,0,0,0,0,0,0,0,0,0,0,0,0,0,0,0,0,0,0,0,0,0,0,0,0,0,0,0,0,0,0,0,0,0,0,0,0,0,0,0,0,0,0,0,0,0,0,0,0,0,0,0,0,0,0,0,0,0,0,0,0,0,0,0,0,0,0,0,0,0,0,0,0,0,0,0,0,0,0,0,0,0,0,0,0,0,0,0,0,0,0,0,0,0,0,0,0,0,0,0,0,0,0,0,0,0,0,0,0,0,0,0,0,0,0,0,0,0,0
"Djibouti",0,0,0,0,0,0,0,0,0,0,0,0,0,0,0,0,0,0,0,0,0,0,0,0,0,0,0,0,0,0,0,0,0,0,0,0,0,0,0,0,0,0,0,0,0,0,0,0,0,0,0,0,0,0,0,0,0,0,0,0,0,0,0,0,0,0,0,0,0,0,0,0,0,0,0,0,0,0,0,0,0,0,0,0,0,0,0,0,0,0,0,0,0,0,0,0,0,0,0,0,0,0,0,0,0,0,0,0,0,0,0,0,0,0,0,0,0,0,0,0,0,0,0,0,0,0,0,0,0,0,0,0,0,0,0,0,0,0,0,0,0,0,0,0,0,0,0,0,0,0,0,0,0,0,0,0,0,0,0,0,0,0,0,0,0,0,0,0,0,0,0,0,0,0,0,0,0,0,0,0,0,0,0,0,0,0,0,0,0,0,0,0,0,0,0
"Georgia",80689180000,0,0,0,0,0,0,0,0,0,0,0,0,0,0,0,0,0,0,0,0,0,0,0,0,0,0,0,0,0,0,0,0,0,0,0,0,0,0,0,0,0,0,0,0,0,0,0,0,0,0,0,0,0,0,0,0,0,0,0,0,0,0,0,0,0,0,0,0,0,0,0,0,0,0,0,0,0,0,0,0,0,0,0,0,0,0,0,0,0,0,0,0,0,0,0,0,0,0,0,0,0,0,0,0,0,0,0,0,0,0,0,0,0,0,0,0,0,0,0,0,0,0,0,0,0,0,0,0,0,0,0,0,0,0,0,0,0,0,0,0,0,0,0,0,0,0,0,0,0,0,0,0,0,0,0,0,0,0,0,0,0,0,0,0,0,0,0,0,0,0,0,0,0,0,0,0,5445000,0,0,0,0,0,0,0,0,0,0,0,0,0,0,0,0,0
"Gabon",0,0,0,0,0,0,0,0,0,0,0,0,0,0,0,0,0,0,0,0,0,0,0,0,0,0,0,0,0,0,0,0,0,0,0,0,0,0,0,0,0,0,0,0,0,0,0,0,0,0,0,0,0,0,0,0,0,0,0,0,0,0,0,0,0,0,0,0,0,0,0,0,0,0,0,0,0,0,0,0,0,0,0,0,0,0,0,0,0,0,0,0,0,0,0,0,0,0,0,0,0,0,0,0,0,0,0,0,0,0,0,0,0,0,0,0,0,0,0,0,0,0,0,0,0,0,0,0,0,0,0,0,0,0,0,0,0,0,0,0,0,0,0,0,0,0,0,0,0,0,0,0,0,0,0,0,0,0,0,0,0,0,0,0,0,0,0,0,0,0,0,0,0,0,0,0,0,0,0,0,0,0,0,0,0,0,0,0,0,0,0,0,0,0,0
"Gambia",0,0,0,0,0,0,0,0,0,0,0,0,0,0,0,0,0,0,0,0,0,0,0,0,0,0,0,0,0,0,0,0,0,0,0,0,0,0,0,0,0,0,0,0,0,0,0,0,0,0,0,0,0,0,0,0,0,0,0,0,0,0,0,0,0,0,0,0,0,0,0,0,0,0,0,0,0,0,0,0,0,0,0,0,0,0,0,0,0,0,0,0,0,0,0,0,0,0,0,0,0,0,0,0,0,0,0,0,0,0,0,0,0,0,0,0,0,0,0,0,0,0,0,0,0,0,0,0,0,0,0,0,0,0,0,0,0,0,0,0,0,0,0,0,0,0,0,0,0,0,0,0,0,0,0,0,0,0,0,0,0,0,0,0,0,0,0,0,0,0,0,0,0,0,0,0,0,0,0,0,0,0,0,0,0,0,0,0,0,0,0,0,0,0,0
"Germany",0,0,0,0,0,33820000,0,91546930000,0,0,0,0,0,0,4420000,0,290400000,0,0,0,0,3560000,0,0,0,17160000,0,0,0,0,137060000,103275000,0,0,5340000,0,0,44500000,5338220000,13260000,0,73927570000,0,0,3867940000,0,0,0,0,0,0,0,58740000,940408680000,0,0,4420000,0,0,0,0,23140000,0,2072835000,0,0,0,0,0,0,0,0,37926460000,170400000,7159160000,0,0,0,0,41212420000,0,110984385000,0,109020000,0,1880460000,0,0,0,0,0,0,0,90780000,0,0,0,0,0,617870000,0,0,0,0,0,0,1780000,0,0,0,0,0,0,16020000,0,0,1386986635000,0,0,58740000,0,0,0,8900000,0,676195000,0,0,2315430000,0,0,0,0,43459995000,15244140000,0,0,0,0,0,283020000,0,10992380000,0,0,0,0,7120000,0,0,0,0,854320000,0,0,0,37288965000,0,0,0,10330370000,52116485000,0,14240000,0,0,393855000,0,0,0,0,0,79090000,1815000,0,0,5883610000,298120000,43340000,0,0,0,0,0,0,0,0,0,41314310000,3576430000,28480000,0,0,0,0
"Bosnia and Herzegovina",0,0,0,0,0,0,5445000,1815000,0,0,0,0,0,0,0,0,0,0,0,0,0,0,0,0,0,9075000,0,0,0,0,0,0,0,0,0,0,0,0,0,0,0,0,0,0,0,0,0,0,0,0,0,0,0,0,0,0,0,0,0,10890000,0,0,0,0,0,0,0,0,0,0,0,0,0,370450000,0,0,0,0,0,0,0,0,0,0,0,0,0,0,0,0,0,0,0,0,0,0,0,0,0,0,0,0,0,0,0,0,0,0,0,0,0,0,0,0,0,0,12705000,0,0,54450000,0,0,0,0,0,0,0,0,23595000,0,0,0,0,0,0,0,0,0,0,0,0,0,0,0,0,0,0,0,0,0,0,143350000,0,0,0,0,0,0,0,0,43560000,14520000,0,0,0,0,0,0,0,0,0,0,320400000,0,0,0,3630000,0,50820000,0,0,0,0,0,0,0,0,0,0,0,966475000,14520000,0,0,0
"Ghana",0,0,0,0,0,0,1815000,0,0,0,0,0,0,0,0,0,0,0,0,0,0,0,0,0,0,9075000,0,0,0,0,0,0,0,0,0,0,0,0,0,0,0,0,0,0,0,0,0,0,0,0,0,0,0,0,0,0,0,0,0,90680000,0,0,0,0,0,0,0,0,0,0,0,0,0,0,0,0,0,0,0,0,0,0,249200000,0,0,0,0,0,0,0,0,0,0,0,0,0,0,0,0,0,0,0,0,0,0,0,0,0,0,0,0,0,0,0,0,0,30645000,0,0,0,0,0,0,0,0,0,0,0,0,0,0,0,0,0,0,0,0,0,0,0,0,0,0,0,0,0,0,0,0,0,0,0,0,0,0,0,1815000,0,0,0,0,7260000,0,0,0,0,0,0,0,0,0,0,0,0,0,0,678180000,0,215985000,2.1182e+10,0,0,0,0,0,0,0,0,204850000,0,0,0,0,0,0
"Kiribati",0,0,0,0,0,0,0,0,0,0,0,0,0,0,0,0,0,0,0,0,0,0,0,0,0,0,0,0,0,0,0,0,0,0,0,0,0,0,0,0,0,0,0,0,0,0,0,0,0,0,0,0,0,0,0,0,0,0,0,0,0,0,0,0,0,0,0,0,0,0,0,0,0,0,0,0,0,0,0,0,0,0,0,0,0,0,0,0,0,0,0,0,0,0,0,0,0,0,0,0,0,0,0,0,0,0,0,0,0,0,0,0,0,0,0,0,0,0,0,0,0,0,0,0,0,0,0,0,0,0,0,0,0,0,0,0,0,0,0,0,0,0,0,0,0,0,0,0,0,0,0,0,0,0,0,0,0,0,0,0,0,0,0,0,0,0,0,0,0,0,0,0,0,0,0,0,0,0,0,0,0,0,0,0,0,0,0,0,0,0,0,0,0,0,0
"Greece",0,0,1810130000,0,0,0,0,7840000,0,0,0,0,0,0,0,0,0,0,0,0,0,33260110000,0,0,0,0,0,0,0,0,0,0,22100000,0,0,0,0,0,18673750000,0,0,14520000,0,0,0,0,0,0,0,0,0,0,0,3447860000,0,0,5206500000,0,0,115700000,3560000,0,0,0,0,0,0,0,0,0,0,0,2616600000,0,0,0,0,39780000,0,0,0,27325665000,0,0,0,0,0,0,0,0,0,0,3631200000,0,0,0,0,0,0,0,0,0,0,0,0,0,0,0,0,0,0,0,0,0,0,0,2625500000,0,0,15310835000,0,0,0,0,0,0,0,0,0,0,0,0,0,0,0,0,0,0,0,0,3132135000,0,30940000,0,0,0,0,1780000,0,0,0,0,0,0,0,0,26800000,0,0,0,0,0,7120000,0,0,0,0,0,0,0,0,0,0,0,0,0,398940000,0,0,0,0,0,0,0,0,0,0,0,207340000,0,35360000,0,0,0,0
"Greenland",0,0,0,0,0,0,0,0,0,0,0,0,0,0,0,0,0,0,0,0,0,0,0,0,0,0,0,0,0,0,0,0,0,0,0,0,0,0,0,0,0,0,0,0,0,0,0,0,0,0,0,0,0,0,0,0,0,0,0,0,0,0,0,0,0,0,0,0,0,0,0,0,0,0,0,0,0,0,0,0,0,0,0,0,0,0,0,0,0,0,0,0,0,0,0,0,0,0,0,0,0,0,0,0,0,0,0,0,0,0,0,0,0,0,0,0,0,0,0,0,0,0,0,0,0,0,0,0,0,0,0,0,0,0,0,0,0,0,0,0,0,0,0,0,0,0,0,0,0,0,0,0,0,0,0,0,0,0,0,0,0,0,0,0,0,0,0,0,0,0,0,0,0,0,0,0,0,0,0,0,0,0,0,0,0,0,0,0,0,0,0,0,0,0,0
"Grenada",0,0,0,0,0,0,0,0,0,0,0,0,0,0,0,0,0,0,0,0,0,0,0,0,0,0,0,0,0,0,0,0,0,0,0,0,0,0,0,0,0,0,0,0,0,0,0,0,0,0,0,0,0,0,0,0,0,0,0,0,0,0,0,0,0,0,0,0,0,0,0,0,0,0,0,0,0,0,0,0,0,0,0,0,0,0,0,0,0,0,0,0,0,0,0,0,0,0,0,0,0,0,0,0,0,0,0,0,0,0,0,0,0,0,0,0,0,0,0,0,0,0,0,0,0,0,0,0,0,0,0,0,0,0,0,0,0,0,0,0,0,0,0,0,0,0,0,0,0,0,0,0,0,0,0,0,0,0,0,0,0,0,0,0,0,0,0,0,0,0,0,0,0,0,0,0,0,0,0,0,0,0,0,0,0,0,0,0,0,0,0,0,0,0,0
"Guatemala",0,0,0,0,0,0,0,0,0,0,0,0,0,0,0,0,0,0,893220000,0,0,0,0,0,0,0,0,0,0,0,0,0,172660000,0,0,0,242150000,0,0,0,0,0,0,0,0,0,0,18044920000,0,0,0,0,0,0,0,0,0,0,0,0,0,0,0,0,0,0,0,0,0,3630000,65749465000,0,0,0,0,0,0,0,0,0,0,0,0,0,0,0,0,0,0,0,0,0,0,0,0,0,0,0,0,0,0,0,0,0,0,0,0,0,0,1646500000,0,0,0,0,0,0,0,0,0,0,0,0,1432105000,0,0,0,0,1.049e+09,0,0,0,0,0,0,0,0,0,0,0,0,0,0,0,0,0,0,0,0,0,0,0,0,0,0,0,0,0,0,0,0,0,0,0,0,0,0,0,0,0,0,0,0,0,0,0,0,0,0,27120000,0,0,0,1240660000,0,0,0,0,0,0,0,0,0,0,0,0
"Guinea",0,0,0,0,0,0,0,0,0,0,0,0,0,0,0,0,0,0,0,0,0,0,0,0,0,0,0,0,0,0,0,0,0,0,0,0,0,0,0,0,0,0,0,0,0,0,0,0,0,0,0,0,0,0,0,0,0,0,0,0,0,0,0,0,0,0,0,0,0,0,0,0,0,0,0,0,0,0,0,0,0,0,0,0,0,0,0,0,0,0,0,0,0,0,0,0,0,0,0,0,0,0,0,0,0,0,0,0,0,0,0,0,0,0,0,0,0,0,0,0,0,0,0,0,0,0,0,0,0,0,0,0,0,0,0,0,0,0,0,0,0,0,0,0,0,0,0,0,0,0,0,0,0,0,0,0,0,0,0,0,0,0,0,0,0,0,0,0,0,0,0,0,0,0,0,0,0,0,0,0,0,0,0,0,0,0,0,0,0,0,0,0,0,0,0
"Guyana",0,0,0,0,1815000,0,0,0,0,0,0,0,0,0,0,0,16335000,0,0,0,0,0,0,0,0,15960000,0,0,0,0,0,0,0,0,0,0,0,0,0,0,0,0,0,0,0,0,0,0,0,0,0,0,0,0,0,0,0,0,0,0,0,0,0,0,0,0,0,0,0,0,0,0,0,0,0,0,0,0,0,0,0,0,0,0,0,0,0,0,0,0,0,0,0,0,0,0,0,0,0,0,0,0,0,0,0,0,0,0,0,0,0,0,0,0,0,0,0,0,0,0,0,0,0,0,0,0,0,0,0,0,0,0,0,0,0,0,0,0,0,0,0,0,0,0,0,0,0,0,0,0,0,0,0,0,0,0,0,1815000,0,0,0,0,0,0,0,0,0,0,0,0,0,0,0,0,0,0,0,0,12705000,0,0,0,0,0,0,0,0,0,0,0,0,0,0,0,0
"Haiti",0,0,0,0,0,0,0,0,0,0,0,0,0,0,0,0,0,0,0,0,0,0,0,0,0,0,0,0,0,0,0,0,0,0,0,0,0,0,0,0,0,0,0,0,0,0,0,0,0,0,0,0,0,0,0,0,0,0,0,0,0,0,0,0,0,0,0,0,0,0,0,0,0,0,0,0,0,0,0,0,0,0,0,0,0,0,0,0,0,0,0,0,0,0,0,0,0,0,0,0,0,0,0,0,0,0,0,0,0,0,0,0,0,0,0,0,0,0,0,0,0,0,0,0,0,0,0,0,0,0,0,0,0,0,0,0,0,0,0,0,0,0,0,0,0,0,0,0,0,0,0,0,0,0,0,0,0,0,0,0,0,0,0,0,0,0,0,0,0,0,0,0,0,0,0,0,0,0,0,0,0,0,0,0,0,0,0,0,0,0,0,0,0,0,0
"Honduras",0,0,0,0,0,26700000,0,0,0,0,0,0,0,0,0,0,0,0,0,0,0,0,0,0,0,0,0,0,0,0,0,0,0,0,0,0,519360000,0,0,0,0,0,0,0,0,0,0,8400740000,0,0,0,0,0,8840000,0,0,0,0,0,0,0,0,0,0,0,0,3945480000,0,0,0,0,0,0,0,0,0,0,0,0,0,0,0,0,0,0,0,0,0,0,0,0,0,0,0,0,0,0,0,0,0,0,0,0,0,0,0,0,0,0,665120000,0,0,0,0,0,0,5040000,0,0,0,0,0,1.21e+09,0,0,0,0,0,0,0,0,0,0,0,0,0,0,0,0,0,0,0,0,0,0,0,0,0,0,0,0,0,0,0,0,0,0,0,0,0,0,0,0,0,0,0,0,0,0,0,0,0,0,0,0,0,4200000,0,33220000,0,0,0,0,0,0,0,0,0,1120000,0,0,0,0,0,0
"Hong Kong SAR, China",0,0,0,0,0,0,190060000,0,0,0,0,0,0,0,0,0,0,0,0,0,0,0,0,0,0,377370000,0,0,0,0,0,6765215000,0,0,0,0,0,0,0,0,0,0,0,0,0,0,0,0,0,0,0,0,0,0,0,0,0,0,0,0,0,0,0,0,0,0,0,0,0,0,0,0,0,0,0,0,101660000,0,0,0,0,0,0,0,0,19580000,0,0,0,0,0,0,0,0,0,0,0,0,0,0,1976715000,0,0,214275000,0,0,0,0,0,0,0,0,0,0,0,0,7260000,0,0,0,0,66300000,0,0,0,0,0,0,0,0,0,0,10680000,0,0,0,0,0,0,0,0,0,0,0,0,0,0,0,0,0,0,0,0,0,0,5445000,0,0,0,0,0,0,0,0,0,0,0,0,0,0,0,0,0,0,0,0,38115000,0,335365000,0,0,0,0,0,0,0,0,0,0,0,0,0,0,0,0
"Hungary",0,0,2443940000,0,0,0,0,692135205000,0,0,0,0,0,0,0,0,0,0,0,0,0,167864680000,0,0,0,0,0,0,0,0,347100000,0,0,0,0,0,0,0,92531520000,0,0,105900000,0,0,1985280000,0,0,0,0,41670100000,0,0,0,362484540000,0,0,0,0,0,1517704900000,54253960000,0,0,1138110160000,0,0,0,0,0,0,0,0,0,163527490000,0,0,0,71200000,0,0,0,3632716560000,0,3560000,0,0,12460000,0,0,0,0,0,0,9917360000,0,167200000,0,0,0,69770180000,5340000,0,0,0,0,0,52273260000,0,0,0,0,0,0,304380000,0,0,2056369920000,0,0,18600020000,0,0,0,0,0,0,254540000,0,30074160000,0,0,0,0,554156600000,626560000,0,0,0,0,0,961785360000,0,60972260000,0,0,0,0,0,0,0,0,533446420000,148917575000,0,0,0,467392020000,0,0,0,141680000,29639800000,0,0,0,0,0,0,0,0,0,0,108263160000,0,0,0,3871500000,31965120000,427200000,0,0,0,0,0,0,0,0,0,43417760000,0,858700000,117480000,0,0,0
"Croatia",0,0,941620000,0,0,0,0,2934500000,0,0,0,0,0,0,0,0,0,0,0,0,0,729800000,0,0,0,0,0,0,0,0,0,0,0,0,0,0,0,0,5179800000,0,0,0,0,0,516200000,0,0,0,0,0,0,0,0,1112675000,0,0,0,0,0,561015000,28714050000,35600000,0,4982220000,0,0,0,0,0,0,0,0,1504100000,0,0,0,0,1692780000,0,0,0,176483440000,0,0,0,0,0,0,0,0,0,0,0,0,0,0,0,0,0,0,0,0,0,0,0,0,0,0,0,0,0,0,0,0,0,0,3630000,0,0,209030000,0,0,0,0,0,0,0,0,0,0,0,0,0,0,39807920000,0,0,0,0,0,140620000,0,0,0,0,0,0,0,0,0,0,3864380000,0,0,0,0,65386520000,0,0,0,0,0,0,24920000,0,0,0,0,0,0,0,0,10701360000,0,0,0,0,174440000,14520000,0,0,0,0,0,0,0,0,0,0,0,793915000,0,0,0,0
"Iceland",0,0,0,0,0,0,0,0,0,0,0,0,0,0,0,0,0,0,0,0,0,0,0,0,0,0,0,0,0,0,0,0,0,0,0,0,0,0,0,0,0,0,0,0,0,0,0,0,0,0,0,0,0,0,0,0,0,0,0,0,0,0,0,0,0,0,0,0,0,0,0,0,0,0,0,0,0,0,0,0,0,0,0,0,0,0,0,0,0,0,0,0,0,0,0,0,0,0,0,0,0,0,0,0,0,0,0,0,0,0,0,0,0,0,0,0,24920000,0,0,0,0,0,0,0,0,0,0,0,0,0,0,0,0,0,0,0,0,0,0,0,0,0,0,0,0,0,0,0,0,0,0,0,0,0,0,0,0,0,0,0,0,0,0,0,0,0,0,0,0,0,0,0,0,0,0,0,0,0,0,0,0,0,0,0,0,0,0,0,0,0,0,0,0,0,0
"India",39160000,0,0,0,0,0,2849500000,0,0,210835000,0,910823965000,0,519540000,0,0,0,0,0,0,206480000,1.78e+08,0,0,0,130565000,0,0,277591900000,0,0,4592655000,1780000,0,402280000,0,0,0,1.246e+10,0,0,0,0,0,0,0,0,0,0,0,0,19965000,0,10655000,0,0,0,0,0,9275000,0,105270000,0,1142760000,0,0,0,0,0,0,0,11880000,0,0,0,0,274361335000,0,22386865000,0,0,196535000,0,0,0,3124180000,118867095000,0,36095000,0,0,510269040000,11613500000,0,0,0,0,0,0,0,0,0,0,2316628365000,32040000,0,1308300000,0,14920000,0,0,0,1815000,0,0,131194590000,420255000,0,0,0,0,38670000,0,17680000,0,0,47574060000,0,0,0,0,0,25395345000,0,10060820000,0,0,6331460000,6504515000,127050000,0,0,0,0,0,0,0,11865255000,0,19966260000,0,0,0,46095260000,4.45e+08,43525000,184250000,0,0,0,0,1.78e+08,22100000,196020000,471882300000,75530000,10876995000,0,0,0,36724470000,0,0,206302340000,233180000,0,661385000,27225000,1962750000,0,0,0,0,412853940000,0,149335375000,0,0,5595000,0,0,0,0,0,0
"Indonesia",0,0,0,0,0,0,0,0,0,0,0,0,0,0,0,0,0,0,0,0,0,0,0,0,0,0,0,0,0,0,0,1780000,0,0,0,0,0,0,0,0,0,0,0,0,0,0,0,0,0,0,0,0,0,0,0,0,0,0,0,0,0,0,0,0,0,0,0,0,0,0,0,270560000,0,0,0,2.21e+09,0,0,0,0,0,0,0,0,0,21922480000,0,0,0,0,0,183340000,0,0,0,0,0,0,0,0,0,0,0,107325885000,0,0,0,0,0,0,0,0,0,0,0,0,0,0,0,0,0,0,0,0,0,0,0,0,0,0,0,0,88404895000,0,0,0,0,0,0,0,0,0,0,0,0,0,0,0,0,0,0,0,0,6687460000,0,22100000,0,0,0,0,0,0,0,0,863300000,0,10620000,0,17680000,0,0,0,0,0,0,0,0,0,0,0,0,0,0,5877560000,0,0,0,0,0,0,0,0,0,0,0
"Iran (Islamic Republic of)",0,0,0,0,0,0,0,0,0,0,0,0,0,0,0,0,0,0,0,0,0,0,0,0,0,0,0,0,0,0,0,0,0,0,0,0,0,0,0,0,0,0,0,0,0,0,0,0,0,0,0,0,0,0,0,0,0,0,0,0,0,0,0,0,0,0,0,0,0,0,0,0,0,0,0,0,0,0,0,0,0,0,0,0,0,0,0,0,0,0,0,0,0,0,0,0,0,0,0,0,0,0,0,0,0,0,0,0,0,0,0,0,0,0,0,0,0,0,0,0,0,0,0,0,0,0,0,0,0,0,0,0,0,0,0,0,0,0,0,0,0,0,0,0,0,0,0,0,0,0,0,0,0,0,0,0,0,0,0,0,0,0,0,0,0,0,0,0,0,0,0,0,0,0,0,0,0,0,0,0,0,0,0,0,0,0,0,0,0,0,0,0,0,0,0
"Iraq",0,0,0,0,0,0,0,0,0,0,0,0,0,0,0,0,0,0,0,0,0,0,0,0,0,0,0,0,0,0,0,0,0,0,0,0,0,0,0,0,0,0,0,0,0,0,0,0,0,0,0,0,0,0,0,0,0,0,0,0,0,0,0,0,0,0,0,0,0,0,0,0,0,0,0,0,0,0,0,0,0,0,0,0,0,0,0,0,0,0,0,0,0,0,0,0,0,0,0,0,0,0,0,0,0,0,0,0,0,0,0,0,0,0,0,0,0,0,0,0,0,0,0,0,0,0,0,0,0,0,0,0,0,0,0,0,0,0,0,0,0,0,0,0,0,0,0,0,0,0,0,0,0,0,0,0,0,0,0,0,0,0,0,0,0,0,0,0,0,0,0,0,0,0,0,0,0,0,0,0,0,0,0,0,0,0,0,0,0,0,0,0,0,0,0
"Ireland",0,0,0,0,0,0,3730000,0,0,0,0,0,0,0,0,0,0,0,0,0,0,0,0,0,0,0,0,0,0,0,0,0,0,0,0,0,0,0,0,0,0,0,0,0,0,0,0,0,0,0,0,0,0,353715000,0,0,0,0,0,24245000,0,0,0,0,0,0,0,0,0,0,0,0,0,0,0,0,0,0,0,0,55950000,0,0,0,0,0,0,0,0,0,0,0,0,0,0,0,0,0,0,0,0,0,0,0,0,0,0,0,0,0,0,0,0,0,0,0,0,0,0,0,0,0,0,0,0,0,0,0,0,0,0,0,0,0,0,0,0,0,0,0,0,0,0,0,0,0,0,0,0,0,0,0,0,0,0,0,3730000,0,0,0,0,0,0,0,0,0,0,0,0,0,0,0,0,0,0,0,18281530000,0,0,0,0,0,0,0,0,0,0,0,0,0,0,0,0,0,0
"Israel",0,0,0,0,0,0,0,0,0,0,0,0,0,0,0,0,0,0,0,0,0,0,0,0,0,3730000,0,0,0,0,0,0,0,0,0,0,0,0,19880000,0,0,2240000,0,0,0,0,0,0,0,0,0,0,71120000,54880000,0,0,0,0,0,163520000,0,0,0,31920000,0,0,0,0,0,0,0,0,0,0,0,0,0,0,0,0,0,45640000,0,0,0,0,1247780000,0,0,0,0,0,0,0,0,0,0,0,0,0,0,0,0,0,0,0,0,0,0,0,0,0,0,0,0,0,360360000,0,0,0,0,0,0,0,0,5880000,0,0,0,0,0,0,0,0,0,0,0,0,0,0,0,0,7280000,0,0,0,0,0,0,0,0,0,0,0,0,0,279160000,0,0,0,9520000,8400000,0,0,0,0,0,0,0,0,0,0,1520970000,0,0,0,709600000,0,9554065000,0,0,0,0,0,0,0,0,0,9800000,0,0,0,0,0,0
"Italy",225420000,0,3103730000,6993195000,0,0,362465000,22293530000,0,707850000,57460000,905685000,0,0,0,0,108900000,0,0,0,0,301980000,0,0,0,278185000,2295975000,14986455000,0,11897325000,72980000,1815000,0,0,0,0,110500000,1597200000,28825215000,0,375705000,16062725000,0,9075000,75080000,0,76798095000,0,8840000,52250000,0,0,50820000,57759535000,0,39930000,8720660000,79860000,0,141602830000,2353790000,1205160000,0,122996330000,0,0,7260000,0,0,0,0,38115000,1207670000,6867130000,0,31965000,4420000,3384395000,312180000,32670000,74052530000,0,749595000,0,0,166780000,18480330000,0,0,1796850000,0,1296085000,2270565000,336945000,14240000,13294175000,0,0,723965000,53040000,0,0,0,114345000,3560000,0,1346625000,0,1815000,27225000,0,54170000,0,0,0,0,50317565000,0,0,614025000,0,94380000,0,0,17800000,344415000,823555000,840000,510930000,17680000,0,0,0,3868535000,537775000,0,0,3630000,17680000,0,5112115000,0,1269880000,0,22100000,4420000,3.63e+08,9711610000,5.97e+08,0,0,11430435000,713020000,24150000,0,3657950000,17980490000,0,0,0,8663535000,17619955000,13204395000,0,0,215515000,0,292215000,0,0,0,854565000,9590920000,2208855000,8840000,0,40322440000,3630000,3183195000,4091010000,0,8840000,29040000,0,122740000,14374800000,16309590000,0,6531195000,141890000,616125000,28570000,0,0,0
"Cote dIvoire",0,0,0,0,0,0,0,0,0,0,0,0,0,0,0,0,0,0,0,0,0,0,0,0,0,0,0,0,0,0,0,0,0,0,7120000,0,0,0,0,0,0,0,0,0,0,0,0,0,0,0,0,0,0,65305000,0,0,0,32040000,0,0,0,0,0,0,0,0,0,0,0,0,0,0,0,0,0,0,0,0,0,0,0,1815000,0,0,0,0,0,0,0,0,0,0,0,0,0,0,0,0,0,0,0,0,0,0,0,560700000,0,0,0,0,0,0,0,0,0,0,0,0,0,0,0,0,0,654700000,0,0,0,0,0,0,0,0,0,0,0,0,0,0,0,0,0,0,0,0,0,0,0,0,0,0,0,0,0,0,0,0,0,0,0,0,0,0,0,0,0,0,0,0,0,0,0,0,0,0,0,0,1815000,0,1815000,1542910000,0,0,0,0,0,0,0,0,0,0,0,0,0,0,0
"Kazakhstan",0,0,0,0,0,0,0,0,0,0,0,0,0,0,0,0,0,0,0,0,0,0,0,0,0,0,0,0,0,0,0,0,0,0,0,0,0,0,0,0,0,0,0,0,0,0,0,0,0,0,0,0,0,0,0,0,0,0,0,0,0,0,0,0,0,0,0,0,0,0,0,0,0,0,0,0,0,7.12e+09,0,0,0,0,0,0,0,0,0,8419595000,0,0,0,0,0,0,0,0,0,0,0,0,0,0,0,0,0,0,0,0,0,0,0,0,0,0,0,0,0,0,0,0,0,0,0,0,0,0,0,0,0,0,0,0,0,0,0,0,0,0,0,0,0,0,16247840000,0,0,0,0,0,0,0,0,0,0,0,0,0,0,0,0,0,0,0,0,0,0,0,0,0,0,0,0,0,0,0,0,0,0,0,0,0,0,0,0,0,0,0,0,0,0,0,0,0,0,0,0
"Jamaica",0,0,0,0,0,0,0,0,0,0,0,0,0,0,0,0,0,0,0,0,0,0,0,0,0,0,0,0,0,0,0,0,0,0,0,0,0,0,0,0,0,0,0,0,0,0,0,0,0,16335000,0,0,0,0,0,0,0,0,0,0,0,0,0,0,0,0,0,0,0,0,0,0,0,0,0,0,0,0,0,0,0,0,0,0,0,0,0,0,0,0,0,0,0,0,0,0,0,0,0,0,0,0,0,0,0,0,0,0,0,0,0,0,0,0,0,0,0,0,0,0,0,0,0,0,0,0,0,0,0,0,0,0,0,0,0,0,0,0,0,0,0,0,0,0,0,0,0,0,0,0,0,0,0,0,0,0,0,0,0,0,0,0,0,0,0,0,0,0,0,0,0,0,0,0,0,0,0,0,0,0,0,0,0,0,0,0,0,0,0,0,0,0,0,0,0
"Japan",0,0,0,0,0,0,0,0,0,0,0,0,0,0,0,0,0,0,0,0,0,0,0,0,0,0,0,0,0,0,0,29290000,0,0,0,0,0,0,0,0,0,0,0,0,0,0,0,0,0,0,0,0,0,110715000,0,0,0,0,0,0,0,0,0,0,0,0,0,0,0,0,0,29220000,0,0,0,0,35360000,0,0,0,0,0,0,0,0,0,0,0,0,0,0,9324800000,0,0,0,0,0,0,0,0,0,0,0,16508700000,0,0,0,0,0,0,0,0,0,0,0,0,0,0,0,0,0,3630000,0,0,0,0,0,0,0,0,0,0,61880000,0,0,0,0,0,0,0,0,0,0,0,0,0,0,0,0,0,0,0,0,5145160000,0,0,0,0,0,0,0,0,0,0,16890000,0,33460000,0,0,0,0,0,0,0,0,0,0,0,200220000,0,0,0,0,10890000,0,0,0,0,0,0,0,0,0,0,0
"Jordan",0,0,0,0,0,0,0,0,0,0,0,0,0,0,0,0,0,0,0,0,0,0,0,0,0,0,0,0,0,0,0,0,0,0,0,0,0,0,0,0,0,0,0,0,0,0,0,0,0,0,0,0,0,0,0,0,0,0,0,0,0,0,0,0,0,0,0,0,0,0,0,0,0,0,0,0,0,0,14246360000,0,0,0,0,0,0,0,0,0,0,0,0,0,0,0,0,5600590000,0,0,0,0,0,0,0,0,0,0,0,0,0,0,0,0,0,0,0,0,0,0,0,0,0,0,0,0,0,0,0,0,0,0,0,0,0,0,0,0,0,0,280000,0,0,0,0,0,0,0,0,61880000,0,0,0,0,0,0,0,0,0,0,0,0,0,0,12584780000,0,0,0,0,0,0,0,0,0,0,0,0,0,0,0,0,0,0,0,0,0,0,0,0,0,0,0,0,0,0,0,521560000
"Kyrgyzstan",0,0,0,0,0,0,0,0,0,0,0,0,0,0,0,0,0,0,0,0,0,0,0,0,0,0,0,0,0,0,0,21780000,0,0,0,0,0,0,0,0,0,0,0,0,0,0,0,0,0,0,0,0,0,0,0,0,0,0,0,0,0,0,0,0,0,0,0,0,0,0,0,0,0,0,0,0,0,0,0,0,0,0,0,12705000,0,0,0,0,0,0,0,0,0,0,0,0,0,0,0,0,0,0,0,0,0,0,0,0,0,0,0,0,0,0,0,0,0,0,0,0,0,0,0,0,0,0,0,0,0,0,0,0,0,0,0,0,0,0,0,0,0,0,0,0,0,0,0,0,0,0,0,0,0,0,0,0,0,0,0,0,0,0,0,0,0,0,0,0,0,0,0,0,0,0,0,0,0,0,0,0,0,0,0,0,0,0,0,0,0,0,0,0,0,0,0
"Kenya",0,0,0,0,0,0,0,0,0,0,0,0,0,0,0,0,0,0,0,0,0,0,0,13260000,3560000,0,0,0,0,0,0,0,0,0,0,0,0,0,0,0,0,0,0,0,0,0,0,0,0,0,0,0,0,0,0,0,0,0,0,0,0,0,0,0,0,0,0,0,0,0,0,0,0,0,0,0,0,0,0,0,0,0,0,0,0,0,0,0,0,0,0,0,0,0,0,0,0,0,0,0,0,0,1780000,0,0,0,0,0,0,0,0,0,0,0,0,0,0,0,0,0,0,0,0,0,0,0,0,0,0,0,0,0,0,0,0,0,0,0,0,26700000,0,75260000,0,0,0,0,0,0,4420000,0,0,0,0,0,46503940000,0,0,0,0,0,0,0,0,0,0,2.6276e+10,0,0,0,0,0,0,0,0,4214965000,0,237065000,0,36493630000,0,0,0,0,0,0,0,753225000,13260000,0,0,0,0,0,0,0
"Cambodia",0,0,0,0,0,0,0,0,0,0,0,0,0,0,0,0,0,0,0,0,0,0,0,0,0,0,0,0,0,0,0,0,0,0,0,0,0,0,0,0,0,0,0,0,0,0,0,0,0,0,0,0,0,0,0,0,0,0,0,0,0,0,0,0,0,0,0,0,0,0,0,0,0,0,0,0,0,0,0,0,0,0,0,0,0,0,0,0,0,0,0,0,0,0,0,0,0,0,0,0,0,0,0,0,0,0,0,0,0,0,0,0,0,0,0,0,0,0,0,0,0,0,0,0,0,0,0,0,0,0,0,0,0,0,0,0,0,0,0,0,0,0,0,0,0,0,0,0,0,0,0,0,0,0,0,0,0,0,0,0,0,0,0,0,0,0,0,0,0,0,0,0,0,0,0,0,0,0,0,0,0,0,0,0,0,0,0,0,0,0,0,0,0,0,0
"Democratic People's Republic of Korea",0,0,0,0,0,0,0,0,0,0,0,0,0,0,0,0,0,0,0,0,0,0,0,0,0,0,0,0,0,0,0,0,0,0,0,0,0,0,0,0,0,0,0,0,0,0,0,0,0,0,0,0,0,0,0,0,0,0,0,0,0,0,0,0,0,0,0,0,0,0,0,0,0,0,0,0,0,0,0,0,0,0,0,0,0,0,0,0,0,0,0,0,0,0,0,0,0,0,0,0,0,0,0,0,0,0,0,0,0,0,0,0,0,0,0,0,0,0,0,0,0,0,0,0,0,0,0,0,0,0,0,0,0,0,0,0,0,0,0,0,0,0,0,0,0,0,0,0,0,0,0,0,0,0,0,0,0,0,0,0,0,0,0,0,0,0,0,0,0,0,0,0,0,0,0,0,0,0,0,0,0,0,0,0,0,0,0,0,0,0,0,0,0,0,0
"Republic of Korea",0,0,0,0,0,0,0,0,0,0,0,475530000,0,0,0,0,0,0,0,0,0,0,0,0,0,0,0,0,0,0,0,80730000,0,0,0,0,0,0,0,0,0,0,0,0,0,0,0,0,0,0,0,0,0,0,0,0,0,0,0,0,0,0,0,0,0,0,0,0,0,0,0,0,0,0,0,0,0,0,0,0,0,0,0,4420000,0,291175000,0,0,0,0,0,0,0,0,0,0,0,0,0,0,0,0,0,0,0,0,0,0,0,0,43520000,0,0,0,0,0,0,0,0,0,0,0,0,0,0,0,0,0,0,0,0,0,4420000,0,0,0,0,0,0,0,0,0,0,0,0,0,0,0,0,0,0,0,0,857480000,0,0,0,0,0,0,0,0,0,0,0,0,0,0,0,0,0,0,0,0,0,0,0,0,285950000,0,0,0,0,359135000,0,0,0,0,0,0,0,0,0,0,0
"Kuwait",0,0,0,0,0,0,0,0,0,0,0,0,0,0,0,0,0,0,0,0,0,0,0,0,0,0,0,0,0,0,0,0,0,0,0,0,0,0,0,0,0,0,0,0,0,0,0,0,0,0,0,0,0,0,0,0,0,0,0,0,0,0,0,0,0,0,0,0,0,0,0,0,0,0,0,0,0,0,0,0,0,0,0,0,0,0,0,0,0,0,0,0,0,0,0,0,0,0,0,0,0,0,0,0,0,0,0,0,0,0,0,0,0,0,0,0,0,0,0,0,0,0,0,0,0,0,0,0,0,0,0,0,0,0,0,0,0,0,0,0,0,0,0,0,0,0,0,0,0,0,0,0,0,0,0,0,0,0,0,0,0,0,0,0,0,0,0,0,0,0,0,0,0,0,0,0,0,0,0,0,0,0,0,0,0,0,0,0,0,0,0,0,0,0,0
"Latvia",0,0,0,0,0,0,0,0,0,0,0,0,0,0,0,0,0,0,0,0,0,0,0,0,0,0,0,0,0,0,0,0,0,0,0,0,0,0,0,0,0,0,0,0,0,0,0,0,0,792810000,0,0,83980000,8840000,0,0,0,0,0,10890000,0,0,0,0,0,0,0,0,0,0,0,0,0,0,0,0,0,0,0,3630000,0,0,0,0,0,0,0,0,0,0,0,0,0,0,0,0,0,0,0,559270000,0,0,0,0,0,0,0,0,0,0,0,0,0,0,0,0,0,0,0,0,0,0,0,0,0,0,0,0,0,0,0,0,0,0,0,0,0,0,0,0,0,0,23140000,0,0,0,0,0,0,0,0,0,0,0,0,0,0,0,0,0,0,0,0,0,0,0,0,0,0,0,0,0,0,0,0,0,1815000,0,0,0,0,0,0,0,0,0,0,0,0,0,0,0,0,0,0
"Lao People's Democratic Republic",0,0,0,0,0,0,0,0,0,0,0,0,0,0,0,0,0,0,0,0,0,0,0,0,0,0,0,0,0,0,0,0,0,0,0,0,0,0,0,0,0,0,0,0,0,0,0,0,0,0,0,0,0,0,0,0,0,0,0,0,0,0,0,0,0,0,0,0,0,0,0,0,0,0,0,0,0,0,0,0,0,0,0,0,0,0,0,0,0,0,0,0,0,0,0,0,0,0,0,0,0,0,0,0,0,0,0,0,0,0,0,0,0,0,0,0,0,0,0,0,0,0,0,0,0,0,0,0,0,0,0,0,0,0,0,0,0,0,0,0,0,0,0,0,0,0,0,0,0,0,0,0,0,0,0,0,0,0,0,0,0,0,0,0,0,0,0,0,0,0,0,0,0,0,0,0,0,0,0,0,0,0,0,0,0,0,0,0,0,0,0,0,0,0,0
"Lebanon",0,0,0,5340000,0,0,4420000,0,0,0,0,0,0,0,0,0,1815000,0,0,0,0,0,0,0,4420000,1815000,0,4420000,0,0,0,0,0,0,10620000,0,0,0,3.916e+09,0,4420000,0,0,0,0,0,44500000,0,0,0,0,0,0,4420000,0,0,0,7980000,4420000,0,0,26200000,0,0,0,0,0,4420000,0,0,0,0,0,0,0,0,0,0,827580000,0,0,1815000,51340000,0,0,0,4216575000,0,0,0,0,0,5445000,0,0,0,0,8050000,0,0,0,0,0,0,0,8840000,0,0,0,0,0,0,0,0,0,0,0,0,0,0,0,0,0,0,10655000,0,0,0,0,0,0,0,0,0,0,0,0,0,10750000,0,0,0,0,0,0,0,0,1069640000,0,0,6235000,0,0,0,0,0,0,0,0,0,7260000,0,0,0,0,0,0,0,0,0,0,0,0,3630000,0,0,1780000,0,10855000,3630000,0,0,3630000,0,0,0,0,0,0,0,0,0,0,0,0
"Lesotho",0,0,0,0,0,0,0,0,0,0,0,0,0,0,0,0,0,0,0,0,0,0,0,0,0,0,0,0,0,0,0,0,0,0,0,0,0,0,0,0,0,0,0,0,0,0,0,0,0,0,0,0,0,0,0,0,0,0,0,0,0,0,0,0,0,0,0,0,0,0,0,0,0,0,0,0,0,0,0,0,0,0,0,0,0,0,0,0,0,0,0,0,0,0,0,0,0,0,0,0,0,0,0,0,0,0,0,0,0,0,0,0,0,0,0,0,0,0,0,0,0,0,0,0,0,0,0,0,0,0,0,0,0,0,0,0,0,0,0,0,0,0,0,0,0,0,0,0,0,0,0,0,0,0,0,0,0,0,0,0,0,0,0,0,0,0,0,0,0,0,0,0,0,0,0,0,0,0,0,0,0,0,0,0,0,0,0,0,0,0,0,0,0,0,0
"Liberia",0,0,0,0,0,0,0,0,0,0,0,0,0,0,0,0,0,0,0,0,0,0,0,0,0,0,0,0,0,0,0,0,0,0,0,0,0,0,0,0,0,0,0,0,0,0,0,0,0,0,0,0,0,0,0,0,0,0,0,0,0,0,0,0,0,0,0,0,0,0,0,0,0,0,0,0,0,0,0,0,0,0,0,0,0,0,0,0,0,0,0,0,0,0,0,0,0,0,0,0,0,0,0,0,0,0,0,0,0,0,0,0,0,0,0,0,0,0,0,0,0,0,0,0,0,0,0,0,0,0,0,0,0,0,0,0,0,0,0,0,0,0,0,0,0,0,0,0,0,0,0,0,0,0,0,0,0,0,0,0,0,0,0,0,0,0,0,0,0,0,0,0,0,0,0,0,0,0,0,0,0,0,0,0,0,0,0,0,0,0,0,0,0,0,0
"Libya",0,0,0,0,0,0,0,0,0,0,0,0,0,0,0,0,0,0,0,0,0,0,0,0,0,0,0,0,0,0,0,0,0,0,0,0,0,0,0,0,0,0,0,0,0,0,0,0,0,0,0,0,0,0,0,0,0,0,0,0,0,0,0,0,0,0,0,0,0,0,0,0,0,0,0,0,0,0,0,0,0,0,0,0,0,0,0,0,0,0,0,0,0,0,0,0,0,0,0,0,0,0,0,0,0,0,0,0,0,0,0,0,0,0,0,0,0,0,0,0,0,0,0,0,0,0,0,0,0,0,0,0,0,0,0,0,0,0,0,0,0,0,0,0,0,0,0,0,0,0,0,0,0,0,0,0,0,0,0,0,0,0,0,0,0,0,0,0,0,0,0,0,0,0,0,0,0,0,0,0,0,0,0,0,0,0,0,0,0,0,0,0,0,0,0
"Lithuania",0,0,0,0,0,0,0,0,0,0,0,0,0,0,0,0,0,0,0,0,0,0,0,0,0,0,0,0,0,0,0,0,0,0,0,0,0,0,0,0,0,0,0,0,1117840000,0,0,0,0,15945740000,0,0,0,0,0,0,0,0,0,125445000,0,0,0,0,0,0,0,0,0,0,0,0,1780000,0,0,0,0,0,0,21780000,0,0,0,0,0,0,0,0,0,0,0,0,0,22359005000,0,0,0,0,0,0,0,0,0,0,0,0,0,0,0,0,0,0,0,0,0,0,0,0,0,0,0,0,0,0,0,0,0,0,0,0,0,0,0,1674980000,0,0,0,0,0,0,0,0,83180000,0,0,0,0,0,0,0,0,0,0,0,0,0,0,0,0,0,181220000,0,0,0,0,0,0,0,0,0,0,0,0,0,0,0,3595000,0,0,0,0,0,0,0,0,0,0,0,0,0,0,0,0,0,0
"Macao SAR, China",0,0,0,0,0,0,0,0,0,0,0,0,0,0,0,0,0,0,0,0,0,0,0,0,0,0,0,0,0,0,0,0,0,0,0,0,0,0,0,0,0,0,0,0,0,0,0,0,0,0,0,0,0,0,0,0,0,0,0,0,0,0,0,0,0,0,0,0,0,0,0,16855000,0,0,0,0,0,0,0,0,0,0,0,0,0,0,0,0,0,0,0,0,0,0,0,0,0,0,0,0,0,0,0,0,0,0,0,0,0,0,0,0,0,0,0,0,0,0,0,0,0,0,0,0,0,0,0,0,0,0,0,0,0,0,0,0,0,0,0,0,0,0,0,0,0,0,0,0,0,0,0,0,0,0,0,0,0,0,0,0,0,0,0,0,0,0,0,0,0,0,0,0,0,0,0,0,0,0,0,0,0,0,0,0,0,0,0,0,0,0,0,0,0,0,0
"Madagascar",0,0,0,0,0,0,0,0,0,0,0,0,0,0,0,0,0,0,0,0,0,0,0,0,0,0,0,0,0,0,0,0,0,935345000,0,0,0,0,0,0,0,0,0,0,0,0,0,0,0,0,0,0,0,1007480000,0,0,0,0,0,0,0,0,0,0,0,0,0,0,0,0,0,0,0,0,0,0,0,0,0,0,0,0,0,0,0,0,0,0,0,0,0,0,0,0,0,0,0,0,0,0,0,0,0,0,0,0,0,0,42720000,0,0,0,0,0,0,0,0,0,0,0,0,0,0,0,0,0,0,0,0,0,0,0,0,0,0,0,0,0,0,0,0,0,0,0,0,0,0,0,0,0,0,0,0,0,0,0,0,0,0,0,0,0,0,0,0,0,0,0,0,0,0,0,0,0,0,0,0,0,0,0,0,0,0,0,0,0,0,0,0,0,0,0,0,0,0
"Malawi",0,0,0,0,0,0,0,0,0,0,0,0,0,0,0,0,0,0,0,0,0,0,0,0,0,0,0,0,0,0,0,0,0,0,5.34e+08,0,0,0,0,0,0,0,0,0,0,0,0,0,0,0,0,0,0,0,0,0,0,0,0,0,0,0,0,0,0,0,0,0,0,0,0,0,0,0,0,0,0,0,0,0,0,0,0,0,0,0,0,0,0,0,0,0,0,0,0,0,0,0,0,0,0,0,0,0,0,0,0,0,0,0,0,0,5341780000,0,0,0,0,0,0,0,0,0,0,0,0,0,0,0,0,0,0,0,0,0,0,0,0,0,0,648252560000,0,0,0,0,0,0,0,0,0,0,0,0,0,0,0,9583840000,0,0,0,0,0,0,0,0,0,0,0,0,0,0,0,0,0,0,0,0,0,0,0,0,0,0,0,0,0,0,0,33739900000,0,0,0,0,0,0,0
"Malaysia",0,0,0,0,0,0,4417920000,0,0,18150000,0,163605000,0,0,0,0,0,0,0,0,1449535000,0,1780000,0,0,0,0,0,106080000,0,17800000,2981865000,0,0,0,0,0,0,0,0,0,0,0,0,0,0,0,0,0,0,0,375700000,0,0,0,0,0,0,0,0,0,0,0,0,0,0,0,0,0,0,0,9396920000,0,0,0,313820000,11696400000,0,0,0,0,6952660000,0,0,0,450840000,10890000,0,0,3097890000,0,601820000,18917395000,0,0,517140000,0,0,0,0,0,0,0,0,167640000,0,0,0,0,0,0,0,0,0,0,0,0,0,0,0,0,340340000,0,0,0,0,0,0,0,51620000,0,0,2948140000,0,0,0,0,0,0,0,0,0,0,0,0,0,0,379750000,0,0,0,0,0,27624420000,0,0,0,0,0,0,0,0,0,0,483460000,0,595825000,0,0,0,11038790000,0,21560000,21208860000,0,0,19580000,0,0,0,0,0,0,92820000,0,0,0,0,0,0,0,0,0,0,0
"Maldives",0,0,0,0,0,0,0,0,0,0,0,0,0,0,0,0,0,0,0,0,0,0,0,0,0,0,0,0,0,0,0,0,0,0,0,0,0,0,0,0,0,0,0,0,0,0,0,0,0,0,0,0,0,0,0,0,0,0,0,0,0,0,0,0,0,0,0,0,0,0,0,0,0,0,0,0,0,0,0,0,0,0,0,0,0,0,0,0,0,0,0,0,0,0,0,0,0,0,0,0,0,0,0,0,0,0,0,0,0,0,0,0,0,0,0,0,0,0,0,0,0,0,0,0,0,0,0,0,0,0,0,0,0,0,0,0,0,0,0,0,0,0,0,0,0,0,0,0,0,0,0,0,0,0,0,0,0,0,0,0,0,0,0,0,0,0,0,0,0,0,0,0,0,0,0,0,0,0,0,0,0,0,0,0,0,0,0,0,0,0,0,0,0,0,0
"Mali",0,0,0,0,0,0,0,0,0,0,0,0,0,0,0,0,0,0,0,0,0,0,0,0,0,0,0,0,0,0,0,0,0,0,0,0,0,0,0,0,0,0,0,0,0,0,0,0,0,0,0,0,0,0,0,0,0,0,0,0,0,133500000,0,0,0,0,0,0,0,0,0,0,0,0,0,0,0,0,0,0,0,0,453900000,0,0,0,0,0,0,0,0,0,0,0,0,0,0,0,0,0,0,0,0,0,0,0,0,4604860000,0,0,0,0,0,0,0,0,0,0,0,0,0,0,0,1726600000,0,0,0,0,0,0,0,0,0,0,0,0,0,0,0,0,0,0,0,0,0,0,0,0,4056620000,0,0,0,0,0,0,0,0,0,0,0,0,0,0,0,0,0,0,0,0,0,0,0,0,0,0,0,0,0,0,0,0,0,0,0,0,0,0,0,0,0,0,0,0,0,0
"Malta",0,0,0,0,0,0,0,0,0,0,0,0,0,0,0,0,0,0,0,0,0,0,0,0,0,0,0,0,0,0,0,0,0,0,0,0,0,0,0,0,0,0,0,0,0,0,0,0,0,0,0,0,0,0,0,0,0,0,0,0,0,0,0,0,0,0,0,0,0,0,0,0,0,0,0,0,0,0,0,0,0,18946320000,0,0,0,0,0,0,0,0,0,0,0,0,0,0,0,0,5445000,0,0,0,0,0,0,0,0,0,0,0,0,0,0,0,0,0,0,0,0,0,0,0,0,0,0,0,0,0,0,0,0,0,0,0,0,0,0,0,0,0,0,0,0,0,0,0,0,0,0,0,0,0,0,0,0,0,0,0,0,0,0,0,0,0,0,0,0,0,0,0,0,0,0,0,0,0,0,0,0,0,0,0,0,0,0,0,0,0,0,0,0,0,0,0,0
"Mauritania",0,0,0,0,0,0,0,0,0,0,0,0,0,0,0,0,0,0,0,0,0,0,0,0,0,0,0,0,0,0,0,0,0,0,0,0,0,0,0,0,0,0,0,0,0,0,0,0,0,0,0,0,0,0,0,0,0,0,0,0,0,0,0,0,0,0,0,0,0,0,0,0,0,0,0,0,0,0,0,0,0,0,0,0,0,0,0,0,0,0,0,0,0,0,0,0,0,0,0,0,0,0,0,0,0,0,0,0,0,0,0,0,0,0,0,0,0,0,0,0,0,0,0,0,0,0,0,0,0,0,0,0,0,0,0,0,0,0,0,0,0,0,0,0,0,0,0,0,0,0,0,0,0,0,0,0,0,0,0,0,0,0,0,0,0,0,0,0,0,0,0,0,0,0,0,0,0,0,0,0,0,0,0,0,0,0,0,0,0,0,0,0,0,0,0
"Mauritius",0,0,0,0,0,0,0,0,0,0,0,0,0,0,0,0,0,0,0,0,0,0,0,0,0,0,0,0,0,0,0,0,0,0,0,0,0,0,0,0,0,0,0,0,0,0,0,0,0,0,0,0,0,4133650000,0,0,0,0,0,0,0,0,0,0,0,0,0,0,0,0,0,0,0,0,0,0,0,0,0,0,0,0,0,0,0,0,0,0,0,0,0,0,0,0,0,0,0,0,0,0,0,397535000,0,0,0,0,0,0,0,0,0,0,0,0,0,0,0,0,0,0,0,0,0,0,0,0,0,0,0,0,0,0,0,0,0,0,0,0,0,0,0,0,0,0,0,0,0,0,0,8.01e+08,0,0,0,0,0,0,0,0,0,0,0,0,0,0,0,0,0,0,0,0,0,0,0,0,0,0,0,0,0,0,0,0,0,0,0,0,0,0,0,0,0,0,0,0,0
"Mexico",0,0,0,0,0,90780000,0,16020000,0,0,0,0,0,0,0,0,6200000,0,192380000,0,0,0,0,0,0,41605000,0,0,0,0,53995000,0,66047285000,0,0,0,87834720000,343540000,0,0,0,0,0,3630000,0,0,0,204334760000,0,0,0,0,0,48060000,0,0,0,0,0,37485000,0,0,0,0,0,0,21365005000,0,0,0,24765320000,0,0,0,0,0,0,0,0,0,0,0,0,0,0,0,0,0,67456660000,0,0,0,0,0,0,0,0,0,0,0,0,0,0,0,0,0,0,0,0,0,0,0,117017200000,0,0,0,196020000,0,0,0,0,0,24920000,0,0,0,573160000,63160000,0,0,0,0,0,0,0,0,0,0,0,0,0,0,3630000,0,0,0,0,0,0,0,0,0,0,0,0,1780000,58080000,0,0,0,0,0,0,0,0,47618560000,0,0,0,0,0,0,0,0,0,0,12460000,0,369726400000,0,0,0,17780420000,0,0,0,0,0,0,0,0,0,0,0,0
"Mongolia",0,0,0,0,0,0,0,0,0,0,0,0,0,0,0,0,0,0,0,0,0,0,0,0,0,0,0,0,0,0,0,0,0,0,0,0,0,0,0,0,0,0,0,0,0,0,0,0,0,0,0,0,0,0,0,0,0,0,0,0,0,0,0,0,0,0,0,0,0,0,0,0,0,0,0,0,0,0,0,0,0,0,0,0,0,0,0,0,0,0,0,0,0,0,0,0,0,0,0,0,0,0,0,0,0,0,0,0,0,0,0,0,0,0,0,0,0,0,0,0,0,0,0,0,0,0,0,0,0,0,0,0,0,0,0,0,0,0,0,0,0,0,0,0,0,0,0,0,0,0,0,0,0,0,0,0,0,0,0,0,0,0,0,0,0,0,0,0,0,0,0,0,0,0,0,0,0,0,0,0,0,0,0,0,0,0,0,0,0,0,0,0,0,0,0
"Morocco",0,0,0,0,0,0,0,0,0,0,0,0,0,0,0,0,0,0,0,0,0,0,0,0,0,0,0,0,0,0,0,0,0,0,0,0,0,0,0,0,0,0,0,0,0,0,0,0,0,0,0,0,0,0,0,0,0,0,0,0,0,0,0,0,0,0,0,0,0,0,0,0,0,0,0,0,0,0,0,0,0,0,0,0,0,0,0,0,0,0,0,0,0,0,0,0,0,0,0,0,0,0,0,0,0,0,0,598080000,0,0,0,0,0,0,0,0,0,0,0,0,0,0,0,0,0,0,0,0,0,0,0,0,0,0,0,0,0,0,0,0,0,0,0,0,0,0,0,0,0,0,0,0,0,0,0,0,35600000,0,0,0,0,0,0,0,0,0,0,0,0,0,0,0,0,0,0,0,0,0,0,0,0,0,0,0,0,0,0,0,0,0,0,0,0,0,0
"Mozambique",0,0,0,0,0,0,0,0,0,0,0,0,0,0,0,0,0,0,0,0,0,0,0,0,0,0,0,0,0,0,0,0,0,0,0,0,0,0,0,0,0,0,0,0,0,0,0,0,0,0,0,0,0,0,0,0,0,0,0,0,0,0,0,0,0,0,0,0,0,0,0,0,0,0,0,0,0,0,0,0,0,0,0,0,0,0,0,0,0,0,0,0,0,0,0,0,0,0,0,0,0,0,0,0,0,0,0,0,0,0,0,0,0,0,0,0,0,0,0,0,0,0,0,0,0,0,0,0,0,0,0,0,0,0,0,0,0,0,0,0,0,0,0,0,0,0,0,0,0,0,0,0,0,0,0,0,0,0,0,0,0,0,0,0,0,0,0,0,0,0,0,0,0,0,0,0,0,0,0,0,0,0,0,0,0,0,0,0,0,0,0,0,0,0,0
"Republic of Moldova",0,0,0,0,0,0,0,0,0,0,0,0,0,0,0,0,0,0,0,0,0,0,0,0,0,0,0,0,0,0,0,0,0,0,0,0,0,0,0,0,224280000,0,0,0,33535240000,0,0,0,0,0,0,0,0,0,0,0,6434700000,0,0,1815000,0,0,0,23595000,0,0,0,0,0,0,0,0,36477540000,0,0,0,0,0,0,5445000,347100000,0,0,5410000,0,0,0,0,0,0,0,0,0,0,0,0,0,0,0,64080000,0,0,0,0,0,0,0,0,0,0,0,0,0,0,0,0,0,0,0,0,0,0,0,0,0,0,0,5475280000,0,0,0,0,0,5457480000,0,0,0,0,0,0,21865555000,0,42720000,0,0,0,0,0,0,0,0,0,0,0,0,0,0,0,0,0,0,11436500000,0,0,0,0,0,0,0,0,0,0,0,0,1151660000,0,10847320000,19021080000,30500475000,0,0,1847640000,0,0,0,0,0,0,0,0,0,0,0,0,0
"Namibia",0,0,0,0,0,0,0,0,0,0,0,0,0,0,0,0,0,0,0,0,0,0,0,0,0,0,0,0,0,0,0,0,0,0,0,0,0,0,0,0,0,0,0,0,0,0,0,0,0,0,0,0,0,0,0,0,0,0,0,0,0,0,0,0,0,0,0,0,0,0,0,0,0,0,0,0,0,0,0,0,0,0,0,0,0,0,0,0,0,0,0,0,0,0,0,0,0,0,0,0,0,0,0,0,0,0,0,0,0,0,0,0,0,0,0,0,0,0,0,0,0,0,0,0,0,0,0,0,0,0,0,0,0,0,0,0,0,0,0,0,0,0,0,0,0,0,0,0,0,0,0,0,0,0,0,0,0,0,0,0,0,0,0,0,0,0,0,0,0,0,0,0,0,0,0,0,0,0,0,0,0,0,0,0,0,0,0,0,0,0,0,0,0,0,0
"Nepal",0,0,0,0,0,0,0,0,0,0,0,0,0,0,0,0,0,0,0,0,0,0,0,0,0,0,0,0,0,0,0,0,0,0,0,0,0,0,0,0,0,0,0,0,0,0,0,0,0,0,0,0,0,0,0,0,0,0,0,0,0,0,0,0,0,0,0,0,0,0,0,0,0,0,0,0,0,0,0,0,0,0,0,0,0,0,0,0,0,0,0,0,0,0,0,0,0,0,0,0,0,0,0,0,0,0,0,0,0,0,0,0,0,0,0,0,0,0,0,0,0,0,0,0,0,0,0,0,0,0,0,0,0,0,0,0,0,0,0,0,0,0,0,0,0,0,0,0,0,0,0,0,0,0,0,0,0,0,0,0,0,0,0,0,0,0,0,0,0,0,0,0,0,0,0,0,0,0,0,0,0,0,0,0,0,0,0,0,0,0,0,0,0,0,0
"Netherlands",0,26520000,0,1241460000,0,0,0,17840570000,0,0,0,0,0,0,0,0,0,0,0,0,0,0,0,37410000,0,0,0,0,0,0,0,0,0,0,39780000,0,0,0,9731855000,0,0,8517915000,0,0,0,0,3560000,0,3630000,57940000,0,0,151520000,75899750000,0,0,0,0,0,275252475000,0,94380000,0,6252030000,0,0,0,0,0,98265000,0,0,55651110000,0,3048200000,0,0,106080000,6235000,11168120000,1780000,11143740000,341045000,12260000,0,35600000,0,0,0,0,0,0,0,15160000,0,155235000,0,483990000,8840000,35600000,0,0,0,69420000,0,0,7680000,0,0,0,0,0,0,0,0,0,0,0,0,0,0,0,0,0,0,10484240000,0,0,105290000,0,0,0,0,90828075000,654520000,0,0,131490000,0,0,9042400000,0,239590000,0,0,0,0,378080000,8840000,0,13260000,3630000,1815000,0,0,0,773505000,8840000,0,0,3159500000,140580000,4420000,0,35600000,4420000,0,0,0,167770000,0,0,8900000,0,14285000,0,48569555000,280000,10890000,0,0,0,0,0,4420000,0,34570000,0,338960950000,1684720000,0,0,0,0,0
"Netherlands Antilles",0,0,0,0,0,0,0,0,0,0,0,0,0,0,0,0,0,0,0,0,0,0,0,0,0,0,0,0,0,0,0,0,0,0,0,0,0,0,0,0,0,0,0,0,0,0,0,0,0,0,0,0,0,0,0,0,0,0,0,0,0,0,0,0,0,0,0,0,0,0,0,0,0,0,0,0,0,0,0,0,0,0,0,0,0,0,0,0,0,0,0,0,0,0,0,0,0,0,0,0,0,0,0,0,0,0,0,0,0,0,0,0,0,0,0,0,0,0,0,0,0,0,0,0,0,0,0,0,0,0,0,0,0,0,0,0,0,0,0,0,0,0,0,0,0,0,0,0,0,0,0,0,0,0,0,0,0,0,0,0,0,0,0,0,0,0,0,0,0,0,0,0,0,0,0,0,0,0,0,0,0,0,0,0,0,0,0,0,0,0,0,0,0,0,0
"New Caledonia",0,0,0,0,0,0,0,0,0,0,0,0,0,0,0,0,0,0,0,0,0,0,0,0,0,0,0,0,0,0,0,0,0,0,0,0,0,0,0,0,0,0,0,0,0,0,0,0,0,0,0,0,0,0,0,0,0,0,0,0,0,0,0,0,0,0,0,0,0,0,0,0,0,0,0,0,0,0,0,0,0,0,0,0,0,0,0,0,0,0,0,0,0,0,0,0,0,0,0,0,0,0,0,0,0,0,0,0,0,0,0,0,0,0,0,0,0,0,0,0,0,0,0,0,0,0,0,0,0,0,0,0,0,0,0,0,0,0,0,0,0,0,0,0,0,0,0,0,0,0,0,0,0,0,0,0,0,0,0,0,0,0,0,0,0,0,0,0,0,0,0,0,0,0,0,0,0,0,0,0,0,0,0,0,0,0,0,0,0,0,0,0,0,0,0
"The former Yugoslav Republic of Macedonia",0,0,46490000,0,0,0,0,0,0,0,0,0,0,0,0,0,0,0,0,0,0,0,0,0,0,0,0,0,0,0,0,0,0,0,0,0,0,0,0,0,0,0,0,0,0,0,0,0,0,0,0,0,0,0,0,0,0,0,0,0,0,0,0,0,0,0,0,0,0,0,0,0,0,0,0,0,0,0,0,0,0,0,0,0,0,0,0,0,0,0,0,0,0,0,0,0,0,0,0,0,0,0,0,0,0,0,0,0,0,0,0,0,0,0,0,0,0,0,0,0,0,0,0,0,0,0,0,0,277125000,0,0,0,0,0,0,0,0,0,0,0,0,0,0,0,0,0,0,0,0,0,0,0,0,0,0,0,0,0,0,0,0,0,0,0,0,0,0,0,0,0,0,0,0,0,0,0,0,0,3630000,0,0,0,0,0,0,0,0,0,0,0,0,0,0,0,0
"Vanuatu",0,0,0,0,0,0,0,0,0,0,0,0,0,0,0,0,0,0,0,0,0,0,0,0,0,0,0,0,0,0,0,0,0,0,0,0,0,0,0,0,0,0,0,0,0,0,0,0,0,0,0,0,0,0,0,0,0,0,0,0,0,0,0,0,0,0,0,0,0,0,0,0,0,0,0,0,0,0,0,0,0,0,0,0,0,0,0,0,0,0,0,0,0,0,0,0,0,0,0,0,0,0,0,0,0,0,0,0,0,0,0,0,0,0,0,0,0,0,0,0,0,0,0,0,0,0,0,0,0,0,0,0,0,0,0,0,0,0,0,0,0,0,0,0,0,0,0,0,0,0,0,0,0,0,0,0,0,0,0,0,0,0,0,0,0,0,0,0,0,0,0,0,0,0,0,0,0,0,0,0,0,0,0,0,0,0,0,0,0,0,0,0,0,0,0
"New Zealand",0,0,0,0,0,0,12224875000,0,0,0,0,0,0,0,0,0,0,0,0,46280000,0,0,0,0,0,0,0,0,0,0,0,0,0,0,0,63860000,0,0,0,0,0,0,0,0,0,0,0,0,0,0,0,2981205000,0,0,74415000,0,0,0,0,0,0,0,0,0,0,0,0,0,0,0,0,0,5340000,0,0,0,0,0,0,0,0,0,0,0,0,96195000,0,0,0,0,0,0,0,0,0,0,0,0,0,0,0,0,0,0,0,0,0,0,0,0,0,0,0,0,0,0,0,0,1185545000,0,0,0,0,0,0,0,0,0,0,914760000,0,0,0,0,0,0,0,0,0,0,0,0,0,0,0,0,0,0,0,0,0,0,0,0,0,0,0,0,0,0,0,0,0,0,63525000,0,5340000,0,41465000,0,0,0,0,0,0,0,0,0,17800000,0,0,0,0,0,0,0,0,0,0,0,0,0,0,0,0
"Nicaragua",0,0,0,0,0,0,0,0,0,0,0,0,0,0,0,0,0,0,0,0,0,0,0,0,0,0,0,0,0,0,0,0,0,0,0,0,6673990000,0,0,0,0,0,0,0,0,0,0,4562140000,0,0,0,0,0,0,0,0,0,0,0,0,0,0,0,0,0,0,87220000,0,0,0,3942585000,0,0,0,0,0,0,0,0,0,0,0,0,0,0,0,0,0,0,0,0,0,0,0,0,0,0,0,0,0,0,0,0,0,0,0,0,0,0,0,0,0,0,0,0,0,0,0,0,0,0,0,0,0,0,0,0,0,0,0,0,0,0,0,0,0,0,0,0,0,0,0,0,0,0,0,0,0,0,0,0,0,0,0,0,0,0,0,0,0,0,0,0,0,0,0,0,0,0,0,0,0,0,0,0,0,0,0,1780000,0,0,0,0,0,0,0,0,0,0,0,0,0,0,0,0
"Niger",0,0,0,0,0,0,0,0,0,0,0,0,0,0,0,0,0,0,0,0,0,0,0,0,0,0,0,0,0,0,0,0,0,0,0,0,0,0,0,0,0,0,0,0,0,0,0,0,0,0,0,0,0,0,0,0,0,0,0,0,0,0,0,0,0,0,0,0,0,0,0,0,0,0,0,0,0,0,0,0,0,0,0,0,0,0,0,0,0,0,0,0,0,0,0,0,0,0,0,0,0,0,0,0,0,0,0,0,0,0,0,0,0,0,0,0,0,0,0,0,0,0,0,0,0,0,0,0,0,0,0,0,0,0,0,0,0,0,0,0,0,0,0,0,0,0,0,0,0,0,0,0,0,0,0,0,0,0,0,0,0,0,0,0,0,0,0,0,0,0,0,0,0,0,0,0,0,0,0,0,0,0,0,0,0,0,0,0,0,0,0,0,0,0,0
"Nigeria",0,0,0,0,0,0,0,0,0,0,0,0,0,0,0,0,0,0,0,0,0,0,0,0,0,0,0,0,0,0,0,0,0,0,0,0,0,0,0,0,0,0,0,0,0,0,0,0,0,0,0,0,0,0,0,0,0,0,0,0,0,0,0,0,0,0,0,0,0,0,0,0,0,0,0,0,0,0,0,0,0,0,0,0,0,0,0,0,0,0,0,0,0,0,0,0,0,0,0,0,0,0,0,0,0,0,0,0,0,0,0,0,0,0,0,0,0,0,0,0,0,0,0,0,0,0,0,0,0,0,0,0,0,0,0,0,0,0,0,0,0,0,0,0,0,0,0,0,0,0,0,0,0,0,0,0,0,0,0,0,0,0,0,0,0,0,0,0,0,0,0,0,0,0,0,0,0,0,0,0,0,0,0,0,0,0,0,0,0,0,0,0,0,0,0
"Norway",0,0,0,0,0,0,0,0,0,0,0,0,0,0,0,0,0,0,0,0,0,0,0,0,0,0,0,0,0,0,0,0,0,0,0,0,0,0,0,0,0,19580000,0,0,0,0,0,0,0,0,0,0,0,18150000,0,0,0,0,0,0,0,0,0,0,0,0,0,0,0,0,0,0,0,0,1815000,0,0,0,0,0,0,0,0,0,0,0,0,0,0,0,0,0,0,0,0,0,0,0,0,0,0,0,0,0,0,0,0,0,0,0,0,0,0,0,0,0,0,0,0,0,0,0,0,0,0,0,0,0,0,0,0,0,0,0,0,0,0,0,0,0,0,0,0,0,0,0,0,0,0,0,0,0,0,0,0,0,0,0,0,0,37540000,0,0,0,0,0,0,0,0,0,0,0,0,0,0,0,0,0,0,0,0,0,0,0,0,0,0,0,0,0,0,0,0,0,0
"Pakistan",0,7321705000,0,0,0,0,0,0,0,0,0,0,0,0,0,0,0,0,0,0,0,0,0,0,0,0,0,0,0,0,0,0,0,0,0,0,0,0,0,0,8840000,0,0,0,0,0,0,0,0,0,0,0,0,0,0,44500000,0,0,0,0,0,0,0,0,0,0,0,0,0,0,0,1815000,0,0,0,0,0,0,0,0,0,0,0,0,0,0,0,0,0,0,0,0,0,0,0,0,0,0,0,0,0,0,0,0,0,0,0,0,0,0,0,0,0,0,0,0,0,0,0,0,0,0,0,0,0,0,0,0,0,0,0,0,0,0,0,0,0,0,0,0,0,0,0,0,0,0,0,35600000,0,0,0,0,0,0,0,0,0,0,0,0,0,0,0,0,0,0,688860000,0,0,0,0,0,0,62300000,0,0,5445000,0,0,0,0,0,0,0,0,0,0,0,0,0,0,0,0,0,0
"Panama",0,0,0,0,0,0,0,0,0,0,0,0,0,0,0,0,0,0,0,0,0,0,0,0,0,0,0,0,0,0,0,0,0,0,0,0,0,0,0,0,0,0,0,0,0,0,0,0,0,0,0,0,0,0,0,0,0,0,0,0,0,0,0,0,0,0,0,0,0,0,0,0,0,0,0,0,0,0,0,0,0,0,0,0,0,0,0,0,0,0,0,0,0,0,0,0,0,0,0,0,0,0,0,0,0,0,0,0,0,0,0,0,0,0,0,0,0,0,0,0,0,0,0,0,0,0,0,0,0,0,0,0,0,0,0,0,0,0,0,0,0,0,0,0,0,0,0,0,0,0,0,0,0,0,0,0,0,0,0,0,0,0,0,0,0,0,0,0,0,0,0,0,0,0,0,0,0,0,0,0,0,0,0,0,0,0,0,0,0,0,0,0,0,0,0
"Czech Republic",1780000,0,0,0,0,0,0,11648320000,0,0,0,0,0,0,0,0,0,0,0,0,0,40940000,0,0,0,0,0,0,0,0,0,0,0,0,0,0,0,0,0,0,0,0,0,0,0,0,0,0,0,0,0,0,0,695980000,0,0,0,0,0,503521165000,0,0,0,0,0,0,0,0,0,0,0,0,142400000,0,0,0,0,0,0,0,3630000,1815000,0,4420000,0,0,0,0,0,0,0,0,0,129940000,0,0,0,0,0,420080000,0,0,0,0,0,0,0,0,0,0,0,0,0,0,0,0,6609175000,0,0,0,0,0,0,0,0,0,0,0,0,0,0,0,0,177275540000,0,0,0,0,0,0,840000,0,17680000,0,0,0,0,0,0,0,0,0,24049640000,0,0,0,0,0,0,0,32040000,3.56e+08,0,0,0,0,0,0,0,0,0,0,0,0,0,0,0,47980000,0,0,0,0,0,0,0,0,0,0,0,0,0,0,0,0,0
"Papua New Guinea",0,0,0,0,0,0,0,0,0,0,0,0,0,0,0,0,0,0,0,0,0,0,0,0,0,0,0,0,0,0,0,0,0,0,0,0,0,0,0,0,0,0,0,0,0,0,0,0,0,0,0,0,0,0,0,0,0,0,0,0,0,0,0,0,0,0,0,0,0,0,0,0,0,0,0,0,0,0,0,0,0,0,0,0,0,0,0,0,0,0,0,0,0,0,0,0,0,0,0,0,0,0,0,0,0,0,0,0,0,0,0,0,0,0,0,0,0,0,0,0,0,0,0,0,0,0,0,0,0,0,0,0,0,0,0,0,0,0,0,0,0,0,0,0,0,0,0,0,0,0,0,0,0,0,0,0,0,0,0,0,0,0,0,0,0,0,0,0,0,0,0,0,0,0,0,0,0,0,0,0,0,0,0,0,0,0,0,0,0,0,0,0,0,0,0
"Paraguay",0,0,0,0,0,120263920000,0,0,0,0,0,0,0,0,5340000,0,4321192990000,0,0,0,0,0,0,0,0,1780000,0,0,0,0,33047515000,0,0,0,0,0,0,0,0,0,0,0,0,0,0,0,0,0,0,0,0,0,0,0,0,0,0,0,0,0,0,0,0,36057460000,0,0,0,0,0,0,0,0,0,0,0,0,0,0,0,0,0,0,0,0,0,0,0,0,0,0,0,0,0,0,0,0,0,0,0,0,0,0,0,0,0,0,0,0,9305840000,0,0,0,0,0,0,0,49325580000,0,0,0,0,0,0,0,0,0,0,0,0,0,0,75658900000,0,0,0,0,0,0,0,0,0,0,0,0,0,0,0,0,0,0,0,0,0,0,0,0,111501435000,0,0,0,0,412717920000,0,0,0,0,0,0,0,0,0,0,0,0,0,0,1.424e+10,0,2317595000,0,1368601060000,0,0,0,0,0,0,0,0,0,0,0,0,0,0
"Peru",0,0,0,0,0,0,5410000,0,0,0,0,0,0,0,174440000,0,0,0,0,0,0,0,0,0,0,48060000,0,0,0,0,192240000,455680000,0,0,0,0,14240000,0,0,0,0,0,0,0,0,185920000,0,0,0,0,0,0,0,7120000,0,0,0,0,0,74760000,0,0,0,33820000,0,0,32040000,0,0,0,0,0,0,0,0,0,0,0,0,0,0,293040000,0,0,0,3923090000,0,0,0,0,0,0,0,0,0,0,0,0,0,0,0,0,0,0,0,0,0,0,0,0,0,0,0,0,0,0,199395000,0,0,0,0,0,0,0,0,0,0,0,0,0,0,0,0,0,0,0,0,0,0,0,0,0,0,0,0,0,0,0,0,0,0,0,0,14520000,0,0,15098350000,0,0,0,1780000,71200000,0,0,0,0,0,0,0,0,0,0,0,0,0,0,418650000,0,3809905000,0,0,0,92560000,0,0,0,0,0,32040000,0,0,0,0,0,0
"Philippines",0,0,0,0,0,1780000,0,0,0,0,0,0,0,0,0,0,0,0,0,0,0,0,30855000,0,0,0,0,0,0,0,0,10680000,0,0,0,0,0,0,0,0,0,0,0,0,0,0,0,0,0,0,0,0,0,0,0,0,0,0,0,0,0,0,0,0,0,0,0,0,0,0,0,0,0,0,0,0,1780000,0,0,0,0,0,0,0,0,0,0,0,0,0,0,537560000,0,0,0,0,0,0,0,0,0,0,0,1984580000,0,0,0,0,0,0,0,0,0,0,0,0,0,0,0,0,0,0,0,0,0,0,0,0,0,0,0,0,0,0,0,0,0,0,0,0,0,0,0,0,0,0,0,0,0,0,0,0,0,1789300000,0,0,0,0,0,0,0,0,0,0,169100000,0,754720000,0,0,0,0,0,0,0,0,0,0,0,0,0,0,0,0,233180000,0,0,0,0,0,0,0,0,0,0,0
"Poland",0,0,0,0,0,0,0,471735000,0,0,0,0,0,0,0,0,0,0,0,0,0,0,0,0,0,5445000,0,0,0,0,0,0,0,0,0,0,0,0,0,0,0,26874755000,0,0,1934020000,0,0,0,0,5062090000,0,0,3495085000,174130000,0,0,0,0,0,498187530000,0,0,0,1815000,0,0,0,0,0,0,0,0,10680000,0,6438260000,0,0,0,0,18547985000,0,1297940000,0,0,0,40940000,0,0,0,0,0,0,0,3113930000,0,0,0,0,0,43251725000,0,0,0,0,0,0,0,0,0,0,0,0,0,0,0,0,36840120000,0,0,0,0,0,0,0,0,9240000,0,0,6294220000,0,0,0,0,0,52497540000,0,0,0,0,0,81880000,0,0,0,0,0,0,0,0,0,0,0,312240000,0,0,0,13244320000,0,0,0,55260000,0,0,0,0,0,0,0,0,0,0,0,0,0,0,0,22060000,139700000,30855000,0,0,0,0,0,0,0,0,0,5410000,0,0,0,0,0,0
"Portugal",0,0,0,0,0,0,0,0,0,0,0,0,0,0,0,0,0,0,0,0,0,26520000,0,0,0,41745000,2463405000,0,0,0,0,0,0,0,0,0,0,0,0,0,0,0,0,0,0,0,0,0,0,0,0,0,0,1691970000,0,0,0,0,0,7260000,0,0,0,0,0,0,0,0,0,0,0,0,33820000,0,0,0,0,0,0,0,0,19580000,0,0,0,0,0,0,0,0,0,0,0,0,0,0,0,0,0,0,0,0,0,0,0,0,0,0,0,0,0,0,1780000,0,0,0,0,0,0,0,0,0,0,0,0,0,0,0,0,0,0,0,0,208725000,0,45235000,0,0,0,0,0,0,108900000,0,0,0,736365000,0,0,0,0,0,0,0,0,0,199166135000,0,0,0,0,39895000,0,0,0,0,0,0,0,0,0,0,0,0,0,0,41895000,0,8970000,0,0,0,0,0,0,0,0,0,0,56195000,0,0,0,0,0
"Guinea-Bissau",0,0,0,0,0,0,0,0,0,0,0,0,0,0,0,0,0,0,0,0,0,0,0,0,0,0,0,0,0,0,0,0,0,0,0,0,0,0,0,0,0,0,0,0,0,0,0,0,0,0,0,0,0,0,0,0,0,0,0,0,0,0,0,0,0,0,0,0,0,0,0,0,0,0,0,0,0,0,0,0,0,0,0,0,0,0,0,0,0,0,0,0,0,0,0,0,0,0,0,0,0,0,0,0,0,0,0,0,0,0,0,0,0,0,0,0,0,0,0,0,0,0,0,0,0,0,0,0,0,0,0,0,0,0,0,0,0,0,0,0,0,0,0,0,0,0,0,0,0,0,0,0,0,0,0,0,0,0,0,0,0,0,0,0,0,0,0,0,0,0,0,0,0,0,0,0,0,0,0,0,0,0,0,0,0,0,0,0,0,0,0,0,0,0,0
"Timor-Leste",0,0,0,0,0,0,0,0,0,0,0,0,0,0,0,0,0,0,0,0,0,0,0,0,0,0,0,0,0,0,0,0,0,0,0,0,0,0,0,0,0,0,0,0,0,0,0,0,0,0,0,0,0,0,0,0,0,0,0,0,0,0,0,0,0,0,0,0,0,0,0,0,0,0,0,0,0,0,0,0,0,0,0,0,0,0,0,0,0,0,0,0,0,0,0,0,0,0,0,0,0,0,0,0,0,0,0,0,0,0,0,0,0,0,0,0,0,0,0,0,0,0,0,0,0,0,0,0,0,0,0,0,0,0,0,0,0,0,0,0,0,0,0,0,0,0,0,0,0,0,0,0,0,0,0,0,0,0,0,0,0,0,0,0,0,0,0,0,0,0,0,0,0,0,0,0,0,0,0,0,0,0,0,0,0,0,0,0,0,0,0,0,0,0,0
"Eritrea",0,0,0,0,0,0,0,0,0,0,0,0,0,0,0,0,0,0,0,0,0,0,0,0,0,0,0,0,0,0,0,0,0,0,0,0,0,0,0,0,0,0,0,0,0,0,0,0,0,0,0,0,0,0,0,0,0,0,0,0,0,0,0,0,0,0,0,0,0,0,0,0,0,0,0,0,0,0,0,0,0,0,0,0,0,0,0,0,0,0,0,0,0,0,0,0,0,0,0,0,0,0,0,0,0,0,0,0,0,0,0,0,0,0,0,0,0,0,0,0,0,0,0,0,0,0,0,0,0,0,0,0,0,0,0,0,0,0,0,0,0,0,0,0,0,0,0,0,0,0,0,0,0,0,0,0,0,0,0,0,0,0,0,0,0,0,0,0,0,0,0,0,0,0,0,0,0,0,0,0,0,0,0,0,0,0,0,0,0,0,0,0,0,0,0
"Qatar",0,0,0,0,0,0,0,0,0,9075000,0,0,0,0,0,0,0,0,0,0,0,0,0,0,0,0,0,0,0,0,0,0,0,0,0,0,0,0,0,0,0,0,0,0,0,0,0,0,0,0,0,0,0,0,0,0,0,0,0,0,0,0,0,0,0,0,0,0,0,0,0,0,0,0,0,0,0,1400000,0,0,0,0,0,0,0,0,0,0,0,0,0,0,14520000,0,0,0,0,0,0,0,0,0,0,0,0,0,0,0,0,0,0,0,0,0,0,0,0,0,0,0,0,0,0,0,0,0,0,0,0,0,0,0,0,0,0,0,0,0,0,0,0,0,0,0,0,0,0,186590000,0,0,0,0,0,0,0,0,0,0,0,0,0,0,0,0,0,0,0,0,0,0,0,0,0,293355000,0,0,0,0,0,0,0,0,0,0,0,0,0,0,0,0,0,0,0,0,0
"Zimbabwe",0,0,0,0,0,0,0,0,0,0,0,0,0,0,0,0,0,0,0,0,0,0,0,0,0,0,0,0,0,0,0,0,0,0,0,0,0,0,0,0,0,0,0,0,0,0,0,0,0,0,0,0,0,0,0,0,0,0,0,0,0,0,0,0,0,0,0,0,0,0,0,0,0,0,0,0,0,0,0,0,0,0,0,0,0,0,0,0,0,0,0,0,0,0,0,0,0,0,0,0,0,0,0,0,0,0,0,0,0,0,0,0,0,0,0,0,0,0,0,0,0,0,0,0,0,0,0,0,0,0,0,0,0,0,0,0,0,0,0,0,0,0,0,0,0,0,0,0,0,0,0,0,0,0,0,0,0,0,0,0,0,0,0,0,0,0,0,0,0,0,0,0,0,0,0,0,0,0,0,0,0,0,0,0,0,0,0,0,0,0,0,0,0,0,0
"Romania",0,0,0,0,0,0,0,3246720000,0,0,0,0,0,0,0,0,0,0,0,0,0,140474220000,0,0,0,0,0,0,0,0,0,0,0,0,0,0,0,0,47750280000,0,0,0,0,0,0,0,0,0,0,0,0,0,0,9241760000,0,0,0,0,0,544715000,0,0,0,50529770000,0,0,0,0,0,0,0,280000,30550620000,539340000,0,0,0,0,0,18150000,0,110954695000,0,0,0,0,0,0,0,0,0,0,0,0,0,0,0,0,0,0,0,0,0,0,0,0,0,0,0,0,0,0,0,6452960000,0,0,13399840000,0,0,5455700000,0,0,0,0,0,0,0,0,103240000,0,0,0,0,5848045000,20251060000,0,0,0,0,0,0,0,3408700000,0,0,0,0,0,0,0,0,64080000,145960000,0,0,0,229489085000,0,0,0,0,0,0,0,0,0,0,0,0,0,0,13451460000,308595360000,0,0,0,10660770000,3110300000,3630000,0,0,0,0,0,0,0,0,0,0,0,35600000,0,0,0,0
"Rwanda",0,0,0,0,0,0,0,0,0,0,0,0,0,0,0,0,0,0,0,0,0,0,0,3524400000,0,0,0,0,0,0,0,0,0,0,0,0,0,0,0,0,0,0,0,0,0,0,0,0,0,0,0,0,0,0,0,0,0,0,0,0,0,0,0,0,0,0,0,0,0,0,0,0,0,0,0,0,0,0,0,0,0,0,0,0,0,0,0,0,0,0,0,0,0,0,0,0,0,0,0,0,0,0,0,0,0,0,0,0,0,0,0,0,0,0,0,0,0,0,0,0,0,0,0,0,0,0,0,0,0,0,0,0,0,0,0,0,0,0,0,0,0,0,0,0,0,0,0,0,0,0,0,0,0,0,0,0,0,0,0,0,0,0,0,0,0,65860000,0,0,0,0,0,0,0,0,0,0,0,0,0,0,0,0,0,0,0,0,0,0,0,0,0,0,0,0,0
"Russian Federation",27993900000,0,0,0,0,0,0,0,0,0,0,0,0,0,0,0,0,0,0,0,0,0,0,0,0,5445000,0,0,0,0,0,0,0,0,0,0,0,0,4832700000,129657035000,0,213600000,0,0,0,0,0,0,0,0,0,0,0,0,0,0,28392110000,0,0,52635000,0,0,0,12705000,0,0,0,0,0,0,0,0,0,0,0,0,0,0,0,0,0,0,0,7057380000,0,0,0,178850000,0,0,0,0,0,2696700000,0,0,0,0,0,97240000,0,0,0,0,0,0,0,0,0,0,0,0,0,58485000,0,0,0,0,0,0,0,0,0,0,0,0,0,0,0,0,0,0,0,0,0,0,0,0,0,0,0,0,0,0,0,0,0,0,0,0,0,0,0,0,0,0,0,0,13495000,0,0,0,0,120820000,0,0,0,0,0,0,0,0,0,0,0,0,0,267630000,58635000,0,0,94635000,0,0,0,0,0,0,0,0,0,0,0,0,0
"Saint Kitts and Nevis",0,0,0,0,0,0,0,0,0,0,0,0,0,0,0,0,0,0,0,0,0,0,0,0,0,0,0,0,0,0,0,0,0,0,0,0,0,0,0,0,0,0,0,0,0,0,0,0,0,0,0,0,0,0,0,0,0,0,0,0,0,0,0,0,0,0,0,0,0,0,0,0,0,0,0,0,0,0,0,0,0,0,0,0,0,0,0,0,0,0,0,0,0,0,0,0,0,0,0,0,0,0,0,0,0,0,0,0,0,0,0,0,0,0,0,0,0,0,0,0,0,0,0,0,0,0,0,0,0,0,0,0,0,0,0,0,0,0,0,0,0,0,0,0,0,0,0,0,0,0,0,0,0,0,0,0,0,0,0,0,0,0,0,0,0,0,0,0,0,0,0,0,0,0,0,0,0,0,1780000,0,0,0,0,0,0,0,0,0,0,0,0,0,0,0,0
"Saint Lucia",0,0,0,0,0,0,0,0,0,0,0,0,0,0,0,0,0,0,0,0,0,0,0,0,0,0,0,0,0,0,0,0,0,0,0,0,0,0,0,0,0,0,0,0,0,0,0,0,0,0,0,0,0,0,0,0,0,0,0,0,0,0,0,0,0,0,0,0,0,0,0,0,0,0,0,0,0,0,0,0,0,0,0,0,0,0,0,0,0,0,0,0,0,0,0,0,0,0,0,0,0,0,0,0,0,0,0,0,0,0,0,0,0,0,0,0,0,0,0,0,0,0,0,0,0,0,0,0,0,0,0,0,0,0,0,0,0,0,0,0,0,0,0,0,0,0,0,0,0,0,0,0,0,0,0,0,0,0,0,0,0,0,0,0,0,0,0,0,0,0,0,0,0,0,0,0,0,0,0,0,0,0,0,0,0,0,0,0,0,0,0,0,0,0,0
"Saint Vincent and the Grenadines",0,0,0,0,0,0,0,0,0,0,0,0,0,0,0,0,0,0,0,0,0,0,0,0,0,0,0,0,0,0,0,0,0,0,0,0,0,0,0,0,0,0,0,0,0,0,0,0,0,0,0,0,0,0,0,0,0,0,0,0,0,0,0,0,0,0,0,0,0,0,0,0,0,0,0,0,0,0,0,0,0,0,0,0,0,0,0,0,0,0,0,0,0,0,0,0,0,0,0,0,0,0,0,0,0,0,0,0,0,0,0,0,0,0,0,0,0,0,0,0,0,0,0,0,0,0,0,0,0,0,0,0,0,0,0,0,0,0,0,0,0,0,0,0,0,0,0,0,0,0,0,0,0,0,0,0,0,0,0,0,0,0,0,0,0,0,0,0,0,0,0,0,0,0,0,0,0,0,0,0,0,0,0,0,0,0,0,0,0,0,0,0,0,0,0
"Sao Tome and Principe",0,0,0,0,0,0,0,0,0,0,0,0,0,0,0,0,0,0,0,0,0,0,0,0,0,0,0,0,0,0,0,0,0,0,0,0,0,0,0,0,0,0,0,0,0,0,0,0,0,0,0,0,0,0,0,0,0,0,0,0,0,0,0,0,0,0,0,0,0,0,0,0,0,0,0,0,0,0,0,0,0,0,0,0,0,0,0,0,0,0,0,0,0,0,0,0,0,0,0,0,0,0,0,0,0,0,0,0,0,0,0,0,0,0,0,0,0,0,0,0,0,0,0,0,0,0,0,0,0,0,0,0,0,0,0,0,0,0,0,0,0,0,0,0,0,0,0,0,0,0,0,0,0,0,0,0,0,0,0,0,0,0,0,0,0,0,0,0,0,0,0,0,0,0,0,0,0,0,0,0,0,0,0,0,0,0,0,0,0,0,0,0,0,0,0
"Saudi Arabia",0,0,0,0,0,0,176800000,0,0,61630410000,0,0,0,0,0,0,0,0,0,0,0,0,0,0,0,5340000,0,0,0,0,0,0,0,0,0,0,0,0,0,0,0,0,0,0,0,0,478300000,0,0,0,0,0,0,0,0,165540000,0,0,0,0,0,0,0,0,0,0,0,0,0,0,0,0,0,0,0,1317160000,0,963560000,2965820000,0,0,0,0,0,0,0,35154180000,0,0,0,0,0,27179835000,0,0,28773460000,0,0,92820000,0,0,0,0,0,167960000,0,0,0,0,0,0,415480000,0,0,0,0,0,0,0,0,0,0,0,0,0,0,932620000,0,0,0,0,0,0,0,0,0,0,0,22679700000,0,0,0,0,0,0,0,0,0,0,0,0,0,0,0,23140000,0,142400000,0,0,0,0,0,9329120000,0,0,0,0,0,0,0,10419060000,0,0,66295200000,0,0,0,0,27225000,0,0,0,0,0,0,16731100000,0,0,0,0,0,0,0,0,0
"Senegal",0,0,0,0,0,0,0,0,0,0,0,0,0,0,0,0,0,0,0,0,0,0,0,0,0,0,1.424e+09,0,0,0,0,0,0,0,0,0,0,0,0,0,0,0,0,0,0,0,0,0,0,0,0,0,0,14495000,0,0,0,0,0,0,0,0,0,0,0,0,0,0,0,0,0,0,0,0,0,0,0,0,0,0,0,1815000,0,0,0,0,0,0,0,0,0,0,0,0,0,0,0,0,0,0,0,0,0,0,0,35600000,0,0,0,0,0,0,0,0,0,0,0,0,0,0,0,0,0,0,0,0,0,0,0,0,0,0,0,0,1815000,0,0,0,0,0,0,0,0,0,0,0,0,0,0,0,0,0,0,0,0,0,0,0,0,0,0,0,0,0,0,0,0,0,0,0,0,0,0,0,0,0,840160000,0,0,204700000,0,0,0,0,0,0,0,0,0,0,0,0,0,0,0
"Seychelles",0,0,0,0,0,0,0,0,0,0,0,0,0,0,0,0,0,0,0,0,0,0,0,0,0,0,0,0,0,0,0,0,0,0,0,0,0,0,0,0,0,0,0,0,0,0,0,0,0,0,0,0,0,0,0,0,0,0,0,0,0,0,0,0,0,0,0,0,0,0,0,0,0,0,0,0,0,0,0,0,0,0,0,0,0,0,0,0,0,0,0,0,0,0,0,0,0,0,0,0,0,0,0,0,0,0,0,0,0,0,0,0,0,0,0,0,0,0,0,0,0,0,0,0,0,0,0,0,0,0,0,0,0,0,0,0,0,0,0,0,0,0,0,0,0,0,0,0,0,0,0,0,0,0,0,0,0,0,0,0,0,0,0,0,0,0,0,0,0,0,0,0,0,0,0,0,0,0,0,0,0,0,0,0,0,0,0,0,0,0,0,0,0,0,0
"Sierra Leone",0,0,0,0,0,0,0,0,0,0,0,0,0,0,0,0,0,0,0,0,0,0,0,0,0,0,0,0,0,0,0,0,0,0,0,0,0,0,0,0,0,0,0,0,0,0,0,0,0,0,0,0,0,0,0,0,0,0,0,0,0,0,0,0,0,0,0,0,0,0,0,0,0,0,0,0,0,0,0,0,0,0,0,0,0,0,0,0,0,0,0,0,0,0,0,0,0,0,0,0,0,0,0,0,0,0,0,0,0,0,0,0,0,0,0,0,0,0,0,0,0,0,0,0,0,0,0,0,0,0,0,0,0,0,0,0,0,0,0,0,0,0,0,0,0,0,0,0,0,0,0,0,0,0,0,0,0,0,0,0,0,0,0,0,0,0,0,0,0,0,0,0,0,0,0,0,0,0,0,0,0,0,0,0,0,0,0,0,0,0,0,0,0,0,0
"Slovenia",0,0,40940000,0,0,0,1815000,7305330000,0,0,0,0,0,0,0,0,0,0,0,0,0,0,0,0,0,5445000,0,0,0,0,0,0,0,0,0,0,0,0,0,0,0,0,0,0,0,0,0,0,0,0,0,0,0,131720000,0,0,0,0,0,89210000,2117670000,0,0,0,0,0,0,0,0,0,0,0,3681040000,2660975000,0,0,0,0,0,1815000,0,145476330000,0,0,0,0,0,0,0,0,0,0,0,0,0,0,0,0,0,0,0,0,0,0,0,0,0,0,0,0,0,0,0,0,0,0,3630000,0,0,0,0,0,0,0,0,0,0,0,0,0,0,0,0,0,0,0,0,0,1815000,0,0,0,0,0,0,0,0,0,0,0,0,0,0,0,0,0,0,0,0,0,212355000,0,0,0,0,0,0,0,0,0,0,0,0,0,0,0,0,0,5445000,0,0,0,0,0,0,0,0,0,0,0,48855000,0,0,0,0
"Slovakia",0,0,0,0,0,0,0,65488520000,0,0,0,0,0,0,0,0,0,0,0,0,0,89420000,0,0,0,0,0,0,0,0,0,0,0,0,0,0,0,0,1844080000,0,0,1691780000,0,0,0,0,0,0,0,742260000,0,0,0,9138520000,0,0,0,0,0,226710900000,0,0,0,10893600000,0,0,0,0,0,0,0,0,46696865000,0,0,0,0,0,0,0,0,59918360000,0,0,0,0,0,0,0,0,0,0,0,17800000,0,0,0,0,0,331080000,0,0,0,0,0,0,0,0,0,0,0,0,0,0,0,0,162166900000,0,0,0,0,0,0,0,0,0,0,0,55070735000,0,0,0,0,795561400000,0,0,0,0,0,0,188680000,0,0,0,0,0,0,0,0,0,0,3533300000,0,0,0,0,177855820000,0,0,0,0,4775740000,0,0,0,0,0,0,0,0,0,0,0,0,0,0,0,0,0,0,0,0,0,0,0,0,0,0,21913585000,0,0,0,0,0,0
"Singapore",0,0,0,0,0,0,9859440000,0,0,2143700000,0,99055000,0,0,0,0,0,0,0,172380000,909025000,0,181455000,0,0,0,0,0,6552255000,0,0,87295000,0,0,0,0,0,0,0,0,167960000,0,0,0,0,0,0,0,0,0,0,450050000,53040000,0,0,0,0,0,0,0,0,0,0,0,0,0,0,0,0,0,0,6682760000,0,0,0,358020000,4646365000,10108540000,0,0,0,0,0,0,0,0,0,0,0,701130000,4420000,1815000,6311760000,0,0,2.21e+08,0,0,0,0,0,0,0,34380860000,740980000,0,0,0,234260000,0,0,0,0,0,0,133500000,3560000,0,1815000,0,10890000,137020000,0,0,0,0,0,0,0,4420000,0,0,7425600000,0,0,0,0,0,123760000,0,0,0,0,0,0,0,0,0,0,71190000,0,0,0,0,0,70720000,0,0,0,0,0,0,0,0,1815000,0,2413320000,0,0,0,0,0,0,1248960000,0,0,0,0,4420000,0,0,0,0,196575000,0,0,0,0,0,0,0,0,0,0,0
"Somalia",0,0,0,0,0,0,0,0,0,0,0,0,0,0,0,0,0,0,0,0,0,0,0,0,0,0,0,0,0,0,0,0,0,0,0,0,0,0,0,0,0,0,0,0,0,0,0,0,0,0,0,0,0,0,0,0,0,0,0,0,0,0,0,0,0,0,0,0,0,0,0,0,0,0,0,0,0,0,0,0,0,0,0,0,0,0,0,0,0,0,0,0,0,0,0,0,0,0,0,0,0,0,0,0,0,0,0,0,0,0,0,0,0,0,0,0,0,0,0,0,0,0,0,0,0,0,0,0,0,0,0,0,0,0,0,0,0,0,0,0,0,0,0,0,0,0,0,0,0,0,0,0,0,0,0,0,0,0,0,0,0,0,0,0,0,0,0,0,0,0,0,0,0,0,0,0,0,0,0,0,0,0,0,0,0,0,0,0,0,0,0,0,0,0,0
"South Africa",0,0,0,0,0,1302960000,954930000,0,0,247420000,0,0,0,0,0,0,0,0,0,0,0,0,0,0,3188475000,19860000,0,0,0,0,0,0,58740000,39930000,806040000,0,0,0,5445000,0,0,0,0,0,0,0,7120000,0,0,0,0,0,0,553580000,0,345320000,0,0,0,16020000,0,17870000,0,60520000,0,0,0,0,0,0,0,530460000,0,0,0,103240000,0,0,0,3560000,0,23140000,242080000,0,0,1962825000,0,0,25895825000,0,0,3486615000,0,0,0,0,0,0,0,0,0,647825000,88416910000,0,0,44500000,0,0,113330000,48942880000,9075000,0,159447735000,0,0,0,1303030000,0,0,0,0,208235000,0,0,49840000,0,0,0,0,0,0,0,15299100000,0,0,0,0,21780000,0,697542060000,0,0,0,0,0,0,0,7155000,453900000,28690000,0,0,0,398720000,0,0,0,0,0,0,0,1815000,0,0,339980000,17536560000,11117455000,0,0,0,0,0,0,965870000,19790000,0,5004225000,292215000,19825000,1780000,0,0,0,8900000,587400000,0,29074335000,204598275000,0,0,0,0,0,0,0
"Spain",0,0,67640000,637065000,0,0,4420000,99455000,0,0,0,0,0,0,0,0,0,0,0,0,0,0,0,0,0,0,0,0,0,0,0,0,0,0,0,0,0,0,3560000,0,0,513520000,0,0,0,0,19580000,0,9075000,0,0,0,144200000,47499650000,0,0,5321680000,0,359370000,2064255000,0,0,0,28176720000,0,0,0,0,0,0,0,0,16020000,0,3640000,0,0,22100000,0,2060000,771890000,113063830000,0,0,0,424320000,8900000,0,0,0,0,645320000,3560000,0,0,1658420000,0,0,39930000,0,0,0,0,0,0,0,0,1196085000,0,0,0,9263740000,0,0,0,0,202190000,0,0,7120000,0,0,0,0,0,13080000,0,0,0,0,0,0,0,91060000,386801610000,0,0,0,0,0,14240000,0,453120000,0,0,0,0,0,0,0,0,3560000,0,0,0,0,0,0,0,0,17800000,70855000,3560000,0,137020000,0,0,0,0,0,0,658580000,4904040000,44200000,0,0,65819635000,0,265220000,0,0,0,0,0,0,0,0,0,17120685000,0,0,0,0,0,0
"Suriname",0,0,0,0,0,0,0,0,0,0,0,0,0,0,0,0,0,0,0,0,0,0,0,0,0,0,0,0,0,0,0,0,0,0,0,0,0,0,0,0,0,0,0,0,0,0,0,0,0,0,0,0,0,0,0,0,0,0,0,0,0,0,0,0,0,0,0,0,0,0,0,0,0,0,0,0,0,0,0,0,0,0,0,0,0,0,0,0,0,0,0,0,0,0,0,0,0,0,0,0,0,0,0,0,0,0,0,0,0,0,0,0,0,0,0,0,0,0,0,0,0,0,0,0,0,0,0,0,0,0,0,0,0,0,0,0,0,0,0,0,0,0,0,0,0,0,0,0,0,0,0,0,0,0,0,0,0,0,0,0,0,0,0,0,0,0,0,0,0,0,0,0,0,0,0,0,0,0,0,0,0,0,0,0,0,0,0,0,0,0,0,0,0,0,0
"Tajikistan",0,0,0,0,0,0,0,0,0,0,0,0,0,0,0,0,0,0,0,0,0,0,0,0,0,0,0,0,0,0,0,0,0,0,0,0,0,0,0,0,0,0,0,0,0,0,0,0,0,0,0,0,0,0,0,0,0,0,0,0,0,0,0,0,0,0,0,0,0,0,0,0,0,0,0,0,0,0,0,0,0,0,0,0,0,0,0,0,0,0,0,0,0,0,0,0,0,0,0,0,0,0,0,0,0,0,0,0,0,0,0,0,0,0,0,0,0,0,0,0,0,0,0,0,0,0,0,0,0,0,0,0,0,0,0,0,0,0,0,0,0,0,0,0,0,0,0,0,0,0,0,0,0,0,0,0,0,0,0,0,0,0,0,0,0,0,0,0,0,0,0,0,0,0,0,0,0,0,0,0,0,0,0,0,0,0,0,0,0,0,0,0,0,0,0
"Swaziland",0,0,0,0,0,0,0,0,0,0,0,0,0,0,0,0,0,0,0,0,0,0,0,0,0,0,0,0,0,0,0,0,0,0,0,0,0,0,0,0,0,0,0,0,0,0,0,0,0,0,0,0,0,0,0,0,0,0,0,0,0,0,0,0,0,0,0,0,0,0,0,0,0,0,0,0,0,0,0,0,0,0,0,0,0,0,0,0,0,0,0,0,0,0,0,0,0,0,0,0,0,0,0,0,0,0,0,0,0,0,0,0,0,0,0,0,0,0,0,0,0,0,0,0,0,0,0,0,0,0,0,0,0,0,0,0,0,0,0,0,0,0,0,0,0,0,0,0,0,0,0,0,0,0,0,6790430000,0,0,0,0,0,0,0,0,0,0,0,0,0,0,0,0,0,0,0,0,0,0,0,0,0,0,0,0,0,0,0,0,0,0,0,0,0,0,0
"Sweden",0,0,0,0,0,0,0,14240000,0,0,0,0,0,0,0,0,0,0,0,0,0,1780000,0,0,0,0,0,0,0,0,0,0,0,0,0,0,0,0,0,0,0,1875380000,0,0,0,0,0,0,0,0,0,0,144675000,0,0,0,0,0,0,194480000,0,0,0,0,0,0,0,0,0,0,0,0,0,0,0,0,0,99825000,0,0,0,0,0,0,0,0,0,0,0,0,0,0,0,0,0,0,0,0,0,0,0,0,0,0,0,0,0,0,0,0,0,0,0,0,0,0,223245000,0,0,0,0,0,0,0,0,459680000,0,0,0,0,0,0,415480000,0,0,0,0,0,0,0,0,0,0,0,0,0,0,0,0,0,0,0,0,0,0,0,0,0,0,0,0,0,0,0,0,0,0,0,0,0,0,0,0,0,0,0,70720000,0,0,0,0,0,0,0,0,0,0,0,0,0,0,0,0,0,0
"Switzerland",0,0,0,0,0,0,3730000,5.9e+07,0,0,0,0,0,0,0,0,0,0,0,0,0,0,0,0,0,0,0,0,0,0,0,0,0,0,0,0,0,0,0,0,0,0,0,0,0,0,0,0,0,0,0,0,0,1060120000,0,0,0,0,0,559495000,0,0,0,0,0,0,0,0,0,0,0,0,0,0,0,0,0,0,0,0,13055000,439455000,0,0,0,0,0,0,0,0,0,0,0,0,0,0,0,0,0,0,0,0,0,5410000,0,0,0,0,0,0,0,0,0,0,0,0,87485000,0,0,0,0,0,0,0,0,16785000,0,0,0,0,0,0,0,14920000,37300000,0,0,0,0,0,0,0,0,0,0,0,0,0,0,0,0,0,0,0,0,0,139875000,0,0,0,110035000,0,0,0,7460000,0,1815000,0,0,0,0,0,0,0,0,0,160105000,0,1780000,0,0,0,0,0,0,0,0,0,30680000,0,0,0,0,0,0
"Syrian Arab Republic",0,0,0,473715000,0,0,0,0,0,0,0,0,0,0,0,0,0,0,0,0,0,0,0,0,0,0,0,0,0,0,0,0,0,0,0,0,0,0,0,0,0,0,0,0,0,0,1471965000,0,0,0,0,0,0,0,0,0,0,0,0,0,0,0,0,0,0,0,0,0,0,0,0,0,0,0,0,0,0,0,317625000,0,0,0,0,0,0,0,13792110000,0,0,0,0,0,0,0,0,0,0,0,0,0,0,0,0,0,0,0,0,0,0,0,0,0,0,0,0,0,0,0,0,0,0,0,0,0,0,0,0,0,0,0,0,0,0,0,0,0,0,0,0,0,0,0,0,0,0,0,0,2071515000,0,0,0,0,0,0,0,0,0,0,0,0,0,0,0,0,0,0,0,0,0,0,0,0,0,0,0,0,0,0,0,0,0,0,0,0,0,0,0,0,0,0,0,0,0,0,0
"Turkmenistan",0,0,0,0,0,0,0,0,0,0,0,0,0,0,0,0,0,0,0,0,0,0,0,0,0,0,0,0,0,0,0,0,0,0,0,0,0,0,0,0,0,0,0,0,0,0,0,0,0,0,0,0,0,0,0,0,0,0,0,0,0,0,0,0,0,0,0,0,0,0,0,0,0,0,0,0,0,0,0,0,0,0,0,0,0,0,0,0,0,0,0,0,0,0,0,0,0,0,0,0,0,0,0,0,0,0,0,0,0,0,0,0,0,0,0,0,0,0,0,0,0,0,0,0,0,0,0,0,0,0,0,0,0,0,0,0,0,0,0,0,0,0,0,0,0,0,0,0,0,0,0,0,0,0,0,0,0,0,0,0,0,0,0,0,0,0,0,0,0,0,0,0,0,0,0,0,0,0,0,0,0,0,0,0,0,0,0,0,0,0,0,0,0,0,0
"Taiwan",0,0,0,0,0,0,103525000,0,0,0,0,0,0,0,0,0,0,0,0,0,0,0,0,0,0,20515000,0,0,0,0,0,11190000,0,0,0,0,0,0,0,0,0,0,3630000,0,0,0,0,0,0,0,0,0,0,0,0,0,0,0,0,0,0,0,0,0,0,0,0,0,0,0,0,197315000,0,0,0,0,0,0,0,0,0,0,0,0,0,0,0,0,0,0,0,0,0,0,0,0,0,0,0,0,0,0,0,2497420000,0,0,0,0,0,0,0,0,0,0,0,0,0,0,0,0,0,0,0,0,3630000,0,0,0,0,0,0,0,0,0,0,0,0,0,0,0,0,0,0,0,0,0,0,0,0,0,0,0,0,1772420000,0,14520000,0,1865000,0,0,0,0,0,0,0,0,0,0,0,0,0,0,0,0,0,0,0,0,144500000,0,0,0,0,0,0,0,0,0,0,0,0,0,0,0,0
"United Republic of Tanzania",0,0,0,0,0,5.34e+10,0,0,0,0,0,0,0,0,0,0,0,0,0,0,0,0,0,1028320000,0,0,0,0,0,0,0,16372440000,0,453400000,3630000,0,0,0,0,0,0,0,0,0,0,0,0,0,0,0,0,0,0,0,0,0,0,0,0,0,0,0,0,0,0,0,0,0,0,0,0,0,0,0,0,0,0,0,0,0,0,0,0,0,0,0,0,0,67650755000,0,0,53400000,0,0,0,0,0,0,0,0,0,879320000,1.424e+10,0,0,0,0,0,0,0,0,0,230505000,0,0,0,0,0,0,0,0,0,0,0,0,0,0,0,0,0,0,0,0,0,0,0,0,0,0,0,0,583840000,0,0,0,0,0,0,0,0,0,0,0,0,0,9462480000,0,0,0,0,0,0,0,0,0,0,0,0,0,0,19615000,0,0,2148810000,0,0,119790000,0,0,0,0,0,0,0,0,0,10423515000,21144620000,0,0,0,0,0,0,0
"Thailand",0,0,0,0,0,0,199950000,0,0,33820000,0,3079780000,0,0,0,0,0,0,0,0,12705000,280000,2312070000,0,0,90205000,0,0,1276850000,0,0,915960000,590960000,0,0,0,0,0,0,0,0,13160000,0,0,0,0,8900000,1780000,0,0,0,0,12320000,74010000,0,0,0,0,0,23240000,0,1780000,0,0,0,0,1e+07,0,0,0,0,24220000,0,0,30540000,60520000,324041915000,0,0,0,0,0,0,0,0,20842900000,0,26520000,0,3816740000,34280000,7415000,0,0,2455570000,0,0,0,0,0,0,0,0,3.44267e+11,0,0,0,0,0,0,0,0,0,0,0,0,88480000,0,1815000,0,0,9195000,0,0,0,12040000,3.827e+09,0,0,0,0,679960000,10315835000,76540000,0,0,0,0,0,0,0,0,280000,0,0,0,0,1815000,76230000,23595000,0,0,0,531900000,0,86945000,0,0,0,0,10640000,3180000,0,0,9223040000,0,0,0,0,0,0,0,0,840000,0,0,672560000,0,514245000,0,0,0,0,490191105000,0,0,0,5340000,65395000,0,0,0,0,0,0
"Togo",0,0,0,0,0,0,0,0,0,0,0,0,0,0,0,0,0,0,0,0,0,0,0,0,0,0,0,0,0,0,0,0,0,0,0,0,0,0,0,0,0,0,0,0,0,0,0,0,0,0,0,0,0,0,0,0,0,135280000,0,0,0,0,0,0,0,0,0,0,0,0,0,0,0,0,0,0,0,0,0,0,0,0,0,0,0,0,0,0,0,0,0,0,0,0,0,0,0,0,0,0,0,0,0,0,0,0,0,0,0,0,0,0,0,0,0,0,0,0,0,0,0,0,0,0,0,0,0,0,0,0,0,0,0,0,0,0,0,0,0,0,0,0,0,0,0,0,0,0,0,0,0,0,0,0,0,0,0,0,0,0,0,0,0,0,0,0,0,0,0,0,0,0,0,0,0,0,0,0,0,0,0,0,0,0,0,0,0,0,0,0,0,0,0,0,0
"Tonga",0,0,0,0,0,0,0,0,0,0,0,0,0,0,0,0,0,0,0,0,0,0,0,0,0,0,0,0,0,0,0,0,0,0,0,0,0,0,0,0,0,0,0,0,0,0,0,0,0,0,0,0,0,0,0,0,0,0,0,0,0,0,0,0,0,0,0,0,0,0,0,0,0,0,0,0,0,0,0,0,0,0,0,0,0,0,0,0,0,0,0,0,0,0,0,0,0,0,0,0,0,0,0,0,0,0,0,0,0,0,0,0,0,0,0,0,0,0,0,0,0,0,0,0,0,0,0,0,0,0,0,0,0,0,0,0,0,0,0,0,0,0,0,0,0,0,0,0,0,0,0,0,0,0,0,0,0,0,0,0,0,0,0,0,0,0,0,0,0,0,0,0,0,0,0,0,0,0,0,0,0,0,0,0,0,0,0,0,0,0,0,0,0,0,0
"Trinidad and Tobago",0,0,0,0,2151010000,0,0,0,0,0,332260000,0,0,0,0,0,0,0,0,0,0,0,0,0,0,70560000,0,0,0,0,0,0,0,0,0,0,0,0,0,0,0,0,57460000,89945000,0,0,0,0,0,0,0,0,0,1780000,0,0,0,0,0,0,0,0,0,0,0,118775000,0,0,13366020000,0,0,0,0,0,0,0,0,0,0,0,0,0,0,0,0,0,0,0,0,0,0,0,0,0,0,0,0,0,0,0,0,0,0,0,0,0,0,0,0,0,0,0,0,0,0,0,0,0,0,0,0,0,0,0,0,0,0,0,0,0,0,0,0,0,0,0,0,0,0,0,0,0,0,14345000,124880000,116715000,0,0,0,0,0,0,0,0,0,0,0,1632260000,0,0,0,0,0,0,0,0,0,0,0,0,0,0,0,0,0,0,3640000,0,194980000,0,0,0,0,0,0,0,0,0,0,0,0,0,0,0,0
"Oman",0,0,0,0,0,0,216580000,0,0,7239960000,0,994500000,0,0,0,0,0,0,0,0,0,0,0,0,0,579020000,0,0,0,0,0,2.21e+08,0,0,0,0,0,0,0,0,0,0,0,0,0,0,1144780000,0,0,0,0,0,0,0,0,0,0,0,0,0,0,0,0,0,0,0,0,0,0,0,0,0,0,0,0,8362640000,0,0,154700000,0,0,4420000,0,0,0,203320000,3089580000,0,114920000,0,0,0,12574900000,0,0,2961400000,0,0,0,0,0,0,0,1476280000,0,0,0,194480000,0,0,0,0,0,0,0,0,0,0,0,0,0,0,0,0,0,0,1.105e+09,0,0,0,0,0,0,0,0,0,0,0,14656720000,0,0,0,0,0,0,0,0,111330960000,114920000,133500000,0,0,0,353600000,1087320000,0,66300000,0,0,0,0,0,9697480000,0,0,945880000,0,0,0,0,0,0,0,143917265000,0,0,66300000,0,194480000,0,0,0,0,0,0,914080000,0,159120000,0,0,0,0,0,0,0
"Tunisia",0,0,0,0,0,0,0,0,0,0,0,0,0,0,0,0,0,0,0,0,0,0,0,0,0,0,0,0,0,0,0,0,0,0,0,0,0,0,0,0,0,0,0,0,0,0,0,0,0,0,0,0,0,0,0,0,0,0,0,0,0,0,0,0,0,0,0,0,0,0,0,0,0,0,0,0,0,0,0,0,0,0,0,0,0,0,0,0,0,0,0,0,0,0,0,0,0,0,349080400000,0,0,0,0,0,0,13260000,0,8840000,0,0,0,0,0,0,0,0,0,0,0,0,0,0,0,0,0,0,0,0,0,0,0,0,0,0,0,0,0,0,0,0,0,0,0,0,0,0,0,0,0,0,0,0,0,0,0,0,0,0,0,0,512720000,0,0,0,0,0,0,0,0,0,0,0,0,0,0,0,0,0,0,0,0,0,0,0,0,0,0,0,4.862e+09,0,0,0,0,0,0
"Turkey",0,0,145980000,2431885000,0,1815000,13260000,955305000,0,0,0,0,0,0,0,0,0,0,0,0,0,355060000,0,0,0,17680000,0,0,0,0,5340000,0,0,0,38115000,0,0,0,10201125000,1298820000,0,36330000,0,0,0,0,9951005000,0,0,0,0,0,0,4636935000,0,0,31860000,0,0,1301085000,0,0,0,420080000,0,0,0,0,0,0,72500000,0,370240000,331080000,0,0,4420000,1138940000,5883035000,1815000,59119475000,11255915000,0,102650000,0,77400000,1919200000,0,0,0,0,0,1221310000,0,0,1366120000,0,0,144110890000,0,0,0,0,658845000,0,0,0,0,0,0,0,0,0,0,0,0,2506540000,0,0,482790000,0,0,0,0,0,2199440000,1118230000,0,0,0,0,0,0,0,0,0,0,0,0,0,9790000,0,13116795000,0,0,0,0,6622200000,0,0,0,0,0,13260000,0,1780000,46431300000,0,0,0,533675000,14450000,261843785000,43340000,0,0,0,0,0,0,0,37380000,0,1815000,0,0,162325000,730780000,33840000,0,0,251940000,0,0,35360000,61880000,0,0,1780000,0,0,0,0,0,0
"United Arab Emirates",199360000,0,0,2.21e+08,0,0,932620000,101660000,0,4077475000,0,78045000,0,0,0,0,0,0,0,0,0,0,0,0,0,273420000,0,0,319395000,0,0,0,0,0,350980000,0,0,0,0,10680000,0,0,0,0,0,0,1630980000,0,0,0,0,0,0,0,0,636520000,0,0,0,61880000,0,61880000,0,0,0,0,0,16020000,0,0,0,110500000,0,0,0,42720000,57460000,69039335000,2024575000,0,0,0,0,0,0,0,58775000,0,3272755000,0,0,44200000,8670460000,0,0,1834300000,0,0,1252540000,0,0,0,0,3156370000,8840000,0,0,0,0,0,0,234135000,0,0,0,0,0,0,0,0,0,70720000,0,0,0,0,2195790000,0,0,0,0,0,0,0,0,0,0,154860000,421660000,0,0,0,0,0,0,0,0,1352890000,0,26875000,0,0,0,0,13295420000,0,0,0,0,0,0,0,0,0,226875000,402600000,0,0,0,0,485150000,0,0,0,0,0,0,0,79560000,0,0,0,0,0,361340000,6243120000,0,0,0,0,0,0,0,0,0
"Uganda",0,0,0,0,0,0,0,0,0,0,0,0,0,0,0,0,0,0,0,0,0,0,0,111335980000,0,0,0,0,0,0,0,0,0,0,181500000,0,0,0,0,0,0,0,0,0,0,0,0,0,0,0,0,0,0,0,0,0,0,0,0,0,0,0,0,0,0,0,0,0,0,0,0,0,0,0,0,0,0,0,0,0,0,312180000,0,0,0,0,0,0,94649605000,0,0,0,0,0,0,0,0,0,0,0,0,0,0,0,0,0,0,0,0,0,0,0,0,0,0,0,0,0,0,0,0,0,0,0,0,0,0,0,0,0,0,0,0,0,0,0,0,0,0,0,0,24795345000,0,0,0,0,0,0,0,0,0,0,0,0,0,533610000,0,0,0,0,0,0,0,0,0,42145885000,0,0,0,0,5445000,0,0,51620000,0,0,210505000,0,0,0,0,0,0,0,0,0,80407545000,0,0,0,0,0,0,0,0
"Tuvalu",0,0,0,0,0,0,0,0,0,0,0,0,0,0,0,0,0,0,0,0,0,0,0,0,0,0,0,0,0,0,0,0,0,0,0,0,0,0,0,0,0,0,0,0,0,0,0,0,0,0,0,0,0,0,0,0,0,0,0,0,0,0,0,0,0,0,0,0,0,0,0,0,0,0,0,0,0,0,0,0,0,0,0,0,0,0,0,0,0,0,0,0,0,0,0,0,0,0,0,0,0,0,0,0,0,0,0,0,0,0,0,0,0,0,0,0,0,0,0,0,0,0,0,0,0,0,0,0,0,0,0,0,0,0,0,0,0,0,0,0,0,0,0,0,0,0,0,0,0,0,0,0,0,0,0,0,0,0,0,0,0,0,0,0,0,0,0,0,0,0,0,0,0,0,0,0,0,0,0,0,0,0,0,0,0,0,0,0,0,0,0,0,0,0,0
"United Kingdom",0,0,0,0,0,0,0,160935000,0,75140000,8840000,0,0,0,0,0,456910000,0,0,0,0,0,0,0,0,0,0,0,13260000,0,0,0,0,0,0,0,0,0,73895000,0,0,3741655000,0,0,0,0,0,0,0,0,0,0,183085000,357285000,0,0,0,0,0,35520055000,0,0,0,21115365000,0,0,0,0,0,0,0,100980000,0,0,1082520000,0,0,945880000,0,59050455000,0,52295000,0,0,0,0,0,0,0,0,0,4420000,1815000,4420000,0,0,0,0,0,0,0,0,0,179685000,0,0,128110000,0,0,4420000,0,13253880000,0,0,0,0,76619450000,0,0,0,0,0,0,0,280000,914555000,0,0,0,0,0,0,1972905000,5445000,46315000,0,0,0,0,0,0,0,5375000,0,0,0,0,0,0,0,17680000,0,0,1780000,0,0,50995000,0,0,0,3860735000,0,0,0,0,0,3630000,0,0,0,0,0,0,75140000,0,0,0,0,26520000,0,0,0,0,0,0,17680000,0,0,3621575000,0,0,0,0,0,0
"Ukraine",421575000,0,18711360000,52524240000,0,0,0,323960000,0,0,0,0,0,0,0,0,0,0,0,0,0,0,0,0,0,8840000,0,0,0,0,0,0,0,0,0,0,0,0,81418980000,8157740000,0,0,0,0,627191050000,0,0,0,0,2974380000,0,0,0,217160000,0,0,107799440000,0,0,25410000,0,0,0,4382035000,0,0,0,0,0,0,0,0,61089600000,0,0,0,0,300964180000,0,0,390670840000,0,0,9635130000,0,0,2.937e+10,1780210000,13415860000,0,0,0,0,0,0,16555780000,0,0,268949100000,1545040000,0,0,0,21495280000,0,0,0,0,0,0,0,0,0,1376495000,0,0,91004280000,0,0,0,0,0,0,0,0,0,0,129877700000,0,0,0,0,0,71200000,37597160000,0,0,0,0,0,0,0,657557785000,0,0,11573560000,0,0,0,0,0,0,0,0,0,0,512059720000,0,0,0,0,763002340000,170484840000,56265000,0,0,0,0,0,0,0,241138380000,1.3706e+10,0,0,0,99822435000,0,33723990000,0,0,320400000,0,0,0,0,0,0,0,0,0,0,0,0,0
"United States of America",4.0317e+10,7120000,10732320000,4319303500000,65305000,4548640000,84603160000,21732020000,10172730000,238520000,117089105000,227860000,0,0,1889655000,0,875560000,0,8975745000,0,3560000,6489880000,0,37365200000,1297725000,8405989340000,32512155000,17180790000,0,11336490000,1370724505000,316984790000,10908485840000,0,7212560000,0,2323907390000,1854806305000,382425000,0,85440000,2664765000,0,4261535315000,0,1617843950000,13878788460000,1901315925000,0,115700000,0,528660000,469920000,31763240000,28410580000,206480000,236740000,186900000,0,23340965000,0,0,0,10284150000,0,30667620000,2633485445000,3673560000,76431440000,31341185000,1257905380000,264961840000,2397660000,23140000,1699530000,4153170000,1907274800000,593702980000,37878400000,353079520000,3589244260000,9375960000,28257735000,24920000,983170685000,55597775285000,1321177220000,0,141743335000,0,0,18921028955000,101940360000,1165900000,0,757921205000,29736960000,33820000,841518140000,19580000,0,2139885000,38697615000,455357830000,0,16692555000,110360000,0,0,29073820250000,0,3709312740000,30096330000,0,9984440000,117480000,71656895000,0,0,0,0,3043245000,458019115000,4011080000,17061300000,1475620000,12822115000,1257495340000,1778220000,0,1085905000,1492155465000,14239110000,2214320000,3262750000,0,0,0,73540000,78500565000,59720780000,15303370000,58174480000,16115000,233905000,20998540000,0,3143133605000,45044680000,0,240300000,37380000,740480000,4803070000,1.1481e+10,70162585000,94343100000,50637715000,0,12973620000,5068325000,698840000,5180577860000,0,15078832310000,229888980000,11969290000,0,0,421831640000,142633645000,2613890560000,1675446305000,344725655000,30987495000,0,70338185000,1952240000,0,5523045000,5445000,0,1124949125000,90811345000,0,79133460000,96753180000,0,5785270000,0,347100000,0,0,0,0
"Burkina Faso",0,0,0,0,0,0,0,0,0,0,0,0,0,0,0,0,0,0,0,0,0,0,0,0,0,0,0,0,0,0,0,0,0,0,0,0,0,0,0,0,0,0,0,0,0,0,0,0,0,0,0,0,0,0,0,0,0,0,0,0,0,0,0,0,0,0,0,0,0,0,0,0,0,0,0,0,0,0,0,0,0,0,0,0,0,0,0,0,0,0,0,0,0,0,0,0,0,0,0,0,0,0,0,0,0,0,0,0,0,0,0,0,0,0,0,0,0,0,0,0,0,0,0,0,0,0,0,0,0,0,0,0,0,0,0,0,0,0,0,0,0,0,0,0,0,0,0,0,0,0,0,0,0,0,0,0,0,0,0,0,0,0,0,0,0,0,0,0,0,0,0,0,0,0,0,0,0,0,0,0,0,0,0,0,0,0,0,0,0,0,0,0,0,0,0
"Uruguay",0,0,0,0,0,0,0,0,0,0,0,0,0,0,0,0,1815000,0,0,0,0,0,0,0,0,0,0,0,0,0,0,0,0,0,0,0,0,0,0,0,0,0,0,0,0,0,0,0,0,0,0,0,0,153080000,0,0,0,0,0,10680000,0,0,0,0,0,0,0,0,0,0,0,0,1780000,0,0,0,0,0,0,0,0,1780000,0,0,0,0,0,0,0,0,0,0,0,0,0,0,0,0,0,0,0,0,0,0,0,0,0,0,0,1815000,0,0,0,0,0,0,0,0,0,0,0,0,0,0,0,0,0,0,0,0,0,0,0,0,0,0,0,0,0,0,0,0,0,0,0,0,0,0,0,0,0,0,0,0,0,0,12705000,0,0,0,0,0,38027920000,0,0,0,0,0,0,0,0,0,0,0,0,0,0,0,3630000,0,0,0,0,0,0,0,0,0,0,0,0,0,0,0,0
"Uzbekistan",0,0,0,0,0,0,0,0,0,0,0,0,0,0,0,0,0,0,0,0,0,0,0,0,0,0,0,0,0,0,0,0,0,0,0,0,0,0,0,0,0,0,0,0,0,0,0,0,0,0,0,0,0,0,0,0,0,0,0,0,0,0,0,0,0,0,0,0,0,0,0,0,0,0,0,0,0,0,0,0,0,0,0,0,0,0,0,0,0,0,0,0,0,0,0,0,0,0,0,0,0,0,0,0,0,0,0,0,0,0,0,0,0,0,0,0,0,0,0,0,0,0,0,0,0,0,0,0,0,0,0,0,0,0,0,0,0,0,0,0,0,0,0,0,0,0,0,0,0,0,0,0,0,0,0,0,0,0,0,0,0,0,0,0,0,0,0,0,0,0,0,0,0,0,0,0,0,0,0,0,0,0,0,0,0,0,0,0,0,0,0,0,0,0,0
"Venezuela (Bolivarian Republic of)",0,0,0,0,0,0,0,0,0,0,0,0,0,0,0,0,0,0,0,0,0,0,0,0,0,108900000,0,0,0,0,225060000,0,6939455000,0,0,0,94380000,72600000,0,0,0,0,3630000,373890000,0,0,0,0,0,0,0,0,0,239580000,0,0,0,0,0,0,0,0,0,0,0,0,0,0,9075000,0,0,0,0,0,0,0,0,0,0,0,0,275880000,0,0,0,0,0,0,0,0,0,0,0,0,0,74415000,0,0,0,0,0,0,0,0,0,0,0,0,0,0,0,0,0,0,0,0,678810000,0,0,0,0,0,0,0,0,0,0,0,0,0,0,0,0,0,1715175000,0,0,0,0,0,0,0,0,0,0,0,0,0,0,0,0,0,0,0,0,0,4597395000,0,0,0,39930000,0,0,0,0,0,0,0,0,119790000,4420000,0,0,0,0,0,39930000,0,6134700000,0,0,0,0,0,0,0,0,0,0,0,0,0,0,0,0
"Viet Nam",0,0,0,0,0,0,0,0,0,0,0,0,0,0,0,0,0,0,0,0,0,0,0,0,0,0,0,0,0,0,0,0,0,0,0,0,0,0,0,0,0,0,0,0,0,0,0,0,0,0,0,0,0,0,0,0,0,0,0,0,0,0,0,0,0,0,0,0,0,0,0,0,0,0,0,0,0,0,0,0,0,0,0,0,0,0,0,0,0,0,0,0,0,0,0,0,0,0,0,0,0,0,0,0,0,0,0,0,0,0,0,0,0,0,0,0,0,0,0,0,0,0,0,0,0,0,0,0,0,0,0,0,0,0,0,0,0,0,0,0,0,0,0,0,0,0,0,0,0,0,0,0,0,0,0,0,0,0,0,0,0,0,0,0,0,0,0,0,0,0,0,0,0,0,0,0,0,0,0,0,0,0,0,0,0,0,0,0,0,0,0,0,0,0,0
"Ethiopia",0,0,0,0,0,0,0,0,0,0,0,0,0,0,0,0,0,0,0,0,0,0,0,0,0,0,0,0,0,0,0,0,0,0,0,0,0,0,0,0,0,0,0,0,0,0,0,0,0,0,0,0,0,0,0,751160000,0,0,0,0,0,0,0,0,0,0,0,0,0,0,0,0,0,0,0,0,0,0,0,0,0,0,0,0,0,0,0,0,0,0,0,0,0,0,0,0,0,0,0,0,0,0,0,0,0,0,0,0,0,0,0,0,0,0,0,0,28480000,0,0,0,0,0,0,0,0,0,0,0,0,0,0,0,0,0,0,0,0,0,0,0,0,0,0,0,0,0,0,0,0,0,0,0,0,0,0,0,0,0,0,0,0,0,0,0,0,0,0,0,0,0,0,0,0,0,0,0,0,0,0,0,0,0,0,0,0,0,0,0,0,0,0,0,0,0,0
"Yemen",0,0,0,0,0,0,0,0,0,0,0,0,0,0,0,0,0,0,0,0,0,0,0,0,0,0,0,0,0,0,0,0,0,0,0,0,0,0,0,0,0,0,0,0,0,0,0,0,0,0,0,0,0,0,0,898380000,0,0,0,0,0,0,0,0,0,0,0,0,0,0,0,0,0,0,0,0,0,0,0,0,0,0,0,0,0,0,0,0,0,0,0,0,0,0,0,0,0,0,0,0,0,0,0,0,0,0,0,0,0,0,0,0,0,0,0,0,0,0,0,0,0,0,0,0,0,0,0,0,0,0,0,0,0,0,0,0,0,3082020000,32040000,0,0,0,0,0,0,0,0,30468330000,0,0,0,0,0,0,5657355000,0,0,0,0,0,0,0,32040000,0,0,0,0,0,0,0,0,0,0,6200000,0,0,0,0,0,0,0,0,0,0,0,0,0,0,0,0,0,0,0,0,8840000
"Democratic Republic of the Congo",0,0,0,0,0,0,0,0,0,0,0,0,0,0,0,0,0,0,0,0,0,0,0,0,0,0,0,0,0,0,0,0,0,0,0,0,0,0,0,0,0,0,0,0,0,0,0,0,0,0,0,0,0,0,0,0,0,0,0,0,0,0,0,0,0,0,0,0,0,0,0,0,0,0,0,0,0,0,0,0,0,0,0,0,0,0,0,0,0,0,0,0,0,0,0,0,0,0,0,0,0,0,0,0,0,0,0,0,0,0,0,0,0,0,0,0,0,0,0,0,0,0,0,0,0,0,0,0,0,0,0,0,0,0,0,0,0,0,0,0,0,0,0,0,0,0,0,0,0,0,0,0,0,0,0,0,0,0,0,0,0,0,0,0,0,0,0,0,0,0,0,0,0,0,0,0,0,0,0,0,0,0,0,0,0,0,0,0,0,0,0,0,0,0,0
"Zambia",0,0,0,0,0,0,0,0,0,0,0,0,0,0,0,3205780000,0,0,0,0,0,0,0,0,0,0,0,0,0,0,0,0,0,0,0,0,0,0,0,0,0,0,0,0,0,0,0,0,0,0,0,0,0,49840000,0,0,0,0,0,0,0,0,0,0,0,0,0,0,0,0,0,0,0,0,0,0,0,0,0,0,0,0,0,0,0,0,0,0,3981860000,0,0,0,0,0,0,0,384480000,0,0,0,0,17800000,7208270000,0,0,0,0,0,0,0,0,0,94340000,0,16130625000,0,0,0,0,0,0,0,0,0,0,0,0,0,0,0,0,0,0,0,0,0,0,0,0,302776445000,0,0,0,0,0,0,0,0,0,0,0,0,0,0,0,45763060000,0,0,0,6680340000,0,0,0,0,0,5544700000,0,0,0,0,0,0,0,0,0,0,0,0,512640000,0,0,0,0,0,0,0,59408950000,0,0,0,0,0,0,0,0
"Belgium",0,0,0,0,0,0,0,35931160000,0,0,720460000,419900000,0,0,0,0,0,0,0,0,0,0,0,4420000,4.719e+09,327080000,0,0,17680000,0,0,0,0,0,0,0,0,0,1180140000,0,0,12154510000,0,0,0,0,0,0,0,817980000,0,0,5588395000,198137525000,0,22100000,0,10785000,17680000,191137410000,0,225420000,0,76523460000,0,0,0,22100000,0,0,0,0,10277780000,0,154700000,88400000,0,808860000,0,1102585000,969760000,78490620000,3433980000,0,0,42720000,0,0,0,0,0,0,110500000,941460000,0,0,0,0,4115020000,535100000,0,0,0,27225000,0,0,2.14e+08,0,0,0,0,0,0,0,0,0,987588865000,0,66300000,83980000,0,0,0,0,0,437580000,1193400000,0,137940000,0,0,0,287300000,5404920000,20985480000,0,0,0,0,0,22100000,4420000,61880000,0,0,0,0,1780000,0,0,0,1166880000,0,0,0,0,64313370000,0,0,0,4633165000,5258300000,282880000,0,14240000,0,0,0,0,0,0,11580400000,181220000,203320000,0,0,82896325000,0,111170000,0,0,0,0,70720000,88400000,0,53040000,0,0,2338300000,0,0,0,0,0
"Luxembourg",0,0,0,0,0,0,0,0,0,0,0,0,0,0,0,0,0,0,0,0,0,0,0,0,0,0,0,0,0,0,0,0,0,0,0,0,0,0,0,0,0,0,0,0,0,0,0,0,0,0,0,0,0,582480000,0,0,0,0,0,2080425000,0,0,0,0,0,0,0,0,0,0,0,0,0,0,0,0,0,0,0,0,0,0,0,0,0,0,0,0,0,0,0,0,0,0,0,0,0,0,0,0,0,0,0,0,0,0,0,0,0,0,0,0,0,0,0,0,201140000,0,0,0,0,0,0,0,0,0,0,0,0,0,0,0,0,0,0,0,0,0,0,0,0,0,0,0,0,0,0,0,0,0,0,0,0,0,0,0,0,0,0,0,0,0,0,0,0,0,0,0,0,0,0,0,0,0,0,0,0,0,0,0,0,0,0,0,0,0,0,0,773465000,0,0,0,0,0,0
"Serbia",0,0,132614680000,0,0,0,9075000,21968760000,0,0,42720000,0,0,0,0,0,0,0,0,0,0,8462110000,0,0,0,21780000,0,0,0,0,0,0,0,0,0,0,0,0,78117080000,0,0,0,0,0,1780000,0,0,0,0,0,0,0,0,240300000,0,0,0,0,0,254894220000,680202150000,0,0,11061730000,0,0,0,0,0,0,0,0,1365260000,4705030000,0,0,0,405840000,0,0,43560000,392869040000,0,238520000,0,0,0,0,0,0,0,0,0,0,46280000,48060000,0,0,0,0,0,0,0,0,0,85440000,0,0,0,0,0,0,0,0,0,0,3494140000,0,0,277773210000,0,0,0,0,0,0,0,0,99680000,0,0,0,0,53400000,37803640000,0,0,0,0,0,37372880000,0,8398040000,0,0,0,0,0,0,0,0,58373720000,0,0,0,0,125600360000,0,0,0,16230000,40021695000,0,0,0,0,0,0,0,0,0,0,640800000,0,0,0,29403820000,14078020000,10890000,0,0,0,0,0,0,0,0,0,19435820000,0,0,0,0,0,0
"Montenegro",0,0,0,0,0,0,0,0,0,0,0,0,0,0,0,0,0,0,0,0,0,0,0,0,0,0,0,0,0,0,0,0,0,0,0,0,0,0,0,0,0,0,0,0,0,0,0,0,0,0,0,0,0,0,0,0,0,0,0,0,0,0,0,0,0,0,0,0,0,0,0,0,0,0,0,0,0,0,0,0,0,0,0,0,0,0,0,0,0,0,0,0,0,0,0,0,0,0,0,0,0,0,0,0,0,0,0,0,0,0,0,0,0,0,0,0,0,0,0,0,0,0,0,0,0,0,0,0,0,0,0,0,0,0,0,0,0,0,0,0,0,0,0,0,0,0,0,0,0,0,0,0,0,0,0,0,0,0,0,0,0,0,0,0,0,0,0,0,0,0,0,0,0,0,0,0,0,0,0,0,0,0,0,0,0,0,0,0,0,0,110780000,0,0,0,0
"Sudan",0,0,0,0,0,0,0,0,0,0,0,0,0,0,0,0,0,0,0,0,0,0,0,0,0,0,0,0,0,0,0,0,0,0,0,0,0,0,0,0,0,0,0,0,0,0,0,0,0,0,0,0,0,0,0,0,0,0,0,0,0,0,0,0,0,0,0,0,0,0,0,0,0,0,0,0,0,0,0,0,0,0,0,0,0,0,0,0,0,0,0,0,0,0,0,0,0,0,0,0,0,0,0,0,0,0,0,0,0,0,0,0,0,0,0,0,0,0,0,0,0,0,0,0,0,0,0,0,0,0,0,0,0,0,0,0,0,0,0,0,0,0,0,0,0,0,0,0,0,0,0,0,0,0,0,0,0,0,0,0,0,0,0,0,0,0,0,0,0,0,0,0,0,0,0,0,0,0,0,0,0,0,0,0,0,0,0,0,0,0,0,0,0,0,0
"South Sudan",0,0,0,0,0,0,0,0,0,0,0,0,0,0,0,0,0,0,0,0,0,0,0,0,0,0,0,0,0,0,0,0,0,0,0,0,0,0,0,0,0,0,0,0,0,0,0,0,0,0,0,0,0,0,0,0,0,0,0,0,0,0,0,0,0,0,0,0,0,0,0,0,0,0,0,0,0,0,0,0,0,0,0,0,0,0,0,0,0,0,0,0,0,0,0,0,0,0,0,0,0,0,0,0,0,0,0,0,0,0,0,0,0,0,0,0,0,0,0,0,0,0,0,0,0,0,0,0,0,0,0,0,0,0,0,0,0,0,0,0,0,0,0,0,0,0,0,0,0,0,0,0,0,0,0,0,0,0,0,0,0,0,0,0,0,0,0,0,0,0,0,0,0,0,0,0,0,0,0,0,0,0,0,0,0,0,0,0,0,0,0,0,0,0,0
"Occupied Palestinian Territory",0,0,0,0,0,0,0,0,0,0,0,0,0,0,0,0,0,0,0,0,0,0,0,0,0,0,0,0,0,0,0,0,0,0,0,0,0,0,0,0,0,0,0,0,0,0,0,0,0,0,0,0,0,0,0,0,0,0,0,0,0,0,0,0,0,0,0,0,0,0,0,0,0,0,0,0,0,0,0,0,0,0,0,0,0,0,0,0,0,0,0,0,0,0,0,0,0,0,0,0,0,0,0,0,0,0,0,0,0,0,0,0,0,0,0,0,0,0,0,0,0,0,0,0,0,0,0,0,0,0,0,0,0,0,0,0,0,0,0,0,0,0,0,0,0,0,0,0,0,0,0,0,0,0,0,0,0,0,0,0,0,0,0,0,0,0,0,0,0,0,0,0,0,0,0,0,0,0,0,0,0,0,0,0,0,0,0,0,0,0,0,0,0,0,0
