"","ARM","AFG","ALB","DZA","ATG","ARG","AUS","AUT","BHS","BHR","BRB","BGD","BMU","BTN","BOL","BWA","BRA","ARB","BLZ","SLB","BRN","BGR","MMR","BDI","CMR","CAN","CPV","CAF","LKA","TCD","CHL","CHN","COL","COM","COG","COK","CRI","CUB","CYP","AZE","BEN","DNK","DMA","DOM","BLR","ECU","EGY","SLV","GNQ","EST","FRO","FJI","FIN","FRA","PYF","DJI","GEO","GAB","GMB","DEU","BIH","GHA","KIR","GRC","GRL","GRD","GTM","GIN","GUY","HTI","HND","HKG","HUN","HRV","ISL","IND","IDN","IRN","IRQ","IRL","ISR","ITA","CIV","KAZ","JAM","JPN","JOR","KGZ","KEN","KHM","PRK","KOR","KWT","LVA","LAO","LBN","LSO","LBR","LBY","LTU","MAC","MDG","MWI","MYS","MDV","MLI","MLT","MRT","MUS","MEX","MNG","MAR","MOZ","MDA","NAM","NPL","NLD","ANT","NCL","MKD","VUT","NZL","NIC","NER","NGA","NOR","PAK","PAN","CZE","PNG","PRY","PER","PHL","POL","PRT","GNB","TLS","ERI","QAT","ZWE","ROU","RWA","RUS","KNA","LCA","VCT","STP","SAU","SEN","SYC","SLE","SVN","SVK","SGP","SOM","ZAF","ESP","SUR","TJK","SWZ","SWE","CHE","SYR","TKM","TWN","TZA","THA","TGO","TON","TTO","OMN","TUN","TUR","ARE","UGA","TUV","GBR","UKR","USA","BFA","URY","UZB","VEN","VNM","ETH","YEM","COD","ZMB","BEL","LUX","SRB","MNE","SDN","SSD","PSE"
"ARM",0,0,0,0,0,0,0,0,0,0,0,0,0,0,0,0,0,0,0,0,0,0,0,0,0,0,0,0,0,0,0,0,0,0,0,0,0,0,0,0,0,0,0,0,0,0,0,0,0,0,0,0,0,0,0,0,23205000,0,0,0,0,0,0,0,0,0,0,0,0,0,0,0,0,0,0,0,0,0,0,0,0,0,0,0,0,0,0,0,0,0,0,0,0,0,0,0,0,0,0,0,0,0,0,0,0,0,0,0,0,0,0,0,0,0,0,0,0,0,0,0,0,0,0,0,0,0,0,0,0,0,0,0,0,0,0,0,0,0,0,0,0,0,0,0,0,0,0,0,0,0,0,0,0,0,0,0,0,0,0,0,0,0,0,0,0,0,0,0,0,0,0,0,0,0,0,0,0,0,0,0,0,0,0,0,0,0,0,0,0,0,0,0,0,0,0
"AFG",0,0,0,0,0,0,0,0,0,0,0,0,0,0,0,0,0,0,0,0,0,0,0,0,0,0,0,0,0,0,0,0,0,0,0,0,0,0,0,0,0,0,0,0,0,0,0,0,0,0,0,0,0,0,0,0,0,0,0,0,0,0,0,0,0,0,0,0,0,0,0,0,0,0,0,0,0,0,0,0,0,0,0,0,0,0,0,0,0,0,0,0,0,0,0,0,0,0,0,0,0,0,0,0,0,0,0,0,0,0,0,0,0,0,0,0,0,0,0,0,0,0,0,0,0,0,0,0,0,0,0,0,0,0,0,0,0,0,0,0,0,0,0,0,0,0,0,0,0,0,0,0,0,0,0,0,0,0,0,0,0,0,0,0,0,0,0,0,0,0,0,0,0,0,0,0,0,0,0,0,0,0,0,0,0,0,0,0,0,0,0,0,0,0,0
"ALB",0,0,0,0,0,0,0,0,0,0,0,0,0,0,0,0,0,0,0,0,0,0,0,0,0,0,0,0,0,0,0,0,0,0,0,0,0,0,0,0,0,0,0,0,0,0,0,0,0,0,0,0,0,0,0,0,0,0,0,0,0,0,0,0,0,0,0,0,0,0,0,0,0,0,0,0,0,0,0,0,0,0,0,0,0,0,0,0,0,0,0,0,0,0,0,0,0,0,0,0,0,0,0,0,0,0,0,0,0,0,0,0,0,0,0,0,0,0,0,0,0,0,0,0,0,0,0,0,0,0,0,0,0,0,0,0,0,0,0,0,0,0,0,0,0,0,0,0,0,0,0,0,0,0,0,0,0,0,0,0,0,0,0,0,0,0,0,0,0,0,0,0,0,0,0,0,0,0,0,0,0,0,0,0,0,0,0,0,0,0,62775000,0,0,0,0
"DZA",0,0,0,0,0,0,0,0,0,0,0,0,0,0,0,0,0,0,0,0,0,0,0,0,0,0,0,0,0,0,0,0,0,0,0,0,0,0,0,0,0,0,0,0,0,0,0,0,0,0,0,0,0,9e+06,0,0,0,0,0,0,0,0,0,0,0,0,0,0,0,0,0,0,0,0,0,0,0,0,0,0,0,0,0,0,0,0,0,0,0,0,0,0,0,0,0,0,0,0,0,0,0,0,0,0,0,0,0,0,0,0,0,0,0,0,0,0,0,0,0,0,0,0,0,0,0,0,0,0,0,0,0,0,0,0,0,0,0,0,0,0,0,0,0,0,0,0,0,0,0,0,0,0,0,0,0,0,0,0,0,0,0,0,0,0,0,0,0,0,0,0,0,0,0,0,0,0,0,0,0,0,0,0,0,0,0,0,0,0,0,0,0,0,0,0,0
"ATG",0,0,0,0,0,0,0,0,0,0,0,0,0,0,0,0,0,0,0,0,0,0,0,0,0,0,0,0,0,0,0,0,0,0,0,0,0,0,0,0,0,0,0,0,0,0,0,0,0,0,0,0,0,0,0,0,0,0,0,0,0,0,0,0,0,0,0,0,0,0,0,0,0,0,0,0,0,0,0,0,0,0,0,0,0,0,0,0,0,0,0,0,0,0,0,0,0,0,0,0,0,0,0,0,0,0,0,0,0,0,0,0,0,0,0,0,0,0,0,0,0,0,0,0,0,0,0,0,0,0,0,0,0,0,0,0,0,0,0,0,0,0,0,0,0,0,0,0,0,0,0,0,0,0,0,0,0,0,0,0,0,0,0,0,0,0,0,0,0,0,0,0,0,0,0,0,0,0,0,0,0,0,0,0,0,0,0,0,0,0,0,0,0,0,0
"ARG",0,0,0,0,0,0,0,0,0,0,0,0,0,0,6325185000,0,908073345000,0,0,0,0,0,0,0,0,1416120000,0,0,0,0,277183755000,0,0,0,0,0,9213600000,24559200000,0,0,0,1022805000,0,0,0,0,0,0,0,0,0,0,0,0,0,0,0,0,1301400000,7281510000,0,0,0,0,0,0,0,0,0,3.69e+09,1.035e+09,0,0,0,0,0,0,0,134085600000,0,3274290000,12475365000,0,0,0,0,2.25e+08,0,0,0,0,0,0,171360000,0,2017800000,0,0,0,85680000,0,0,0,0,0,30715200000,0,0,0,0,0,0,0,0,0,0,42965670000,0,0,0,0,35775000,0,0,0,0,0,8985000,0,0,1148975000,38623980000,0,11745300000,28101255000,4.5e+08,0,0,0,0,0,0,2588040000,0,0,0,0,6.75e+08,211294800000,0,0,0,0,0,0,296790000,50256675000,0,0,0,1.8e+08,0,0,0,0,0,0,0,0,0,0,0,15150600000,0,0,0,6867555000,2.25e+08,10209690000,0,2663400000,0,348090400000,0,0,0,0,0,4522560000,0,171360000,0,0,0,0
"AUS",0,0,0,0,0,0,0,0,0,0,0,0,0,0,0,0,0,0,0,0,0,0,0,0,0,0,0,0,0,0,0,0,0,0,0,1785000,0,0,0,0,0,0,0,0,0,0,0,0,0,0,0,0,0,0,0,0,0,0,0,0,0,0,0,0,0,0,0,0,0,0,0,1785000,0,0,0,0,0,0,0,0,0,0,0,0,0,0,0,0,0,0,0,0,0,0,0,0,0,0,0,0,0,0,0,10710000,0,0,0,0,0,0,0,0,0,0,0,0,0,0,523005000,0,0,208845000,0,0,0,0,32200000,0,0,0,0,0,0,0,0,0,0,0,0,0,0,0,0,0,0,0,0,0,0,0,0,0,0,150920000,0,0,2.8e+07,0,0,0,0,0,0,0,0,0,0,0,0,0,0,0,0,0,0,0,0,0,0,0,0,0,0,0,0,0,0,0,0,0,0,0,0,0,0
"AUT",0,0,0,0,0,0,0,0,0,0,0,0,0,0,0,0,0,0,0,0,0,98230000,0,0,0,0,0,0,0,0,0,0,0,0,0,0,0,0,0,0,0,0,0,0,0,0,0,0,0,0,0,0,0,139080000,0,0,0,0,0,5285465000,0,0,0,17540000,0,0,0,0,0,0,0,0,3966880000,119765000,0,0,0,0,0,0,0,951110000,0,0,0,0,0,0,0,0,0,0,0,268200000,0,0,0,0,0,1785000,0,0,0,0,0,0,0,0,0,0,0,0,0,0,0,0,142200000,0,0,0,0,0,0,0,0,0,0,0,2587380000,0,0,0,0,1159200000,0,0,0,0,0,0,293355000,0,0,0,0,0,0,0,0,0,0,331975000,698300000,0,0,0,10340000,0,0,0,0,41235000,0,0,0,0,0,0,0,0,0,0,7200000,0,0,0,266730000,0,0,0,0,0,0,0,0,0,0,0,0,3570000,13785000,3600000,0,0,0
"BHS",0,0,0,0,0,0,0,0,0,0,0,0,0,0,0,0,0,0,0,0,0,0,0,0,0,0,0,0,0,0,0,0,0,0,0,0,0,0,0,0,0,0,0,0,0,0,0,0,0,0,0,0,0,0,0,0,0,0,0,0,0,0,0,0,0,0,0,0,0,0,0,0,0,0,0,0,0,0,0,0,0,0,0,0,0,0,0,0,0,0,0,0,0,0,0,0,0,0,0,0,0,0,0,0,0,0,0,0,0,0,0,0,0,0,0,0,0,0,0,0,0,0,0,0,0,0,0,0,0,0,0,0,0,0,0,0,0,0,0,0,0,0,0,0,0,0,0,0,0,0,0,0,0,0,0,0,0,0,0,0,0,0,0,0,0,0,0,0,0,0,0,0,0,0,0,0,0,0,0,0,0,0,0,0,0,0,0,0,0,0,0,0,0,0,0
"BHR",0,0,0,0,0,0,0,0,0,0,0,0,0,0,0,0,0,0,0,0,0,0,0,0,0,0,0,0,4.5e+07,0,0,0,0,0,0,0,0,0,0,0,0,0,0,0,0,0,0,0,0,0,0,0,0,0,0,0,0,0,0,0,0,0,0,0,0,0,0,0,0,0,0,0,0,0,0,0,0,39600000,0,0,0,0,0,0,0,0,0,0,0,0,0,0,39600000,0,0,0,0,0,0,0,0,0,0,0,0,0,0,0,0,0,0,0,0,0,0,0,0,0,0,0,0,0,0,0,0,0,0,0,0,0,0,0,0,0,0,0,0,0,206400000,0,0,0,0,0,0,0,0,3.82e+08,0,0,0,0,0,1.08e+08,0,0,0,0,0,0,0,0,0,0,0,0,0,0,0,0,0,0,0,9.4e+07,0,0,0,0,0,0,0,0,0,0,0,0,0,0,0,0,0,0,0,0,0
"BRB",0,0,0,0,101745000,0,0,0,0,0,0,0,0,0,0,0,0,0,0,0,0,0,0,0,0,0,0,0,0,0,0,0,0,0,0,0,0,0,0,0,0,0,0,0,0,0,0,0,0,0,0,0,0,0,0,0,0,0,0,0,0,0,0,0,0,0,0,0,102600000,0,0,0,0,0,0,0,0,0,0,0,0,0,0,0,0,0,0,0,0,0,0,0,0,0,0,0,0,0,0,0,0,0,0,0,0,0,0,0,0,0,0,0,0,0,0,0,0,0,0,0,0,0,0,0,0,0,0,0,0,0,0,0,0,0,0,0,0,0,0,0,0,0,0,3570000,14280000,0,0,0,0,0,0,0,0,0,0,0,0,0,0,0,0,0,0,0,0,0,0,0,0,0,0,0,0,0,0,0,0,0,1785000,0,0,0,0,0,0,0,0,0,0,0,0,0,0,0,0
"BGD",0,0,0,0,0,0,0,0,0,0,0,0,0,0,0,0,0,0,0,0,0,0,0,0,0,0,0,0,0,0,0,0,0,0,0,0,0,0,0,0,0,0,0,0,0,0,0,0,0,0,0,0,0,0,0,0,0,0,0,0,0,0,0,0,0,0,0,0,0,0,0,0,0,0,0,0,0,0,0,0,0,0,0,0,0,0,0,0,0,0,0,0,0,0,0,0,0,0,0,0,0,0,0,0,0,0,0,0,0,0,0,0,0,0,0,0,0,0,0,0,0,0,0,0,0,0,0,0,0,0,0,0,0,0,0,0,0,0,0,0,0,0,0,0,0,0,0,0,0,0,0,0,0,0,0,0,0,0,0,0,0,0,0,0,0,0,0,0,0,0,0,0,0,0,0,0,0,0,0,0,0,0,0,0,0,0,0,0,0,0,0,0,0,0,0
"BMU",0,0,0,0,0,0,0,0,0,0,0,0,0,0,0,0,0,0,0,0,0,0,0,0,0,0,0,0,0,0,0,0,0,0,0,0,0,0,0,0,0,0,0,0,0,0,0,0,0,0,0,0,0,0,0,0,0,0,0,0,0,0,0,0,0,0,0,0,0,0,0,0,0,0,0,0,0,0,0,0,0,0,0,0,0,0,0,0,0,0,0,0,0,0,0,0,0,0,0,0,0,0,0,0,0,0,0,0,0,0,0,0,0,0,0,0,0,0,0,0,0,0,0,0,0,0,0,0,0,0,0,0,0,0,0,0,0,0,0,0,0,0,0,0,0,0,0,0,0,0,0,0,0,0,0,0,0,0,0,0,0,0,0,0,0,0,0,0,0,0,0,0,0,0,0,0,0,0,0,0,0,0,0,0,0,0,0,0,0,0,0,0,0,0,0
"BTN",0,0,0,0,0,0,74970000,0,0,0,0,0,0,0,0,0,0,0,0,0,0,0,0,0,0,0,0,0,0,0,0,0,0,0,0,0,0,0,0,0,0,0,0,0,0,0,0,0,0,0,0,0,0,0,0,0,0,0,0,0,0,0,0,0,0,0,0,0,0,0,0,0,0,0,0,0,0,0,0,0,0,0,0,0,0,0,0,0,0,0,0,0,0,0,0,0,0,0,0,0,0,0,0,0,0,0,0,0,0,0,0,0,0,0,0,0,0,0,0,0,0,0,0,0,0,0,0,0,0,0,0,0,0,0,0,0,0,0,0,0,0,0,0,0,0,0,0,0,0,0,0,0,0,467670000,0,0,0,0,0,0,0,0,0,0,0,0,0,0,0,0,0,0,0,0,0,0,0,0,128520000,0,0,0,0,0,0,0,0,0,0,0,0,0,0,0,0
"BOL",0,0,26775000,0,0,0,0,0,0,0,0,0,0,0,0,0,0,0,0,0,0,0,0,0,0,0,0,0,0,0,0,0,0,0,0,0,0,5.4e+09,0,0,0,0,0,0,0,0,0,0,0,0,0,0,0,0,0,0,0,0,0,0,0,0,0,0,0,0,0,0,0,0,0,0,0,9e+07,0,0,0,0,0,0,0,0,0,0,0,0,0,0,0,0,0,0,0,0,0,0,0,0,0,0,0,0,0,0,0,0,0,0,0,0,0,0,0,0,0,0,0,0,0,0,0,0,0,0,0,0,0,0,0,0,0,3967200000,0,0,0,0,0,0,0,0,0,0,0,0,0,0,0,0,0,0,0,0,0,0,0,0,0,0,0,0,0,0,0,0,0,0,0,0,0,0,0,0,0,0,0,0,0,0,0,0,0,0,1.98e+08,0,0,0,0,0,0,0,0,0,0,0,0
"BWA",0,0,0,0,0,0,0,0,0,0,0,0,0,0,0,0,0,0,0,0,0,0,0,0,0,0,0,0,0,0,0,0,0,0,0,0,0,0,0,0,0,0,0,0,0,0,0,0,0,0,0,0,0,0,0,0,0,0,0,0,0,0,0,0,0,0,0,0,0,0,0,0,0,0,0,0,0,0,0,0,0,0,0,0,0,0,0,0,0,0,0,0,0,0,0,0,0,0,0,0,0,0,0,0,0,0,0,0,0,0,0,0,0,0,1400000,0,0,0,0,0,0,0,0,0,0,0,0,0,0,0,0,0,0,0,0,0,0,0,0,1152160000,0,0,0,0,0,0,0,0,0,0,0,0,0,0,0,1543830000,0,0,0,0,0,0,0,0,0,0,0,0,0,0,0,0,0,0,0,0,0,0,0,0,0,0,0,0,0,0,0,0,0,0,0,0,0,0,0
"BRA",0,0,0,1432800000,9e+07,12547550000,1800000,4.5e+07,9.63e+08,0,2060865000,0,0,0,39357040000,0,0,0,133200000,0,0,0,0,0,0,2712600000,4771355000,0,0,0,21423180000,0,17584200000,0,1400000,0,987375000,75826800000,0,0,127297425000,0,0,9e+07,1.8e+09,0,9e+07,0,1582230000,0,0,0,0,613545000,0,0,0,0,303712200000,6608790000,0,13249800000,0,0,0,129600000,0,9.36e+08,0,1.46745e+11,230400000,0,0,0,0,0,0,0,0,5400000,973800000,24358290000,23349600000,0,2572200000,3660000,3691800000,0,185400000,0,0,0,0,0,0,505785000,0,61052700000,9e+08,1681200000,0,0,0,0,0,0,0,4.572e+10,0,0,0,0,134970000,0,4.95e+09,0,55464765000,0,0,0,0,4.5e+07,70492200000,0,668000235000,0,0,9.702e+09,0,0,2190555000,24919200000,0,0,31092015000,17278200000,0,0,0,0,0,0,6.255e+09,0,127800000,4.5e+08,0,4197600000,468178200000,0,161184600000,0,0,4525200000,0,160591320000,70876065000,0,0,0,0,139773585000,1.44e+09,0,0,0,0,0,0,27801285000,0,0,2.3597e+10,538200000,0,0,17948490000,4.5e+07,41020050000,0,4023005000,0,9.24e+10,0,0,0,1.8e+08,0,27925875000,0,0,0,0,0,0
"ARB",0,0,0,0,0,0,0,0,0,0,0,0,0,0,0,0,0,0,0,0,0,0,0,0,0,0,0,0,0,0,0,0,0,0,0,0,0,0,0,0,0,0,0,0,0,0,0,0,0,0,0,0,0,0,0,0,0,0,0,0,0,0,0,0,0,0,0,0,0,0,0,0,0,0,0,0,0,0,0,0,0,0,0,0,0,0,0,0,0,0,0,0,0,0,0,0,0,0,0,0,0,0,0,0,0,0,0,0,0,0,0,0,0,0,0,0,0,0,0,0,0,0,0,0,0,0,0,0,0,0,0,0,0,0,0,0,0,0,0,0,0,0,0,0,0,0,0,0,0,0,0,0,0,0,0,0,0,0,0,0,0,0,0,0,0,0,0,0,0,0,0,0,0,0,0,0,0,0,0,0,0,0,0,0,0,0,0,0,0,0,0,0,0,0,0
"BLZ",0,0,0,0,0,0,0,0,0,0,0,0,0,0,0,0,0,0,0,0,0,0,0,0,0,0,0,0,0,0,0,0,0,0,0,0,0,0,0,0,0,0,0,0,0,0,0,0,0,0,0,0,0,0,0,0,0,0,0,0,0,0,0,0,0,0,882800000,0,0,0,0,0,0,0,0,0,0,0,0,0,0,0,0,0,0,0,0,0,0,0,0,0,0,0,0,0,0,0,0,0,0,0,0,0,0,0,0,0,0,0,0,0,0,0,0,0,0,0,0,0,0,0,0,0,0,0,0,0,0,0,0,0,0,0,0,0,0,0,0,0,0,0,0,0,0,0,0,0,0,0,0,0,0,0,0,0,0,0,0,0,0,0,0,0,0,0,0,0,0,0,0,0,0,0,0,0,0,0,0,0,0,0,0,0,0,0,0,0,0,0,0,0,0,0,0
"SLB",0,0,0,0,0,0,0,0,0,0,0,0,0,0,0,0,0,0,0,0,0,0,0,0,0,0,0,0,0,0,0,0,0,0,0,0,0,0,0,0,0,0,0,0,0,0,0,0,0,0,0,0,0,0,0,0,0,0,0,0,0,0,5600000,0,0,0,0,0,0,0,0,0,0,0,0,0,0,0,0,0,0,0,0,0,0,0,0,0,0,0,0,0,0,0,0,0,0,0,0,0,0,0,0,0,0,0,0,0,0,0,0,0,0,0,0,0,0,0,0,0,11200000,0,0,0,0,0,0,0,0,1800000,0,0,0,0,0,0,0,0,0,0,0,0,0,0,0,0,0,0,0,0,0,0,0,0,0,0,0,0,0,0,0,0,0,0,0,0,0,0,0,0,0,0,0,0,0,0,0,0,0,0,0,0,0,0,0,0,0,0,0,0,0,0,0,0,0
"BRN",0,0,0,0,0,0,0,0,0,0,0,0,0,0,0,0,0,0,0,0,0,0,0,0,0,0,0,0,0,0,0,0,0,0,0,0,0,0,0,0,0,0,0,0,0,0,0,0,0,0,0,0,0,0,0,0,0,0,0,0,0,0,0,0,0,0,0,0,0,0,0,0,0,0,0,0,0,0,0,0,0,0,0,0,0,0,0,0,0,0,0,0,0,0,0,0,0,0,0,0,0,0,0,0,0,0,0,0,0,0,0,0,0,0,0,0,0,0,0,0,0,0,0,0,0,0,0,0,0,0,0,0,0,0,0,0,0,0,0,0,0,0,0,0,0,0,0,0,0,0,0,0,0,0,0,0,0,0,0,0,0,0,0,0,0,0,0,0,0,0,0,0,0,0,0,0,0,0,0,0,0,0,0,0,0,0,0,0,0,0,0,0,0,0,0
"BGR",0,0,14400000,0,0,0,0,3600000,0,0,0,0,0,0,0,0,0,0,0,0,0,0,0,0,0,1800000,0,0,0,0,0,0,0,0,0,0,0,0,1.368e+09,0,0,0,0,0,0,0,0,0,0,42840000,0,0,0,287385000,0,0,0,0,0,2.7e+07,169200000,0,0,788345000,0,0,0,0,0,0,0,0,7584630000,0,0,0,0,0,0,0,0,624400000,0,0,0,0,0,0,0,0,0,0,0,1800000,0,0,0,0,0,155610000,0,0,0,0,0,0,0,0,0,0,0,0,0,37800000,0,0,771540000,0,0,1.8e+07,0,0,0,0,0,0,0,0,570585000,0,0,0,0,6.12e+08,0,0,0,0,9e+06,0,65269800000,0,0,0,0,0,0,0,0,0,0,0,4521600000,0,0,0,0,0,0,0,0,1317600000,0,0,0,0,0,0,0,0,0,0,58569755000,0,0,0,10770000,0,0,0,0,0,0,0,0,0,0,0,0,0,2289585000,0,0,0,0
"MMR",0,0,0,0,0,0,0,0,0,0,0,0,0,0,0,0,0,0,0,0,0,0,0,0,0,0,0,0,0,0,0,0,0,0,0,0,0,0,0,0,0,0,0,0,0,0,0,0,0,0,0,0,0,0,0,0,0,0,0,0,0,0,0,0,0,0,0,0,0,0,0,0,0,0,0,0,0,0,0,0,0,0,0,0,0,0,0,0,0,0,0,0,0,0,0,0,0,0,0,0,0,0,0,0,0,0,0,0,0,0,0,0,0,0,0,0,0,0,0,0,0,0,0,0,0,0,0,0,0,0,0,0,0,0,0,0,0,0,0,0,0,0,0,0,0,0,0,0,0,0,0,0,0,0,0,0,0,0,0,0,0,0,0,0,0,0,0,0,0,0,0,0,0,0,0,0,0,0,0,0,0,0,0,0,0,0,0,0,0,0,0,0,0,0,0
"BDI",0,0,0,0,0,0,0,0,0,0,0,0,0,0,0,0,0,0,0,0,0,0,0,0,0,0,0,0,0,0,0,0,0,0,0,0,0,0,0,0,0,0,0,0,0,0,0,0,0,0,0,0,0,0,0,0,0,0,0,0,0,0,0,0,0,0,0,0,0,0,0,0,0,0,0,0,0,0,0,0,0,0,0,0,0,0,0,0,0,0,0,0,0,0,0,0,0,0,0,0,0,0,0,0,0,0,0,0,0,0,0,0,0,0,0,0,0,0,0,0,0,0,0,0,0,0,0,0,0,0,0,0,0,0,0,0,0,0,0,0,0,1036800000,0,0,0,0,0,0,0,0,0,0,0,0,0,0,0,0,0,0,0,0,0,0,0,0,0,0,0,0,0,0,0,0,0,0,0,0,0,0,0,0,0,0,0,0,0,0,0,0,0,0,0,0,0
"CMR",0,0,0,0,0,0,0,0,0,0,0,0,0,0,0,0,0,0,0,0,0,0,0,0,0,0,0,5400000,0,7.65e+08,0,0,0,0,4332600000,0,0,0,0,0,0,0,0,0,0,0,0,0,0,0,0,0,0,0,0,0,0,0,0,0,0,0,0,0,0,0,0,0,0,0,0,0,0,0,0,0,0,0,0,0,0,0,0,0,0,0,0,0,0,0,0,0,0,0,0,0,0,0,0,0,0,0,0,0,0,0,0,0,0,0,0,0,0,0,0,0,0,0,0,0,0,0,0,0,1.8e+08,0,0,0,0,0,0,0,0,0,0,0,0,0,0,0,0,0,0,0,0,0,0,0,0,0,0,0,0,0,0,0,0,0,0,0,0,0,0,0,0,0,0,0,0,0,0,0,0,0,0,0,0,0,0,0,0,0,0,0,0,0,0,0,0,0,0,0,0,0,0
"CAN",0,0,0,0,23385000,0,1800000,0,0,0,123370000,0,0,0,0,0,46410000,0,0,0,0,0,0,0,0,0,0,0,0,0,97200000,0,0,0,0,0,0,392400000,0,0,0,0,5385000,0,0,0,0,0,0,0,0,0,0,7200000,0,0,0,0,0,1400000,0,9e+06,0,0,0,28725000,0,0,61080000,21600000,0,489090000,0,0,0,169200000,0,0,0,0,312375000,255600000,0,0,68280000,0,0,0,5400000,0,0,0,0,0,0,149400000,0,0,0,0,0,0,0,6.3e+07,0,0,0,0,0,0,0,0,0,0,0,0,0,0,0,0,0,0,0,0,0,0,0,2.7e+07,0,0,0,0,67830000,0,0,0,0,0,0,0,0,0,0,1800000,43110000,39510000,0,7200000,0,0,0,0,0,0,0,0,0,0,0,0,1.35e+08,0,0,0,73185000,0,4.59e+08,0,0,354390000,0,0,0,574200000,0,0,894130000,0,13005600000,14400000,0,0,0,0,0,0,0,0,0,0,0,0,0,0,0
"CPV",0,0,0,0,0,0,0,0,0,0,0,0,0,0,0,0,0,0,0,0,0,0,0,0,0,0,0,0,0,0,0,0,0,0,0,0,0,0,0,0,0,0,0,0,0,0,0,0,0,0,0,0,0,0,0,0,0,0,0,0,0,0,0,0,0,0,0,0,0,0,0,0,0,0,0,0,0,0,0,0,0,0,0,0,0,0,0,0,0,0,0,0,0,0,0,0,0,0,0,0,0,0,0,0,0,0,0,0,0,0,0,0,0,0,0,0,0,0,0,0,0,0,0,0,0,0,0,0,0,0,0,0,0,0,0,0,0,0,0,0,0,0,0,0,0,0,0,0,0,0,0,0,0,0,0,0,0,0,0,0,0,0,0,0,0,0,0,0,0,0,0,0,0,0,0,0,0,0,0,0,0,0,0,0,0,0,0,0,0,0,0,0,0,0,0
"CAF",0,0,0,0,0,0,0,0,0,0,0,0,0,0,0,0,0,0,0,0,0,0,0,0,0,0,0,0,0,0,0,0,0,0,0,0,0,0,0,0,0,0,0,0,0,0,0,0,0,0,0,0,0,0,0,0,0,0,0,0,0,0,0,0,0,0,0,0,0,0,0,0,0,0,0,0,0,0,0,0,0,0,0,0,0,0,0,0,0,0,0,0,0,0,0,0,0,0,0,0,0,0,0,0,0,0,0,0,0,0,0,0,0,0,0,0,0,0,0,0,0,0,0,0,0,0,0,0,0,0,0,0,0,0,0,0,0,0,0,0,0,0,0,0,0,0,0,0,0,0,0,0,0,0,0,0,0,0,0,0,0,0,0,0,0,0,0,0,0,0,0,0,0,0,0,0,0,0,0,0,0,0,0,0,0,0,0,0,0,0,0,0,0,0,0
"LKA",0,0,0,0,0,0,1949955000,34170000,0,282120000,0,0,0,0,0,23400000,0,0,0,0,0,0,0,0,0,3024275000,0,0,0,0,0,0,0,0,0,0,0,0,23295000,0,0,142140000,0,0,0,0,0,0,0,0,0,0,0,589650000,0,0,25110000,0,0,336225000,43200000,0,0,0,0,0,0,0,0,0,16230000,17925000,0,0,0,169200000,0,0,0,0,0,1203480000,0,0,0,0,215835000,0,4.5e+08,0,0,0,687285000,0,0,117120000,0,0,0,0,0,0,0,0,429825000,0,0,0,0,0,0,0,0,0,0,0,134730000,0,0,0,0,302820000,0,0,0,323020000,3.15e+08,0,1400000,0,0,0,0,0,0,0,0,0,789760000,0,0,0,0,0,0,0,0,844875000,0,19785000,34200000,0,0,456095000,0,0,0,0,0,3660000,10755000,984135000,0,0,0,0,0,0,0,0,44625000,0,0,13113400000,0,0,2668615000,0,618050000,0,0,0,0,0,0,9e+08,0,0,0,0,0,0,0,0,0
"TCD",0,0,0,0,0,0,0,0,0,0,0,0,0,0,0,0,0,0,0,0,0,0,0,0,0,0,0,0,0,0,0,0,0,0,0,0,0,0,0,0,0,0,0,0,0,0,0,0,0,0,0,0,0,0,0,0,0,0,0,0,0,0,0,0,0,0,0,0,0,0,0,0,0,0,0,0,0,0,0,0,0,0,0,0,0,0,0,0,0,0,0,0,0,0,0,0,0,0,0,0,0,0,0,0,0,0,0,0,0,0,0,0,0,0,0,0,0,0,0,0,0,0,0,0,0,0,0,0,0,0,0,0,0,0,0,0,0,0,0,0,0,0,0,0,0,0,0,0,0,0,0,0,0,0,0,0,0,0,0,0,0,0,0,0,0,0,0,0,0,0,0,0,0,0,0,0,0,0,0,0,0,0,0,0,0,0,0,0,0,0,0,0,0,0,0
"CHL",0,0,0,0,0,0,0,0,0,0,0,0,0,0,0,0,0,0,0,0,0,0,0,0,0,0,0,0,0,0,0,0,0,0,0,0,0,0,0,0,0,0,0,0,0,0,0,0,0,0,0,0,0,0,0,0,0,0,0,0,0,0,0,0,0,0,0,0,0,0,0,0,0,0,0,0,0,0,0,0,0,0,0,0,0,0,0,0,0,0,0,0,0,0,0,0,0,0,0,0,0,0,0,0,0,0,0,0,0,0,0,0,0,0,0,0,0,0,0,0,0,0,0,0,0,0,0,0,0,0,50400000,2.25e+08,0,0,0,0,0,0,0,0,0,0,0,0,0,0,0,0,0,0,0,0,0,0,0,0,0,0,0,0,0,0,0,0,0,0,0,0,0,0,0,0,2586600000,0,0,0,0,0,0,0,0,0,0,0,0,0,0,0,0,0,0,0,0,0,0
"CHN",0,0,0,5556600000,0,0,0,0,12600000,79200000,0,9266600000,0,0,0,3.15e+08,0,0,0,0,0,2784600000,2613600000,0,0,0,0,0,14400000,1.26e+08,0,0,0,0,0,0,1.63e+08,0,0,0,6.696e+09,0,0,0,43200000,0,1.08e+08,0,9e+07,0,0,0,0,0,0,5668200000,2.16e+08,4.5e+07,0,0,0,0,0,0,0,0,0,3.6e+07,0,0,0,129382925000,0,0,0,0,12024600000,3.33e+08,0,0,0,0,1.0728e+11,20410200000,0,134315340000,4.86e+08,24742800000,17186400000,0,317111200000,752631090000,0,0,8400000,9932400000,0,114445400000,1994400000,1555200000,6964200000,267400000,21600000,22400000,0,0,0,10800000,1400000,0,39326400000,5400000,136800000,518400000,1.728e+09,237600000,0,0,0,0,0,0,0,2950200000,17969400000,0,1.5533e+10,0,0,36001800000,0,0,4237800000,0,0,4501800000,9016800000,26775000,0,8857800000,0,0,47453400000,0,0,0,0,0,32400000,0,16800000,0,0,21400000,0,69537600000,0,0,15586200000,0,0,0,6420600000,0,0,0,0,0,0,1.8e+07,0,0,4946400000,3.6e+07,7200000,0,0,9097200000,0,0,0,9e+06,0,26667200000,3988800000,6436800000,9e+07,480600000,0,0,0,0,0,0,0
"COL",0,0,0,0,0,0,0,0,0,0,0,0,0,0,0,0,0,0,0,0,0,0,0,0,0,0,0,0,0,0,0,0,0,0,0,0,492800000,0,0,0,0,0,0,0,0,0,0,0,0,0,0,0,0,0,0,0,0,0,0,0,0,0,0,0,0,0,0,0,0,0,0,0,0,0,0,0,0,0,0,0,0,1400000,0,0,0,0,0,0,0,0,0,0,0,0,0,0,0,0,0,0,0,0,0,0,0,0,0,0,0,0,0,0,0,0,0,0,0,0,0,0,0,0,0,0,0,0,0,0,0,0,0,0,0,0,0,0,0,0,0,0,0,0,0,0,0,0,0,0,0,0,0,0,0,0,0,0,0,0,0,0,0,0,0,0,0,0,0,0,0,0,0,0,0,0,0,0,0,0,1800000,0,0,0,0,0,0,0,0,0,0,0,0,0,0,0,0
"COM",0,0,0,0,0,0,0,0,0,0,0,0,0,0,0,0,0,0,0,0,0,0,0,0,0,0,0,0,0,0,0,0,0,0,0,0,0,0,0,0,0,0,0,0,0,0,0,0,0,0,0,0,0,0,0,0,0,0,0,0,0,0,0,0,0,0,0,0,0,0,0,0,0,0,0,0,0,0,0,0,0,0,0,0,0,0,0,0,0,0,0,0,0,0,0,0,0,0,0,0,0,0,0,0,0,0,0,0,0,0,0,0,0,0,0,0,0,0,0,0,0,0,0,0,0,0,0,0,0,0,0,0,0,0,0,0,0,0,0,0,0,0,0,0,0,0,0,0,0,0,0,0,0,0,0,0,0,0,0,0,0,0,0,0,0,0,0,0,0,0,0,0,0,0,0,0,0,0,0,0,0,0,0,0,0,0,0,0,0,0,0,0,0,0,0
"COG",0,0,0,0,0,0,0,0,0,0,0,0,0,0,0,0,0,0,0,0,0,0,0,0,0,0,0,0,0,0,0,0,0,0,0,0,0,0,0,0,0,0,0,0,0,0,0,0,0,0,0,0,0,0,0,0,0,0,0,0,0,0,0,0,0,0,0,0,0,0,0,0,0,0,0,0,0,0,0,0,0,0,0,0,0,0,0,0,0,0,0,0,0,0,0,0,0,0,0,0,0,0,0,0,0,0,0,0,0,0,0,0,0,0,0,0,0,0,0,0,0,0,0,0,0,0,0,0,0,0,0,0,0,0,0,0,0,0,0,0,0,0,0,0,0,0,0,0,0,0,0,0,0,0,0,0,0,0,0,0,0,0,0,0,0,0,0,0,0,0,0,0,0,0,0,0,0,0,0,0,0,0,0,0,0,0,0,0,0,0,0,0,0,0,0
"COK",0,0,0,0,0,0,0,0,0,0,0,0,0,0,0,0,0,0,0,0,0,0,0,0,0,0,0,0,0,0,0,0,0,0,0,0,0,0,0,0,0,0,0,0,0,0,0,0,0,0,0,0,0,0,0,0,0,0,0,0,0,0,0,0,0,0,0,0,0,0,0,0,0,0,0,0,0,0,0,0,0,0,0,0,0,0,0,0,0,0,0,0,0,0,0,0,0,0,0,0,0,0,0,0,0,0,0,0,0,0,0,0,0,0,0,0,0,0,0,0,0,0,0,0,0,0,0,0,0,0,0,0,0,0,0,0,0,0,0,0,0,0,0,0,0,0,0,0,0,0,0,0,0,0,0,0,0,0,0,0,0,0,0,0,0,0,0,0,0,0,0,0,0,0,0,0,0,0,0,0,0,0,0,0,0,0,0,0,0,0,0,0,0,0,0
"CRI",0,0,0,0,0,0,0,0,0,0,0,0,0,0,0,0,0,0,0,0,0,0,0,0,0,0,0,0,0,0,0,0,0,0,0,0,0,0,0,0,0,0,0,0,0,0,0,5896800000,0,0,0,0,0,0,0,0,0,0,0,0,0,0,0,0,0,0,627510000,0,0,0,1986800000,0,0,0,0,0,0,0,0,0,0,0,0,0,0,0,0,0,0,0,0,0,0,0,0,0,0,0,0,0,0,0,0,0,0,0,0,0,0,0,0,0,0,0,0,0,0,0,0,0,0,0,8378110000,0,0,0,0,86800000,0,0,0,0,0,0,0,0,0,0,0,0,0,0,0,0,0,0,0,0,0,0,0,0,0,0,0,0,0,0,0,0,0,0,0,0,0,0,0,0,0,0,0,0,0,0,0,0,0,0,0,0,0,0,0,0,0,0,0,0,0,0,0,0,0,0,0
"CUB",0,0,0,0,0,0,0,0,0,0,0,0,0,0,0,0,0,0,0,0,0,0,0,0,0,0,0,0,0,0,0,0,0,0,0,0,0,0,0,0,0,0,0,0,0,0,0,0,0,0,0,0,0,0,0,0,0,0,0,0,0,0,0,0,0,0,0,0,0,0,0,0,0,0,0,0,0,0,0,0,0,0,0,0,0,0,0,0,0,0,0,0,0,0,0,0,0,0,0,0,0,0,0,0,0,0,0,0,0,0,0,0,0,0,0,0,0,0,0,0,0,0,0,0,0,0,0,0,0,0,0,0,0,0,0,0,0,0,0,0,0,0,0,0,0,0,0,0,0,0,0,0,0,0,0,0,0,0,0,0,0,0,0,0,0,0,0,0,0,0,0,0,0,0,0,0,0,0,0,0,0,0,0,0,0,0,0,0,0,0,0,0,0,0,0
"CYP",0,0,0,0,0,0,0,0,0,0,0,0,0,0,0,0,0,0,0,0,0,0,0,0,0,0,0,0,0,0,0,0,0,0,0,0,0,0,0,0,0,0,0,0,0,0,0,0,0,0,0,0,0,0,0,0,0,0,0,64800000,0,0,0,322200000,0,0,0,0,0,0,0,0,0,0,0,0,0,0,0,0,0,0,0,0,0,0,0,0,0,0,0,41400000,0,0,0,0,0,0,0,0,0,0,0,0,0,0,0,0,0,0,0,0,0,0,0,0,0,0,0,0,0,0,0,0,0,0,0,0,0,0,0,0,0,0,0,0,0,0,0,0,0,0,0,0,0,0,0,0,0,0,0,0,0,0,0,0,0,0,0,0,0,0,0,0,0,0,0,0,0,0,0,0,0,0,0,0,0,0,0,0,0,0,0,0,0,0,0,0,0,0,0,0,0,0,0
"AZE",0,0,0,0,0,0,0,0,0,0,0,0,0,0,0,0,0,0,0,0,0,0,0,0,0,0,0,0,0,0,0,0,0,0,0,0,0,0,0,0,0,0,0,0,0,0,0,0,0,0,0,0,0,0,0,0,0,0,0,0,0,0,0,0,0,0,0,0,0,0,0,0,0,0,0,0,0,0,0,0,0,0,0,1785000,0,0,0,0,0,0,0,0,0,0,0,0,0,0,0,0,0,0,0,0,0,0,0,0,0,0,0,0,0,0,0,0,0,0,0,0,0,0,0,0,0,0,0,0,0,0,0,0,0,0,0,0,0,0,0,0,0,0,0,0,0,0,0,0,0,0,0,0,0,0,0,0,0,0,0,0,0,0,0,0,0,0,0,0,0,0,0,0,39270000,0,0,0,0,0,0,0,0,0,0,0,0,0,0,0,0,0,0,0,0,0,0
"BEN",0,0,0,0,0,0,0,0,0,0,0,0,0,0,0,0,0,0,0,0,0,0,0,0,0,0,0,0,0,0,0,0,0,0,0,0,0,0,0,0,0,0,0,0,0,0,0,0,0,0,0,0,0,0,0,0,0,4.2e+07,0,0,0,0,0,0,0,0,0,0,0,0,0,0,0,0,0,0,0,0,0,0,0,0,0,0,0,0,0,0,0,0,0,0,0,0,0,0,0,0,0,0,0,0,0,0,0,0,0,0,0,0,0,0,0,0,0,0,0,0,0,0,0,0,0,57600000,994280400000,0,0,0,0,0,0,0,0,0,0,0,0,0,0,0,0,0,0,0,0,0,0,0,0,0,0,0,0,0,0,0,0,0,0,0,0,0,0,0,0,0,0,9e+08,0,0,0,0,0,0,0,0,0,0,0,0,0,0,0,0,0,0,0,0,43200000,0,0,0,0,0,0
"DNK",0,0,0,0,0,0,0,278865000,0,0,0,0,0,0,0,0,0,0,0,0,0,0,0,0,0,0,0,0,0,0,0,0,0,0,0,0,0,0,0,0,0,0,0,0,0,0,0,0,0,0,464465000,0,80595000,34200000,0,0,0,0,0,212640000,0,3570000,0,0,0,0,0,0,0,0,0,0,0,0,302350000,0,0,0,0,0,0,3600000,0,0,0,0,0,0,0,0,0,0,0,0,0,0,0,0,0,0,0,0,0,0,0,0,0,0,0,0,0,0,0,0,3570000,0,0,0,0,0,0,1.4e+07,0,0,0,1263040000,42840000,0,0,0,0,0,0,0,0,0,0,0,0,0,0,0,0,0,0,0,0,0,0,0,0,0,0,0,0,1400000,1800000,0,0,0,9115800000,0,0,0,0,0,0,0,0,0,0,0,0,0,0,0,14400000,0,287600000,0,0,0,0,0,0,0,0,0,0,1800000,0,0,0,0,0
"DMA",0,0,0,0,0,0,0,0,0,0,0,0,0,0,0,0,0,0,0,0,0,0,0,0,0,0,0,0,0,0,0,0,0,0,0,0,0,0,0,0,0,0,0,0,0,0,0,0,0,0,0,0,0,0,0,0,0,0,0,0,0,0,0,0,0,0,0,0,0,0,0,0,0,0,0,0,0,0,0,0,0,0,0,0,0,0,0,0,0,0,0,0,0,0,0,0,0,0,0,0,0,0,0,0,0,0,0,0,0,0,0,0,0,0,0,0,0,0,0,0,0,0,0,0,0,0,0,0,0,0,0,0,0,0,0,0,0,0,0,0,0,0,0,0,0,0,0,0,0,0,0,0,0,0,0,0,0,0,0,0,0,0,0,0,0,0,0,0,0,0,0,0,0,0,0,0,0,0,0,0,0,0,0,0,0,0,0,0,0,0,0,0,0,0,0
"DOM",0,0,0,0,0,0,0,0,0,0,0,0,0,0,0,0,0,0,0,0,0,0,0,0,0,0,0,0,0,0,0,0,0,0,0,0,0,0,0,0,0,0,0,0,0,0,0,0,0,0,0,0,0,0,0,0,0,0,0,0,0,0,0,0,0,0,0,0,0,0,0,0,0,0,0,0,0,0,0,0,0,0,0,0,0,0,0,0,0,0,0,0,0,0,0,0,0,0,0,0,0,0,0,0,0,0,0,0,0,0,0,0,0,0,0,0,0,0,0,0,0,0,0,0,0,0,0,0,0,0,0,0,0,0,0,0,0,0,0,0,0,0,0,0,0,0,0,0,0,0,0,0,0,0,0,0,0,0,0,0,0,0,0,0,0,0,0,0,0,0,0,0,0,0,0,0,0,0,0,0,0,0,0,0,0,0,0,0,0,0,0,0,0,0,0
"BLR",0,0,0,0,0,0,0,0,0,0,0,0,0,0,0,0,0,0,0,0,0,0,0,0,0,0,0,0,0,0,0,0,0,0,0,0,0,0,0,0,0,0,0,0,0,0,0,0,0,0,0,0,0,0,0,0,0,0,0,0,0,0,0,0,0,0,0,0,0,0,0,0,0,0,0,0,0,0,0,0,0,0,0,2.25e+08,0,0,0,0,0,0,0,0,0,0,0,0,0,0,0,0,0,0,0,0,0,0,0,0,0,0,0,0,0,0,0,0,0,0,0,0,0,0,0,0,0,0,0,0,0,0,0,0,0,0,0,0,0,0,0,0,0,0,1553385000,0,0,0,0,0,0,0,0,0,0,0,0,0,0,0,0,0,0,0,0,0,0,0,0,0,0,0,0,0,0,0,0,0,0,0,0,0,0,0,0,0,0,0,0,0,0,0,0,0,0,0,0
"ECU",0,0,0,0,0,0,0,0,0,0,0,0,0,0,0,0,0,0,0,0,0,0,0,0,0,0,0,0,0,0,22400000,0,40655400000,0,0,0,0,0,0,0,0,0,0,0,0,0,0,0,0,0,0,0,0,1800000,0,0,0,0,0,0,0,0,0,0,0,0,0,0,0,7e+07,0,0,0,0,0,0,0,0,0,0,0,57585000,0,0,0,0,0,0,0,0,0,0,0,0,0,0,0,0,0,0,0,0,0,0,0,0,0,0,0,0,0,0,0,0,0,0,0,0,0,0,0,0,0,0,0,0,0,3.6e+07,0,0,0,2858400000,0,0,0,0,0,0,0,0,0,0,0,0,0,0,0,0,0,0,0,0,0,0,0,0,3570000,0,0,0,0,0,0,0,2885400000,0,0,0,0,0,0,0,0,0,0,0,0,0,34200000,0,0,0,76271600000,0,0,0,0,0,0,0,0,0,0,0,0
"EGY",0,0,172800000,0,0,0,0,0,0,0,0,0,0,0,0,0,0,0,0,0,0,2.7e+08,0,0,0,0,0,0,0,0,0,0,0,0,0,0,0,0,0,0,0,0,0,0,0,0,0,0,0,0,0,0,0,0,0,0,0,0,0,1.35e+08,0,0,0,0,0,0,0,0,0,0,0,0,0,0,0,0,0,0,0,0,0,262800000,0,0,0,0,0,0,0,0,0,0,0,0,0,0,0,0,1.4e+09,0,0,0,0,0,0,0,0,0,0,0,0,0,0,0,0,0,1.8e+08,0,0,0,0,0,0,0,0,0,0,0,0,0,0,0,0,0,0,0,0,0,0,0,0,0,0,0,0,0,0,2145420000,0,0,0,0,0,0,0,0,1258200000,0,0,0,0,0,1400000,0,541800000,0,0,0,0,0,0,0,0,0,0,0,24130800000,0,0,0,0,0,0,0,0,0,0,0,43646400000,0,0,0,0,0,0
"SLV",0,0,0,0,0,0,0,0,0,0,0,0,0,0,0,0,0,0,0,0,0,0,0,0,0,0,0,0,0,0,0,0,0,0,0,0,3171600000,0,0,0,0,0,0,0,0,0,0,0,0,0,0,0,0,0,0,0,0,0,0,0,0,0,0,0,0,0,527400000,0,0,0,11095200000,0,0,0,0,0,0,0,0,0,0,0,0,0,0,0,0,0,0,0,0,0,0,0,0,0,0,0,0,0,0,0,0,0,0,0,0,0,0,0,0,0,0,0,0,0,0,0,0,0,0,0,4089600000,0,0,0,0,0,0,0,0,0,0,0,0,0,0,0,0,0,0,0,0,0,0,0,0,0,0,0,0,0,0,0,0,0,0,0,0,0,0,0,0,0,0,0,0,0,0,0,0,0,0,0,0,0,0,0,0,0,0,0,0,0,0,0,0,0,0,0,0,0,0,0,0
"GNQ",0,0,0,0,0,0,0,0,0,0,0,0,0,0,0,0,0,0,0,0,0,0,0,0,0,0,0,0,0,0,0,0,0,0,0,0,0,0,0,0,0,0,0,0,0,0,0,0,0,0,0,0,0,0,0,0,0,0,0,0,0,0,0,0,0,0,0,0,0,0,0,0,0,0,0,0,0,0,0,0,0,0,0,0,0,0,0,0,0,0,0,0,0,0,0,0,0,0,0,0,0,0,0,0,0,0,0,0,0,0,0,0,0,0,0,0,0,0,0,0,0,0,0,0,0,0,0,0,0,0,0,0,0,0,0,0,0,0,0,0,0,0,0,0,0,0,0,0,0,0,0,0,0,0,0,0,0,0,0,0,0,0,0,0,0,0,0,0,0,0,0,0,0,0,0,0,0,0,0,0,0,0,0,0,0,0,0,0,0,0,0,0,0,0,0
"EST",0,0,0,0,0,0,0,0,0,0,0,0,0,0,0,0,0,0,0,0,0,0,0,0,0,0,0,0,0,0,0,0,0,0,0,0,0,0,0,0,0,1830000,0,0,0,0,0,0,0,0,0,0,12555000,0,0,0,0,0,0,3600000,0,0,0,3600000,0,0,0,0,0,0,0,0,0,0,0,0,0,0,0,0,0,0,0,0,0,0,0,0,0,0,0,0,0,1448940000,0,0,0,0,0,88170000,0,0,0,0,0,0,0,0,0,0,0,0,0,0,0,0,0,0,0,0,0,0,0,0,0,3660000,0,0,0,0,0,0,0,0,0,0,0,0,0,0,0,0,0,0,0,0,0,0,0,0,0,0,0,0,0,0,0,0,0,0,1830000,0,0,0,0,0,0,0,0,0,0,0,0,0,0,0,0,0,0,0,0,0,0,0,0,0,0,0,0,0,0,0,0,0,0
"FRO",0,0,0,0,0,0,0,0,0,0,0,0,0,0,0,0,0,0,0,0,0,0,0,0,0,0,0,0,0,0,0,0,0,0,0,0,0,0,0,0,0,0,0,0,0,0,0,0,0,0,0,0,0,0,0,0,0,0,0,0,0,0,0,0,0,0,0,0,0,0,0,0,0,0,0,0,0,0,0,0,0,0,0,0,0,0,0,0,0,0,0,0,0,0,0,0,0,0,0,0,0,0,0,0,0,0,0,0,0,0,0,0,0,0,0,0,0,0,0,0,0,0,0,0,0,0,0,0,0,0,0,0,0,0,0,0,0,0,0,0,0,0,0,0,0,0,0,0,0,0,0,0,0,0,0,0,0,0,0,0,0,0,0,0,0,0,0,0,0,0,0,0,0,0,0,0,0,0,0,0,0,0,0,0,0,0,0,0,0,0,0,0,0,0,0
"FJI",0,0,0,0,0,0,5400000,0,0,0,0,0,0,0,0,0,0,0,0,50385000,0,0,0,0,0,0,0,0,0,0,0,4.5e+07,0,0,0,0,0,0,0,0,0,0,0,0,0,0,0,0,0,0,0,0,0,0,0,0,0,0,0,0,0,0,854985000,0,0,0,0,0,0,0,0,0,0,0,0,0,0,0,0,0,0,0,0,0,0,0,0,0,0,0,0,0,0,0,0,0,0,0,0,0,0,0,0,0,0,0,0,0,0,0,0,0,0,0,0,0,0,0,0,0,242100000,1785000,0,0,0,0,0,0,0,0,0,0,0,0,0,0,0,0,0,0,0,0,0,0,0,0,0,0,0,0,0,0,0,0,0,0,0,0,0,0,0,0,0,0,0,0,0,0,230010000,0,0,0,0,0,0,326200000,0,0,0,0,0,0,0,0,0,0,0,0,0,0,0,0,0,0,0
"FIN",0,0,0,0,0,0,0,0,0,0,0,0,0,0,0,0,0,0,0,0,0,0,0,0,0,0,0,0,0,0,0,0,0,0,0,0,0,0,0,0,0,0,0,0,0,0,0,0,0,208710000,0,0,0,0,0,0,0,0,0,0,0,0,0,0,0,0,0,0,0,0,0,0,0,0,1785000,0,0,0,0,0,0,93600000,0,0,0,0,0,0,0,0,0,0,0,10800000,0,0,0,0,0,16200000,0,0,0,0,0,0,0,0,0,0,0,0,0,0,0,0,0,0,0,0,0,0,0,0,0,0,0,0,0,0,0,0,0,0,0,0,0,0,0,0,0,0,0,0,0,0,0,0,0,0,0,0,0,0,0,0,5400000,0,0,0,3.15e+08,0,0,0,0,0,0,0,0,0,0,0,0,0,0,0,0,0,0,0,0,0,0,0,0,0,0,0,0,0,0,0,0,0,0
"FRA",0,30450000,0,364400000,0,0,0,26970000,0,0,0,0,0,0,0,0,99525000,0,0,0,0,664800000,0,0,17600000,23540000,0,0,0,179850000,16260000,0,0,0,13200000,0,0,0,23400000,1800000,5400000,2662095000,0,7200000,0,0,0,0,10800000,1830000,0,0,1275255000,0,16185000,2.7e+07,0,55985000,0,23492930000,19800000,0,0,618610000,0,0,0,5e+06,0,16896600000,0,0,282030000,0,0,419475000,0,0,0,12441480000,1830000,56486490000,49155000,0,0,0,5833785000,0,0,0,0,0,0,0,0,1794105000,0,0,0,61200000,0,10800000,0,0,0,1800000,0,7170000,0,3600000,0,1.1e+07,0,3600000,0,0,27631615000,0,61355000,0,1800000,0,0,3600000,1800000,10585000,0,0,811530000,0,0,0,0,3.931e+09,4909675000,0,0,0,3600000,0,1078005000,0,0,0,0,0,0,348375000,168370000,0,0,82400000,7185000,0,0,0,42806330000,0,1800000,0,41445000,662015000,20131200000,0,0,0,129600000,0,0,0,0,17940000,0,0,0,0,47285160000,0,514140000,0,0,0,0,0,0,0,0,0,37866370000,1575360000,9e+06,0,0,0,0
"PYF",0,0,0,0,0,0,0,0,0,0,0,0,0,0,0,0,0,0,0,0,0,0,0,0,0,0,0,0,0,0,0,0,0,0,0,0,0,0,0,0,0,0,0,0,0,0,0,0,0,0,0,0,0,1800000,0,0,0,0,0,0,0,0,0,0,0,0,0,0,0,0,0,0,0,0,0,0,0,0,0,0,0,0,0,0,0,0,0,0,0,0,0,0,0,0,0,0,0,0,0,0,0,0,0,0,0,0,0,0,0,0,0,0,0,0,0,0,0,0,0,0,0,0,0,0,0,0,0,0,0,0,0,0,0,0,0,0,0,0,0,0,0,0,0,0,0,0,0,0,0,0,0,0,0,0,0,0,0,0,0,0,0,0,0,0,0,0,0,0,0,0,0,0,0,0,0,0,0,0,0,0,0,0,0,0,0,0,0,0,0,0,0,0,0,0,0
"DJI",0,0,0,0,0,0,0,0,0,0,0,0,0,0,0,0,0,0,0,0,0,0,0,0,0,0,0,0,0,0,0,0,0,0,0,0,0,0,0,0,0,0,0,0,0,0,0,0,0,0,0,0,0,0,0,0,0,0,0,0,0,0,0,0,0,0,0,0,0,0,0,0,0,0,0,0,0,0,0,0,0,0,0,0,0,0,0,0,0,0,0,0,0,0,0,0,0,0,0,0,0,0,0,0,0,0,0,0,0,0,0,0,0,0,0,0,0,0,0,0,0,0,0,0,0,0,0,0,0,0,0,0,0,0,0,0,0,0,0,0,0,0,0,0,0,0,0,0,0,0,0,0,0,0,0,0,0,0,0,0,0,0,0,0,0,0,0,0,0,0,0,0,0,0,0,0,0,0,0,0,0,0,0,0,0,0,0,0,0,0,0,0,0,0,0
"GEO",30800000,0,0,0,0,0,0,0,0,0,0,0,0,0,0,0,0,0,0,0,0,0,0,0,0,0,0,0,0,0,0,0,0,0,0,0,0,0,0,324870000,0,0,0,0,0,0,0,0,0,0,0,0,0,0,0,0,0,0,0,0,0,0,0,0,0,0,0,0,0,0,0,0,0,0,0,0,0,0,0,0,0,0,0,0,0,0,0,0,0,0,0,0,0,0,0,0,0,0,0,0,0,0,0,0,0,0,0,0,0,0,0,0,0,0,0,0,0,0,0,0,0,0,0,0,0,0,0,0,0,0,0,0,0,0,0,0,0,0,0,0,0,0,0,0,0,0,0,0,0,0,0,0,0,0,0,0,0,0,0,0,0,0,0,0,0,0,0,0,0,0,0,0,0,0,0,0,0,0,0,0,0,0,0,0,0,0,0,0,0,0,0,0,0,0,0
"GAB",0,0,0,0,0,0,0,0,0,0,0,0,0,0,0,0,0,0,0,0,0,0,0,0,0,0,0,0,0,0,0,0,0,0,0,0,0,0,0,0,0,0,0,0,0,0,0,0,0,0,0,0,0,0,0,0,0,0,0,0,0,0,0,0,0,0,0,0,0,0,0,0,0,0,0,0,0,0,0,0,0,0,0,0,0,0,0,0,0,0,0,0,0,0,0,0,0,0,0,0,0,0,0,0,0,0,0,0,0,0,0,0,0,0,0,0,0,0,0,0,0,0,0,0,0,0,0,0,0,0,0,0,0,0,0,0,0,0,0,0,0,0,0,0,0,0,0,0,0,0,0,0,0,0,0,0,0,0,0,0,0,0,0,0,0,0,0,0,0,0,0,0,0,0,0,0,0,0,0,0,0,0,0,0,0,0,0,0,0,0,0,0,0,0,0
"GMB",0,0,0,0,0,0,0,0,0,0,0,0,0,0,0,0,0,0,0,0,0,0,0,0,0,0,0,0,0,0,0,0,0,0,0,0,0,0,0,0,0,0,0,0,0,0,0,0,0,0,0,0,0,0,0,0,0,0,0,0,0,0,0,0,0,0,0,172800000,0,0,0,0,0,0,0,0,0,0,0,0,0,0,0,0,0,0,0,0,0,0,0,0,0,0,0,0,0,0,0,0,0,0,0,0,0,0,0,5.4e+07,0,0,0,0,0,0,0,0,0,0,0,0,0,0,0,0,0,0,0,0,0,0,0,0,0,0,0,88200000,0,0,0,0,0,0,0,0,0,0,0,0,3.78e+08,0,0,0,0,0,0,0,0,0,0,0,0,0,0,0,0,0,0,0,0,0,0,0,0,0,0,0,0,0,0,0,0,0,0,0,0,0,0,0,0,0,0,0,0,0,0
"DEU",1785000,0,5355000,0,0,0,0,25518395000,0,5355000,0,0,0,0,0,0,1785000,0,0,0,0,162480000,0,0,0,48195000,0,0,0,0,7140000,0,0,0,0,0,0,0,912135000,14280000,0,53274665000,0,9940000,14280000,0,1400000,0,0,3248790000,0,0,8776320000,19424985000,0,0,98175000,0,0,0,3570000,16065000,0,1131325000,0,0,0,0,0,0,0,0,4315860000,2131455000,153510000,27135000,0,19635000,0,1756440000,0,5448015000,0,29145000,0,0,0,0,0,0,3570000,0,14280000,298095000,0,1785000,0,69615000,0,4690995000,0,0,0,4585000,7140000,0,5355000,0,0,0,14280000,3570000,0,74970000,0,0,22772555000,0,0,10710000,0,0,0,0,8925000,3819345000,0,0,6574250000,0,0,0,0,71923290000,719825000,0,0,0,0,0,256700000,0,94695000,0,0,0,0,0,0,0,0,961865000,351620000,26775000,0,3570000,1489265000,0,0,0,24906955000,4937670000,35700000,0,3570000,1785000,0,0,0,0,0,0,764190000,282205000,0,0,17526240000,187425000,64260000,0,0,0,0,0,0,0,0,0,6.494e+09,2684300000,64260000,5355000,0,0,0
"BIH",0,0,0,0,0,0,0,0,0,0,0,0,0,0,0,0,0,0,0,0,0,0,0,0,0,0,0,0,0,0,0,0,0,0,0,0,0,0,0,0,0,0,0,0,0,0,0,0,0,0,0,0,0,0,0,0,0,0,0,0,0,0,0,0,0,0,0,0,0,0,0,0,0,52200000,0,0,0,0,0,0,0,0,0,0,0,0,0,0,0,0,0,0,0,0,0,0,0,0,0,0,0,0,0,0,0,0,0,0,0,0,0,0,0,0,0,0,0,0,0,0,0,0,0,0,0,0,0,0,0,0,0,0,0,0,0,0,0,0,0,0,0,0,0,0,0,0,0,0,0,0,0,9e+06,0,0,0,0,0,0,0,0,0,0,0,0,0,0,0,0,0,0,0,0,0,0,0,0,0,0,19800000,0,0,0,0,0,0,0,0,0,0,0,70200000,156600000,0,0,0
"GHA",0,0,0,0,0,0,0,0,0,0,0,0,0,0,0,0,0,0,0,0,0,0,0,0,0,0,0,0,0,0,0,0,0,0,0,0,0,0,0,0,0,0,0,0,0,0,0,0,0,0,0,0,0,0,0,0,0,0,0,0,0,0,0,0,0,0,0,0,0,0,0,0,0,0,0,0,0,0,0,0,0,0,0,0,0,0,0,0,0,0,0,0,0,0,0,0,0,0,0,0,0,0,0,0,0,0,0,0,0,0,0,0,0,0,0,0,0,0,0,0,0,0,0,0,0,0,0,0,0,0,0,0,0,0,9e+06,0,0,0,0,0,0,0,0,0,0,0,0,0,0,0,0,0,0,0,0,0,0,0,0,0,0,0,0,0,0,0,0,0,0,0,0,0,0,0,0,0,0,0,0,1800000,0,0,0,0,0,0,0,0,0,0,0,0,0,0,0
"KIR",0,0,0,0,0,0,0,0,0,0,0,0,0,0,0,0,0,0,0,0,0,0,0,0,0,0,0,0,0,0,0,0,0,0,0,0,0,0,0,0,0,0,0,0,0,0,0,0,0,0,0,0,0,0,0,0,0,0,0,0,0,0,0,0,0,0,0,0,0,0,0,0,0,0,0,0,0,0,0,0,0,0,0,0,0,0,0,0,0,0,0,0,0,0,0,0,0,0,0,0,0,0,0,0,0,0,0,0,0,0,0,0,0,0,0,0,0,0,0,0,0,0,0,0,0,0,0,0,0,0,0,0,0,0,0,0,0,0,0,0,0,0,0,0,0,0,0,0,0,0,0,0,0,0,0,0,0,0,0,0,0,0,0,0,0,0,0,0,0,0,0,0,0,0,0,0,0,0,0,0,0,0,0,0,0,0,0,0,0,0,0,0,0,0,0
"GRC",0,0,5891600000,0,0,0,7.2e+07,62450000,0,0,0,0,0,0,0,0,0,0,0,0,0,39545690000,0,0,0,0,0,0,0,0,0,0,0,0,0,0,0,0,5733440000,0,0,1735200000,0,0,0,0,0,0,0,2498400000,0,0,401625000,5770800000,0,0,0,0,0,15273690000,0,0,0,0,0,0,0,0,0,0,0,0,45654190000,667800000,0,0,0,0,0,0,0,7584770000,0,0,0,0,0,0,0,0,0,0,0,5657400000,0,3.519e+09,0,0,0,6989805000,0,0,0,0,0,0,0,0,0,0,0,0,0,0,0,0,34365090000,0,0,485730000,0,0,0,0,0,0,0,0,10167110000,0,0,0,0,109687975000,554070000,0,0,0,0,0,61237055000,0,0,0,0,0,0,0,0,0,0,43200000,905400000,0,0,0,5281305000,0,0,0,1883255000,0,3218400000,0,0,0,41400000,0,0,0,0,0,3.7437e+10,8.1e+07,0,0,15284760000,1785000,14400000,0,0,0,0,0,0,0,0,0,11577110000,0,1423800000,0,0,0,358200000
"GRL",0,0,0,0,0,0,0,0,0,0,0,0,0,0,0,0,0,0,0,0,0,0,0,0,0,0,0,0,0,0,0,0,0,0,0,0,0,0,0,0,0,0,0,0,0,0,0,0,0,0,0,0,0,0,0,0,0,0,0,0,0,0,0,0,0,0,0,0,0,0,0,0,0,0,0,0,0,0,0,0,0,0,0,0,0,0,0,0,0,0,0,0,0,0,0,0,0,0,0,0,0,0,0,0,0,0,0,0,0,0,0,0,0,0,0,0,0,0,0,0,0,0,0,0,0,0,0,0,0,0,0,0,0,0,0,0,0,0,0,0,0,0,0,0,0,0,0,0,0,0,0,0,0,0,0,0,0,0,0,0,0,0,0,0,0,0,0,0,0,0,0,0,0,0,0,0,0,0,0,0,0,0,0,0,0,0,0,0,0,0,0,0,0,0,0
"GRD",0,0,0,0,0,0,0,0,0,0,0,0,0,0,0,0,0,0,0,0,0,0,0,0,0,0,0,0,0,0,0,0,0,0,0,0,0,0,0,0,0,0,0,0,0,0,0,0,0,0,0,0,0,0,0,0,0,0,0,0,0,0,0,0,0,0,0,0,0,0,0,0,0,0,0,0,0,0,0,0,0,0,0,0,0,0,0,0,0,0,0,0,0,0,0,0,0,0,0,0,0,0,0,0,0,0,0,0,0,0,0,0,0,0,0,0,0,0,0,0,0,0,0,0,0,0,0,0,0,0,0,0,0,0,0,0,0,0,0,0,0,0,0,0,0,0,0,0,0,0,0,0,0,0,0,0,0,0,0,0,0,0,0,0,0,0,0,0,0,0,0,0,0,0,0,0,0,0,0,0,0,0,0,0,0,0,0,0,0,0,0,0,0,0,0
"GTM",0,0,0,0,0,0,0,0,0,0,0,0,0,0,0,0,0,0,8400000,0,0,0,0,0,0,0,0,0,0,0,0,0,0,0,0,0,2.646e+09,0,0,0,0,0,0,0,0,0,0,1532400000,0,0,0,0,0,0,0,0,0,0,0,0,0,0,0,0,0,0,0,0,0,0,2307600000,0,0,0,0,0,0,0,0,0,0,0,0,0,0,0,0,0,0,0,0,0,0,0,0,0,0,0,0,0,0,0,0,0,0,0,0,0,0,0,0,0,0,0,0,0,0,0,0,0,0,0,334800000,0,0,0,0,8800000,0,0,0,0,0,0,0,0,0,0,0,0,0,0,0,0,0,0,0,0,0,0,0,0,0,0,0,0,0,0,0,0,0,0,0,0,0,0,0,0,0,0,0,0,0,0,0,0,0,0,95280000,0,0,0,0,0,0,0,0,0,0,0,0,0,0,0,0
"GIN",0,0,0,0,0,0,0,0,0,0,0,0,0,0,0,0,0,0,0,0,0,0,0,0,0,0,0,0,0,0,0,0,0,0,0,0,0,0,0,0,0,0,0,0,0,0,0,0,0,0,0,0,0,0,0,0,0,0,0,0,0,0,0,0,0,0,0,0,0,0,0,0,0,0,0,0,0,0,0,0,0,0,0,0,0,0,0,0,0,0,0,0,0,0,0,0,0,0,0,0,0,0,0,0,0,0,0,0,0,0,0,0,0,0,0,0,0,0,0,0,0,0,0,0,0,0,0,0,0,0,0,0,0,0,0,0,0,0,0,0,0,0,0,0,0,0,0,0,0,0,0,0,0,0,0,0,0,0,0,0,0,0,0,0,0,0,0,0,0,0,0,0,0,0,0,0,0,0,0,0,0,0,0,0,0,0,0,0,0,0,0,0,0,0,0
"GUY",0,0,0,0,1735020000,0,0,0,0,0,6359145000,0,0,0,0,0,0,0,0,0,0,0,0,0,0,89250000,0,0,0,0,0,0,0,44625000,0,0,0,0,0,0,0,0,1776075000,465885000,0,0,0,0,0,0,0,0,0,3486435000,0,0,0,0,0,337365000,0,0,0,0,0,3859170000,562275000,0,0,7968240000,0,0,0,0,0,0,0,0,0,0,0,176715000,0,0,140638950000,0,180285000,0,0,0,0,0,0,0,0,0,0,0,0,0,0,0,0,0,0,0,0,0,0,0,0,0,0,0,0,0,32362605000,0,0,0,0,0,0,8925000,0,0,0,17610855000,0,0,0,0,0,10111470000,30223620000,0,0,0,0,0,0,0,0,349860000,1822500000,4279110000,0,0,0,0,0,0,0,0,0,0,8925000,430470000,0,0,367710000,0,0,0,0,0,0,0,0,54400190000,0,0,44625000,0,0,0,11419560000,0,25188325000,0,0,0,71138955000,0,0,0,0,0,16517115000,0,0,0,0,0,0
"HTI",0,0,0,0,0,0,0,0,0,0,0,0,0,0,0,0,0,0,0,0,0,0,0,0,0,0,0,0,0,0,0,0,0,0,0,0,0,0,0,0,0,0,0,0,0,0,0,0,0,0,0,0,0,0,0,0,0,0,0,0,0,0,0,0,0,0,0,0,0,0,0,0,0,0,0,0,0,0,0,0,0,0,0,0,0,0,0,0,0,0,0,0,0,0,0,0,0,0,0,0,0,0,0,0,0,0,0,0,0,0,0,0,0,0,0,0,0,0,0,0,0,0,0,0,0,0,0,0,0,0,0,0,0,0,0,0,0,0,0,0,0,0,0,0,0,0,0,0,0,0,0,0,0,0,0,0,0,0,0,0,0,0,0,0,0,0,0,0,0,0,0,0,0,0,0,0,0,0,0,0,0,0,0,0,0,0,0,0,0,0,0,0,0,0,0
"HND",0,0,0,0,0,0,0,0,0,0,0,0,0,0,0,0,0,0,0,0,0,0,0,0,0,0,0,0,0,0,0,0,0,0,0,0,0,0,0,0,0,0,0,0,0,0,0,0,0,0,0,0,0,0,0,0,0,0,0,0,0,0,0,0,0,0,0,0,0,0,0,0,0,0,0,0,0,0,0,0,0,0,0,0,0,0,0,0,0,0,0,0,0,0,0,0,0,0,0,0,0,0,0,0,0,0,0,0,0,0,0,0,0,0,0,0,0,0,0,0,0,0,0,0,0,0,0,0,0,0,0,0,0,0,0,0,0,0,0,0,0,0,0,0,0,0,0,0,0,0,0,0,0,0,0,0,0,0,0,0,0,0,0,0,0,0,0,0,0,0,0,0,0,0,0,0,0,0,0,0,0,0,0,0,0,0,0,0,0,0,0,0,0,0,0
"HKG",0,0,0,0,0,0,93600000,0,0,0,0,0,0,0,0,0,0,0,0,0,0,0,0,0,0,692970000,0,0,0,0,0,2923200000,0,0,0,0,0,0,0,9e+06,0,0,0,0,0,0,0,0,0,0,0,0,0,0,0,0,0,0,0,0,0,0,0,0,0,0,0,0,0,0,0,0,0,0,0,0,0,0,0,0,0,0,0,0,0,0,0,0,1800000,0,0,1.8e+07,0,0,0,0,0,0,0,0,25450155000,0,0,73800000,0,0,0,0,0,0,0,0,0,0,0,0,0,0,0,0,79200000,9e+06,0,0,3600000,0,0,0,0,0,0,0,1830000,0,0,0,0,0,0,0,0,0,0,0,0,0,0,0,0,0,0,0,0,0,0,214050000,79200000,0,0,0,0,0,0,0,1800000,0,3.42e+08,0,0,0,0,0,0,0,5400000,0,1.143e+09,0,3472230000,0,0,0,5.76e+08,205200000,0,0,0,0,0,0,0,0,0,0,0
"HUN",0,0,0,0,0,0,0,41600000,0,0,0,0,0,0,0,0,0,0,0,0,0,19800000,0,0,0,0,0,0,0,0,0,0,0,0,0,0,0,0,1785000,0,0,0,0,0,0,0,0,0,0,0,0,0,0,0,0,0,1800000,0,0,129460000,0,0,0,0,0,0,0,0,0,0,0,0,0,201300000,0,0,0,0,0,0,0,595800000,0,1800000,0,0,0,0,0,0,0,0,0,2084400000,0,0,0,0,0,0,0,0,0,0,0,0,0,0,0,0,0,0,0,0,0,0,0,0,0,0,0,0,0,0,0,0,0,0,1.494e+09,0,0,0,0,64800000,0,0,0,0,0,0,3963065000,0,0,0,0,0,0,0,0,0,0,1800000,13192400000,0,0,0,617400000,0,0,0,0,0,0,0,0,0,25200000,0,0,0,0,0,0,0,0,0,97200000,10800000,0,0,0,0,0,0,0,0,0,0,340200000,0,2800000,0,0,0,0
"HRV",0,0,0,0,0,0,0,0,0,0,0,0,0,0,0,0,0,0,0,0,0,0,0,0,0,0,0,0,0,0,0,0,0,0,0,0,0,0,0,0,0,0,0,0,0,0,0,0,0,0,0,0,0,0,0,0,0,0,0,0,411740000,0,0,0,0,0,0,0,0,0,0,0,0,0,0,0,0,0,0,0,0,5355000,0,0,0,0,0,0,0,0,0,0,0,0,0,0,0,0,0,0,0,0,0,0,0,0,0,0,0,0,0,0,0,0,0,0,0,0,0,77400000,0,0,0,0,0,0,0,0,0,0,0,0,0,0,0,0,0,0,0,0,0,0,0,0,0,0,0,0,0,0,0,1800000,0,0,0,0,0,0,0,0,0,0,0,0,0,0,0,0,0,0,0,0,0,0,0,0,0,0,25200000,0,0,0,0,0,0,0,0,0,0,0,0,0,0,0,0
"ISL",0,0,0,0,0,0,0,0,0,0,0,0,0,0,0,0,0,0,0,0,0,0,0,0,0,0,0,0,0,0,0,0,0,0,0,0,0,0,0,0,0,0,0,0,0,0,0,0,0,0,0,0,0,0,0,0,0,0,0,0,0,0,0,0,0,0,0,0,0,0,0,0,0,0,0,0,0,0,0,0,0,0,0,0,0,0,0,0,0,0,0,0,0,0,0,0,0,0,0,0,0,0,0,0,0,0,0,0,0,0,0,0,0,0,0,0,0,0,0,0,0,0,0,0,0,0,0,0,0,0,0,0,0,0,0,0,0,0,0,0,0,0,0,0,0,0,0,0,0,0,0,0,0,0,0,0,0,0,0,0,0,0,0,0,0,0,0,0,0,0,0,0,0,0,0,0,0,0,0,0,0,0,0,0,0,0,0,0,0,0,0,0,0,0,0
"IND",0,1.71e+08,0,7923600000,0,64800000,44143405000,811800000,0,36412975000,0,252949400000,0,8826775000,0,478800000,160200000,0,0,0,1033170000,1220400000,1400000,0,17593200000,69490885000,0,466200000,44823200000,0,158400000,500400000,95400000,2228400000,5963400000,0,9e+06,133200000,2653200000,6915600000,156493800000,1348200000,0,0,2.25e+08,0,78076800000,7.2e+07,547200000,3.6e+07,0,1553400000,66600000,41231580000,0,23556300000,22753600000,0,5.985e+09,34409940000,43200000,59155200000,0,4.986e+09,0,43200000,7.2e+07,9151800000,1800000,1.125e+09,7.2e+07,2399400000,0,894600000,5.4e+08,0,36168600000,1718542800000,268126200000,528400000,2.3004e+10,50347800000,225424800000,28800000,1119600000,130600000,107999550000,1.44e+08,106445600000,1800000,4.05e+08,3600000,727484790000,0,0,3.272e+09,0,37391400000,318600000,2359800000,41400000,45136800000,2.7e+07,22221715000,60243800000,3600000,0,8184600000,72887400000,0,0,235800000,33398800000,2.7e+07,2.7e+09,161486490000,82381065000,0,0,0,0,6666600000,0,43200000,820986400000,4404600000,3590200000,0,50400000,0,0,0,27578400000,1274400000,5324400000,21630600000,8.55e+09,561600000,48789820000,6762600000,973800000,0,10681695000,16200000,43200000,0,743400000,2433855085000,161719200000,12098800000,1.053e+10,7200000,0,100942190000,9.0531e+10,3.77212e+11,13228200000,1800000,0,37800000,7304400000,15397230000,58552200000,115200000,129600000,15794600000,1443600000,59191200000,0,196200000,103478040000,5882400000,40251600000,2732203730000,1241600000,0,330266510000,3274200000,303998255000,5400000,0,0,0,11437200000,6269600000,3.28077e+11,376200000,2.151e+09,41394600000,0,39600000,0,0,0,0
"IDN",0,0,0,0,0,0,0,0,0,0,0,0,0,0,0,0,0,0,0,0,0,0,0,0,0,0,0,0,0,0,0,0,0,0,0,0,0,0,0,0,0,0,0,0,0,0,0,0,0,0,0,0,0,0,0,0,0,0,0,12600000,0,0,0,0,0,0,0,0,0,853230000,0,0,0,0,0,0,0,0,0,0,0,0,0,0,0,0,0,0,0,0,0,0,0,0,0,0,0,0,0,0,0,0,0,9.9e+07,0,0,0,0,0,0,0,0,0,0,0,0,0,0,0,0,0,0,0,0,0,0,0,0,0,0,0,0,0,0,0,0,1785000,0,0,0,0,0,0,0,0,0,0,0,0,0,0,0,0,1.044e+09,0,78540000,0,0,0,0,0,0,0,0,0,0,0,0,0,0,0,0,0,30600000,0,0,0,0,34200000,0,0,0,0,0,0,0,0,0,0,0,0,0,0,0,0
"IRN",340200000,0,0,0,0,0,0,0,0,0,0,0,0,0,0,0,0,0,0,0,0,0,0,0,0,14400000,0,0,0,0,0,0,0,0,0,0,0,0,0,0,0,0,0,0,0,0,0,0,0,0,0,0,0,0,0,0,0,0,0,0,0,0,0,0,0,0,0,0,0,0,0,0,0,0,0,0,0,0,7200000,0,0,0,0,0,0,0,0,0,0,0,0,0,0,0,0,0,0,0,0,0,0,0,0,1800000,0,0,0,0,0,0,0,0,0,0,0,0,0,0,0,0,0,0,0,0,0,0,0,0,0,0,0,0,0,0,0,0,0,0,0,0,0,0,0,0,0,0,0,0,0,0,0,0,0,0,0,0,0,0,7800000,0,0,0,0,0,0,0,0,0,0,0,0,0,0,1.8e+07,0,0,0,39600000,0,0,0,0,0,0,0,0,0,0,0,0,0,0,0,0,0
"IRQ",0,0,0,0,0,0,0,0,0,0,0,0,0,0,0,0,0,0,0,0,0,0,0,0,0,0,0,0,0,0,0,0,0,0,0,0,0,0,0,0,0,0,0,0,0,0,0,0,0,0,0,0,0,0,0,0,0,0,0,0,0,0,0,0,0,0,0,0,0,0,0,0,0,0,0,0,0,0,0,0,0,0,0,0,0,0,0,0,0,0,0,0,0,0,0,0,0,0,0,0,0,0,0,0,0,0,0,0,0,0,0,0,0,0,0,0,0,0,0,0,0,0,0,0,0,0,0,0,0,0,0,0,0,0,0,0,0,0,0,0,0,0,0,0,0,0,0,0,0,0,0,0,0,0,0,0,0,0,0,0,0,0,0,0,0,0,0,0,0,0,0,0,0,0,0,0,0,0,0,0,0,0,0,0,0,0,0,0,0,0,0,0,0,0,0
"IRL",0,0,0,0,0,0,0,0,0,0,0,0,0,0,0,0,0,0,0,0,0,0,0,0,0,0,0,0,0,0,0,0,0,0,0,0,0,0,0,0,0,0,0,0,0,0,0,0,0,0,0,0,0,0,0,0,0,0,0,0,0,0,0,0,0,0,0,0,0,0,0,0,0,0,0,0,0,0,0,0,0,4600000,0,0,0,0,0,0,0,0,0,0,0,0,0,0,0,0,0,0,0,0,0,0,0,0,0,0,0,0,0,0,0,0,0,0,4.5e+07,0,0,0,0,0,0,0,0,0,0,0,0,0,0,0,0,0,0,0,0,0,0,0,0,0,0,0,0,0,0,0,0,0,0,0,0,0,0,0,0,0,0,0,0,0,0,0,0,0,0,0,0,0,0,0,0,5400000,0,0,1453600000,0,0,0,0,0,0,0,0,0,0,0,0,0,0,0,0,0,0
"ISR",0,0,0,0,0,0,0,3600000,0,0,0,0,0,0,0,0,0,0,0,0,0,0,0,0,0,1800000,0,0,0,0,0,0,0,0,0,0,0,0,0,0,0,0,0,0,0,0,0,0,10800000,0,0,0,0,3600000,0,0,0,0,0,0,0,0,0,0,0,0,0,0,0,0,0,0,0,0,0,0,0,0,0,0,0,0,0,0,0,0,0,0,0,0,0,0,0,0,0,0,0,0,0,0,0,0,0,0,0,0,0,0,0,0,0,0,0,0,0,0,0,0,0,0,0,0,0,0,0,0,0,0,0,0,0,0,0,0,0,0,0,0,0,0,1800000,0,0,0,0,0,0,0,0,0,0,0,0,0,0,0,0,0,0,0,0,0,0,0,0,0,0,0,0,0,0,0,0,0,0,0,28800000,0,321510000,0,0,0,0,0,0,0,0,0,0,0,0,0,0,0,0
"ITA",21600000,0,11857385000,5400000,0,230415000,6850680000,68732555000,0,41355000,1800000,0,0,0,10800000,0,6763480000,0,0,0,0,7558800000,0,0,0,6.093e+09,145800000,0,0,0,302400000,241260000,1.26e+08,0,214200000,0,41400000,730800000,5699145000,0,0,27893535000,0,100800000,5400000,91800000,152970000,5400000,0,1289970000,0,1800000,48866280000,494894610000,17985000,0,291600000,0,0,452367015000,11962620000,7200000,0,40704905000,0,0,28800000,7e+06,0,21600000,0,628185000,84195195000,9811740000,0,246600000,34200000,43200000,0,5892025000,4764825000,0,0,9e+06,0,529200000,4.851e+09,0,52200000,19800000,0,5400000,59295000,925620000,0,45406785000,0,0,363495000,6199410000,19800000,0,0,30600000,1800000,23400000,3387480000,0,30600000,419385000,0,2626400000,1800000,0,0,0,208146515000,0,3660000,4.9e+07,0,773880000,3600000,0,9e+06,10323585000,0,19800000,158038550000,0,0,2.34e+08,41400000,139642565000,11970930000,0,0,21600000,32400000,0,29871195000,0,6400035000,0,0,0,0,114645000,0,0,0,30874565000,70632135000,824385000,0,797250000,45319540000,0,0,0,32164865000,86791690000,66562200000,0,1.26e+08,5400000,966600000,9e+06,0,0,28800000,104850000,102241405000,415455000,0,0,231787140000,309200000,24684700000,0,3.6e+07,0,460800000,4.5e+07,0,1800000,0,0,184727760000,4.05e+08,12023130000,1810485000,0,0,5320800000
"CIV",0,0,0,0,0,0,0,0,0,0,0,0,0,0,0,0,0,0,0,0,0,0,0,0,0,0,0,0,0,0,0,0,0,0,10710000,0,0,0,0,0,0,0,0,0,0,0,0,0,21600000,0,0,0,0,0,0,0,0,0,0,0,0,19763670000,0,0,0,0,0,28560000,0,0,0,0,0,0,0,0,0,0,0,0,0,0,0,0,0,0,0,0,0,0,0,0,0,0,0,0,0,9226800000,0,0,0,0,0,0,0,1.814e+09,0,0,0,0,0,0,0,0,0,0,0,0,0,0,0,0,0,3783225000,17850000,0,0,0,0,0,0,0,0,0,0,0,0,0,0,0,0,0,0,0,0,0,0,0,988200000,0,0,0,0,0,0,0,0,0,0,0,0,0,0,0,0,0,0,266400000,0,0,0,0,0,0,0,0,0,0,0,40905795000,0,0,0,0,0,0,0,0,0,0,0,0,0,0,0
"KAZ",0,5963400000,0,0,0,0,0,0,0,0,0,0,0,0,0,0,0,0,0,0,0,0,0,0,0,0,0,0,0,0,0,0,0,0,0,0,0,0,0,4847400000,0,0,0,0,0,0,0,0,0,0,0,0,0,0,0,0,102600000,0,0,0,0,0,0,0,0,0,0,0,0,0,0,0,0,0,0,0,0,0,0,0,0,791310000,0,0,0,0,0,15386050000,0,0,0,0,0,0,0,0,0,0,0,0,0,0,0,0,0,0,0,0,0,0,0,0,0,37800000,0,0,0,0,0,0,0,0,0,0,0,0,0,0,0,0,0,0,0,0,0,0,0,0,0,0,0,0,21272400000,0,0,0,0,0,0,0,0,0,0,0,0,0,0,0,10374800000,0,0,0,0,42287400000,0,0,0,0,0,0,0,0,1.152e+09,0,0,0,0,2649600000,0,0,0,8560800000,0,0,0,0,0,0,0,0,0,0,0,0,0
"JAM",0,0,0,0,0,0,0,0,0,0,0,0,0,0,0,0,0,0,0,0,0,0,0,0,0,0,0,0,0,0,0,0,0,0,0,0,0,0,0,0,0,0,0,0,0,0,0,0,0,0,0,0,0,0,0,0,0,0,0,0,0,0,0,0,0,0,0,0,0,0,0,0,0,0,0,0,0,0,0,0,0,0,0,0,0,0,0,0,0,0,0,0,0,0,0,0,0,0,0,0,0,0,0,0,0,0,0,0,0,0,0,0,0,0,0,0,0,0,0,0,0,0,0,0,0,0,0,0,0,0,0,0,0,0,0,0,0,0,0,0,0,0,0,0,0,0,0,0,0,0,0,0,0,0,0,0,0,0,0,0,0,0,0,0,0,0,0,0,0,0,0,0,0,0,0,0,0,0,0,0,0,0,0,0,0,0,0,0,0,0,0,0,0,0,0
"JPN",0,0,0,84600000,0,0,507600000,41400000,0,0,0,0,0,0,0,0,3600000,0,0,0,0,0,0,0,0,32400000,0,0,0,0,0,171200000,0,586800000,0,0,0,0,0,0,5054400000,1800000,0,0,0,0,0,0,0,0,0,1800000,3600000,104400000,0,23400000,0,0,1.062e+09,1.89e+08,0,30850200000,0,0,0,0,0,0,0,0,0,2576505000,0,0,0,0,2.7e+07,0,0,0,0,0,11552400000,0,0,0,0,0,0,0,0,0,0,0,624600000,0,0,0,0,0,12600000,0,0,66600000,3600000,9.936e+09,0,0,0,0,17539200000,0,0,0,0,20131200000,32400000,0,0,0,0,34200000,0,0,0,28800000,0,68400000,5400000,0,0,19800000,606600000,0,0,0,0,0,0,0,0,0,181800000,0,0,0,0,25200000,0,0,0,0,0,1676445000,0,0,0,0,0,0,10800000,3.6e+07,0,0,815835000,9034200000,46800000,0,0,0,0,5400000,0,12600000,0,0,167400000,0,152925000,0,0,0,0,10800000,0,0,0,0,16200000,0,0,0,0,0,0
"JOR",0,0,0,0,0,0,0,0,0,0,0,0,0,0,0,0,0,0,0,0,0,0,0,0,0,0,0,0,1.8e+07,0,0,0,0,0,0,0,0,0,0,0,0,0,0,0,0,0,0,0,0,0,0,0,0,0,0,0,0,0,0,0,0,0,0,0,0,0,0,0,0,0,0,0,0,0,0,0,0,0,1855560000,0,0,0,0,0,0,0,0,0,0,0,0,0,0,0,0,542640000,0,0,0,0,0,0,0,0,0,0,0,0,0,0,0,0,0,0,0,0,0,0,0,0,0,0,0,0,0,0,0,0,0,0,0,0,0,0,0,0,0,0,0,0,0,0,0,0,0,0,0,0,0,0,0,0,0,0,0,4.5e+08,0,0,0,0,0,0,0,0,0,0,12600000,0,0,0,0,0,1.8e+08,178875000,0,0,0,0,0,0,0,0,0,0,0,0,0,0,0,0,0,0,0,0,335580000
"KGZ",0,0,0,0,0,0,0,0,0,0,0,0,0,0,0,0,0,0,0,0,0,0,0,0,0,0,0,0,0,0,0,0,0,0,0,0,0,0,0,0,0,0,0,0,0,0,0,0,0,0,0,0,0,0,0,0,39600000,0,0,0,0,0,0,0,0,0,0,0,0,0,0,0,0,0,0,0,0,17850000,0,0,0,0,0,2.1e+07,0,0,0,0,0,0,0,0,0,0,0,0,0,0,0,0,0,0,0,0,0,0,0,0,0,0,0,0,0,0,0,0,0,0,0,0,0,0,0,0,0,0,0,0,0,0,0,0,0,0,0,0,0,0,0,0,0,0,112955000,0,0,0,0,0,0,0,0,0,0,0,0,0,0,0,322065000,0,0,0,0,2.16e+08,0,0,0,0,0,0,0,0,0,0,0,0,0,0,0,0,0,6379200000,0,0,0,0,0,0,0,0,0,0,0,0,0
"KEN",0,0,0,0,0,0,0,0,0,0,0,0,0,0,0,0,0,0,0,0,0,0,0,0,0,0,0,0,0,0,0,0,0,0,0,0,0,0,0,0,0,0,0,0,0,0,0,0,0,0,0,0,0,0,0,0,0,0,0,0,0,0,0,0,0,0,0,0,0,0,0,0,0,0,0,0,0,0,0,0,0,0,0,0,0,0,0,0,0,0,0,0,0,0,0,0,0,0,0,0,0,0,0,0,0,0,0,0,0,0,0,0,0,0,0,0,0,0,0,0,0,0,0,0,0,0,65800000,0,0,0,0,0,0,0,0,0,0,0,0,0,0,13600000,0,0,0,0,0,0,0,0,0,0,0,0,19800000,0,0,0,0,0,0,0,0,0,0,0,0,0,0,0,0,0,0,0,2629635000,0,0,0,0,0,0,0,0,0,2800000,0,7200000,0,0,0,0,0,0,0,0
"KHM",0,0,0,0,0,0,4.239e+09,172800000,0,0,0,0,0,0,0,0,0,0,0,0,0,8467200000,0,0,0,0,0,0,0,0,0,363600000,0,0,43200000,0,0,0,0,0,129600000,115200000,0,0,0,0,0,0,0,1209600000,0,0,0,123216600000,0,0,0,0,43200000,7862400000,0,2.16e+08,0,8.64e+08,0,0,0,0,0,0,0,1967400000,1.746e+09,0,0,0,0,0,0,0,0,8789400000,4.32e+08,0,0,0,0,0,0,0,0,0,0,7473600000,0,0,0,0,0,14054400000,1058040000,86400000,0,27246600000,0,0,0,0,0,0,0,0,0,0,0,0,20698200000,0,0,0,0,122400000,0,0,0,0,0,0,1380600000,1.8e+07,0,0,32400000,6.3963e+10,1.1394e+10,0,0,0,0,0,9979200000,0,41495400000,0,0,0,0,0,0,0,0,0,1679400000,1747800000,0,0,2966400000,0,0,0,4384800000,381600000,0,0,219465000,0,0,2.88e+09,0,41400000,0,0,0,0,0,0,9619200000,0,5.34e+09,0,0,0,0,3217200000,0,0,0,0,13894200000,0,0,0,0,0,0
"PRK",0,0,0,0,0,0,0,0,0,0,0,0,0,0,0,0,0,0,0,0,0,0,0,0,0,0,0,0,0,0,0,0,0,0,0,0,0,0,0,0,0,0,0,0,0,0,0,0,0,0,0,0,0,0,0,0,0,0,0,0,0,0,0,0,0,0,0,0,0,0,0,0,0,0,0,0,0,0,0,0,0,0,0,0,0,0,0,0,0,0,0,0,0,0,0,0,0,0,0,0,0,0,0,0,0,0,0,0,0,0,0,0,0,0,0,0,0,0,0,0,0,0,0,0,0,0,0,0,0,0,0,0,0,0,0,0,0,0,0,0,0,0,0,0,0,0,0,0,0,0,0,0,0,0,0,0,0,0,0,0,0,0,0,0,0,0,0,0,0,0,0,0,0,0,0,0,0,0,0,0,0,0,0,0,0,0,0,0,0,0,0,0,0,0,0
"KOR",0,16200000,0,385185000,0,1800000,5858925000,0,0,0,0,1400000,0,0,0,0,0,0,0,0,0,0,0,0,0,3.6e+07,0,0,0,0,0,9e+06,0,0,0,0,0,0,0,0,0,0,0,0,0,0,0,0,0,0,0,0,0,0,0,0,0,0,0,68385000,0,19800000,0,0,0,0,124200000,1800000,0,64800000,0,241095000,0,0,0,0,176400000,0,0,98400000,0,0,0,1800000,0,26970000,1800000,0,57600000,3600000,0,0,0,0,0,0,0,0,3600000,0,0,0,0,977400000,0,0,0,0,0,0,519945000,0,0,0,0,0,377985000,0,0,0,0,843915000,0,0,0,0,1800000,0,32400000,0,0,0,10800000,1800000,0,0,0,0,14400000,0,0,0,210600000,0,0,0,0,12585000,0,0,0,0,0,399585000,0,82800000,55800000,0,0,0,0,0,0,0,0,0,901500000,0,0,0,0,1800000,0,318600000,0,0,6.48e+08,0,777905000,0,0,0,0,0,0,0,0,97200000,7200000,0,0,0,0,0,0
"KWT",0,0,0,0,0,0,0,0,0,0,0,0,0,0,0,0,0,0,0,0,0,0,0,0,0,0,0,0,0,0,0,0,0,0,0,0,0,0,0,0,0,0,0,0,0,0,0,0,0,0,0,0,0,0,0,0,0,0,0,0,0,0,0,0,0,0,0,0,0,0,0,0,0,0,0,0,0,0,0,0,0,0,0,0,0,0,0,0,0,0,0,0,0,0,0,0,0,0,0,0,0,0,0,0,0,0,0,0,0,0,0,0,0,0,0,0,0,0,0,0,0,0,0,0,0,0,0,0,0,0,0,0,0,0,0,0,0,0,0,0,0,0,0,0,0,0,0,0,0,0,0,0,0,0,0,0,0,0,0,0,0,0,0,0,0,0,0,0,0,0,0,0,0,0,0,0,0,0,0,0,0,0,0,0,0,0,0,0,0,0,0,0,0,0,0
"LVA",0,0,0,0,0,0,0,0,0,0,0,0,0,0,0,0,0,0,0,0,0,0,0,0,0,0,0,0,0,0,0,0,0,0,0,0,0,0,0,0,0,0,0,0,0,0,0,0,0,1488585000,0,0,1800000,0,0,0,0,0,0,1800000,0,0,0,48600000,0,0,0,0,0,0,0,0,0,0,0,0,0,0,0,10800000,0,0,0,0,0,0,0,0,0,0,0,0,0,0,0,0,0,0,0,1652085000,0,0,0,0,0,0,0,0,0,0,0,0,0,0,0,0,0,0,0,0,0,0,0,0,0,0,0,0,0,0,0,0,0,0,0,0,0,0,0,0,0,0,0,0,0,0,0,0,0,0,0,0,0,0,0,0,0,0,0,0,0,0,0,0,0,0,0,0,0,0,0,0,0,0,0,0,1.8e+07,0,0,0,0,0,0,0,0,0,0,0,0,0,0,0,0,0,0
"LAO",0,0,0,0,0,0,0,0,0,0,0,0,0,0,0,0,0,0,0,0,0,0,0,0,0,0,0,0,0,0,0,0,0,0,0,0,0,0,0,0,0,0,0,0,0,0,0,0,0,0,0,0,0,0,0,0,0,0,0,0,0,0,0,0,0,0,0,0,0,0,0,0,0,0,0,0,0,0,0,0,0,0,0,0,0,0,0,0,0,0,0,0,0,0,0,0,0,0,0,0,0,0,0,0,0,0,0,0,0,0,0,0,0,0,0,0,0,0,0,0,0,0,0,0,0,0,0,0,0,0,0,0,0,0,0,0,0,0,0,0,0,0,0,0,0,0,0,0,0,0,0,0,0,0,0,0,0,0,0,0,0,0,0,0,0,0,0,0,0,0,0,0,0,0,0,0,0,0,0,0,0,0,0,0,0,0,0,0,0,0,0,0,0,0,0
"LBN",0,0,0,25200000,0,0,0,9e+06,0,0,0,0,0,0,0,0,1800000,0,0,0,0,0,0,0,1800000,16200000,0,7185000,0,0,0,0,0,0,23600000,0,0,0,12585000,0,1800000,7200000,0,0,0,0,0,0,3200000,0,0,0,0,1800000,0,0,0,3600000,1800000,22985000,0,1800000,0,5400000,0,0,0,11800000,0,0,0,0,3600000,0,0,0,0,0,172785000,0,0,0,52050000,0,0,0,184640000,0,0,0,0,0,1800000,0,0,0,0,9e+06,0,0,0,0,1800000,0,0,3600000,0,0,0,0,0,3600000,0,0,0,0,0,0,0,0,0,0,0,19755000,109400000,0,0,0,0,0,0,0,0,0,0,0,0,0,109635000,0,7200000,0,0,0,0,0,0,7155000,9e+06,0,9e+06,0,9e+06,0,0,0,0,0,0,0,23385000,0,722160000,0,0,1800000,0,1800000,0,0,0,0,0,1800000,0,0,91785000,0,331200000,10800000,0,0,7200000,0,0,0,0,0,7200000,0,0,0,0,0,0
"LSO",0,0,0,0,0,0,0,0,0,0,0,0,0,0,0,0,0,0,0,0,0,0,0,0,0,0,0,0,0,0,0,0,0,0,0,0,0,0,0,0,0,0,0,0,0,0,0,0,0,0,0,0,0,0,0,0,0,0,0,0,0,0,0,0,0,0,0,0,0,0,0,0,0,0,0,0,0,0,0,0,0,0,0,0,0,0,0,0,0,0,0,0,0,0,0,0,0,0,0,0,0,0,0,0,0,0,0,0,0,0,0,0,0,0,0,0,0,0,0,0,0,0,0,0,0,0,0,0,0,0,0,0,0,0,0,0,0,0,0,0,0,0,0,0,0,0,0,0,0,0,0,0,0,0,0,0,0,0,0,0,0,0,0,0,0,0,0,0,0,0,0,0,0,0,0,0,0,0,0,0,0,0,0,0,0,0,0,0,0,0,0,0,0,0,0
"LBR",0,0,0,0,0,0,0,0,0,0,0,0,0,0,0,0,0,0,0,0,0,0,0,0,0,0,0,0,0,0,0,0,0,0,0,0,0,0,0,0,0,0,0,0,0,0,0,0,0,0,0,0,0,0,0,0,0,0,0,0,0,0,0,0,0,0,0,0,0,0,0,0,0,0,0,0,0,0,0,0,0,0,0,0,0,0,0,0,0,0,0,0,0,0,0,0,0,0,0,0,0,0,0,0,0,0,0,0,0,0,0,0,0,0,0,0,0,0,0,0,0,0,0,0,0,0,0,0,0,0,0,0,0,0,0,0,0,0,0,0,0,0,0,0,0,0,0,0,0,0,0,0,0,0,0,0,0,0,0,0,0,0,0,0,0,0,0,0,0,0,0,0,0,0,0,0,0,0,0,0,0,0,0,0,0,0,0,0,0,0,0,0,0,0,0
"LBY",0,0,0,0,0,0,0,0,0,0,0,0,0,0,0,0,0,0,0,0,0,0,0,0,0,0,0,0,0,0,0,0,0,0,0,0,0,0,0,0,0,0,0,0,0,0,0,0,0,0,0,0,0,0,0,0,0,0,0,0,0,0,0,0,0,0,0,0,0,0,0,0,0,0,0,0,0,0,0,0,0,0,0,0,0,0,0,0,0,0,0,0,0,0,0,0,0,0,0,0,0,0,0,0,0,0,0,0,0,0,0,0,0,0,0,0,0,0,0,0,0,0,0,0,0,0,0,0,0,0,0,0,0,0,0,0,0,0,0,0,0,0,0,0,0,0,0,0,0,0,0,0,0,0,0,0,0,0,0,0,0,0,0,0,0,0,0,0,0,0,0,0,0,0,0,0,0,0,0,0,0,0,0,0,0,0,0,0,0,0,0,0,0,0,0
"LTU",0,0,0,0,0,0,0,0,0,0,0,0,0,0,0,0,0,0,0,0,0,21510000,0,0,0,0,0,0,0,0,0,0,0,0,0,0,0,0,0,0,0,0,0,0,34200000,0,0,0,0,3261060000,0,0,0,1800000,0,0,0,0,0,516090000,0,0,0,0,0,0,0,0,0,0,0,0,0,0,0,0,0,0,0,88200000,0,14400000,0,0,0,0,0,0,0,0,0,0,0,6371565000,0,0,0,0,0,0,0,0,0,0,0,0,0,0,0,0,0,0,0,0,0,0,0,0,0,0,0,0,0,0,0,0,0,0,0,0,0,0,0,3076185000,0,0,0,0,0,0,0,0,3600000,0,0,0,0,0,0,0,0,0,0,0,0,0,0,0,0,0,0,0,0,0,0,0,0,0,0,0,0,0,0,0,0,0,59520000,0,0,0,0,0,0,0,0,0,0,0,0,0,0,0,0,0,0
"MAC",0,0,0,0,0,0,0,0,0,0,0,0,0,0,0,0,0,0,0,0,0,0,0,0,0,0,0,0,0,0,0,0,0,0,0,0,0,0,0,0,0,0,0,0,0,0,0,0,0,0,0,0,0,0,0,0,0,0,0,0,0,0,0,0,0,0,0,0,0,0,0,0,0,0,0,0,0,0,0,0,0,0,0,0,0,0,0,0,0,0,0,0,0,0,0,0,0,0,0,0,0,0,0,0,0,0,0,0,0,0,0,0,0,0,0,0,0,0,0,0,0,0,0,0,0,0,0,0,0,0,0,0,0,0,0,0,0,0,0,0,0,0,0,0,0,0,0,0,0,0,0,0,0,0,0,0,0,0,0,0,0,0,0,0,0,0,0,0,0,0,0,0,0,0,0,0,0,0,0,0,0,0,0,0,0,0,0,0,0,0,0,0,0,0,0
"MDG",0,0,0,0,0,0,0,0,0,0,0,0,0,0,0,0,0,0,0,0,0,0,0,0,0,0,0,0,0,0,0,0,0,3570000,0,0,0,0,0,0,0,0,0,0,0,0,0,0,0,0,0,0,0,19800000,0,0,0,0,0,0,0,0,0,0,0,0,0,0,0,0,0,0,0,0,0,0,0,0,0,0,0,0,0,0,0,0,0,0,0,0,0,0,0,0,0,0,0,0,0,0,0,0,0,0,0,0,0,0,0,0,0,0,0,0,0,0,0,0,0,0,0,0,0,0,0,0,0,0,0,0,0,0,0,0,0,0,0,0,0,0,0,0,0,0,0,0,0,0,0,0,0,0,0,0,0,0,0,0,0,0,0,0,0,0,0,0,0,0,0,0,0,0,0,0,0,0,0,0,71550000,0,0,0,0,0,0,0,0,0,25200000,0,0,0,0,0,0
"MWI",0,0,0,0,0,0,0,0,0,0,0,0,0,0,0,0,0,0,0,0,0,0,0,0,0,0,0,0,0,0,0,0,0,0,12600000,0,0,0,0,0,0,0,0,0,0,0,0,0,0,0,0,0,0,0,0,0,0,0,0,0,0,0,0,0,0,0,0,0,0,3.6e+08,0,0,0,0,0,0,0,0,0,0,0,0,0,0,0,0,0,0,50400000,0,0,0,0,0,0,0,0,0,0,0,0,0,0,0,0,0,0,0,0,0,0,0,150240000,0,0,0,0,0,0,0,0,0,0,0,0,0,0,0,0,0,0,0,0,0,0,0,0,0,0,1498200000,0,0,0,0,0,0,0,0,0,0,0,0,0,0,0,8.3e+07,0,0,0,0,0,0,0,0,0,910725000,0,0,0,0,0,0,0,0,0,0,96630000,0,0,0,0,0,0,0,0,0,14400000,867200000,0,0,0,0,0,0,0
"MYS",0,0,0,0,0,0,32400000,0,0,0,0,0,0,0,0,0,0,0,0,0,0,0,0,0,0,0,0,0,0,0,0,0,0,0,0,0,0,0,0,0,0,0,0,0,0,0,0,0,0,0,0,0,0,0,0,0,0,0,0,0,0,0,0,0,0,0,0,0,0,0,0,0,0,0,0,0,131400000,0,0,0,0,0,0,0,0,0,0,0,0,0,0,0,0,0,0,0,0,0,0,0,0,0,0,0,0,0,0,0,0,0,0,0,0,0,0,0,0,0,0,0,0,192780000,0,0,0,0,0,0,0,0,0,0,1800000,0,0,0,0,0,0,0,0,0,0,0,0,0,0,0,0,0,0,0,0,1600995000,0,0,0,0,0,0,0,0,0,0,0,0,0,0,0,0,0,0,0,0,0,0,0,0,0,0,0,0,0,0,0,0,0,0,0,0,0,0,0,0,0
"MDV",0,0,0,0,0,0,0,0,0,0,0,0,0,0,0,0,0,0,0,0,0,0,0,0,0,0,0,0,0,0,0,0,0,0,0,0,0,0,0,0,0,0,0,0,0,0,0,0,0,0,0,0,0,0,0,0,0,0,0,0,0,0,0,0,0,0,0,0,0,0,0,0,0,0,0,0,0,0,0,0,0,0,0,0,0,0,0,0,0,0,0,0,0,0,0,0,0,0,0,0,0,0,0,0,0,0,0,0,0,0,0,0,0,0,0,0,0,0,0,0,0,0,0,0,0,0,0,0,0,0,0,0,0,0,0,0,0,0,0,0,0,0,0,0,0,0,0,0,0,0,0,0,0,0,0,0,0,0,0,0,0,0,0,0,0,0,0,0,0,0,0,0,0,0,0,0,0,0,0,0,0,0,0,0,0,0,0,0,0,0,0,0,0,0,0
"MLI",0,0,0,0,0,0,0,0,0,0,0,0,0,0,0,0,0,0,0,0,0,0,0,0,0,0,0,0,0,0,0,0,0,0,0,0,0,0,0,0,0,0,0,0,0,0,0,0,0,0,0,0,0,0,0,0,0,0,0,0,0,0,0,0,0,0,0,0,0,0,0,0,0,0,0,0,0,0,0,0,0,0,0,0,0,0,0,0,0,0,0,0,0,0,0,0,0,0,0,0,0,0,0,0,0,0,0,0,0,0,0,0,0,0,0,0,0,0,0,0,0,0,0,0,0,0,0,0,0,0,0,0,0,0,0,0,0,0,0,0,0,0,0,0,0,0,0,0,0,0,0,0,0,0,0,0,0,0,0,0,0,0,0,0,0,0,0,0,0,0,0,0,0,0,0,0,0,0,0,0,0,0,0,0,0,0,0,0,0,0,0,0,0,0,0
"MLT",0,0,0,0,0,0,0,0,0,0,0,0,0,0,0,0,0,0,0,0,0,0,0,0,0,0,0,0,0,0,0,0,0,0,0,0,0,0,0,0,0,0,0,0,0,0,0,0,0,0,0,0,0,0,0,0,0,0,0,0,0,0,0,0,0,0,0,0,0,0,0,0,0,0,0,0,0,0,0,0,0,1800000,0,0,0,0,0,0,0,0,0,0,0,0,0,0,0,0,86400000,0,0,0,0,0,0,0,0,0,0,0,0,0,0,0,0,0,0,0,0,0,0,0,0,0,0,0,0,0,0,0,0,0,0,0,0,0,0,0,0,0,0,0,0,0,0,0,0,0,0,0,0,0,0,0,0,0,0,0,0,0,0,0,0,0,0,0,0,0,0,0,0,0,0,0,0,0,0,0,0,0,0,0,0,0,0,0,0,0,0,0,0,0,0,0,0
"MRT",0,0,0,0,0,0,0,0,0,0,0,0,0,0,0,0,0,0,0,0,0,0,0,0,0,0,0,0,0,0,0,0,0,0,0,0,0,0,0,0,0,0,0,0,0,0,0,0,0,0,0,0,0,0,0,0,0,0,0,0,0,0,0,0,0,0,0,0,0,0,0,0,0,0,0,0,0,0,0,0,0,0,0,0,0,0,0,0,0,0,0,0,0,0,0,0,0,0,0,0,0,0,0,0,0,0,0,0,0,0,0,0,0,0,0,0,0,0,0,0,0,0,0,0,0,0,0,0,0,0,0,0,0,0,0,0,0,0,0,0,0,0,0,0,0,0,0,0,0,0,0,0,0,0,0,0,0,0,0,0,0,0,0,0,0,0,0,0,0,0,0,0,0,0,0,0,0,0,0,0,0,0,0,0,0,0,0,0,0,0,0,0,0,0,0
"MUS",0,0,0,0,0,0,0,0,0,0,0,0,0,0,0,0,0,0,0,0,0,0,0,0,0,0,0,0,0,0,0,0,0,39600000,0,0,0,0,0,0,0,0,0,0,0,0,0,0,0,0,0,0,0,1.71e+08,0,0,0,0,0,0,0,0,0,0,0,0,0,0,0,0,0,0,0,0,0,0,1800000,0,0,0,0,23400000,0,0,0,0,0,0,0,0,0,7.2e+07,0,0,0,0,0,0,0,0,0,1105200000,0,169200000,0,0,0,0,0,0,0,0,0,0,0,0,0,0,0,0,0,0,0,0,0,0,8.1e+08,0,0,0,0,0,0,0,0,0,0,0,0,0,0,0,0,0,0,0,0,0,0,43140000,0,0,0,0,0,30600000,23400000,0,0,0,0,0,0,0,3.24e+08,0,0,0,0,0,0,0,0,0,0,0,3600000,0,0,0,0,0,0,0,0,0,0,0,0,0,0,0,0,0,0
"MEX",0,0,0,0,0,0,0,0,0,0,0,0,0,0,0,0,0,0,5.4e+07,0,0,0,0,0,0,0,0,0,0,0,0,0,0,0,0,0,0,3979800000,0,0,0,0,0,0,0,0,0,0,0,0,0,0,0,0,0,0,0,0,0,0,0,0,0,0,0,0,0,0,0,0,52200000,0,0,8.1e+07,0,0,0,0,0,0,0,0,0,0,0,0,0,0,0,0,0,0,0,0,0,1800000,0,0,0,0,0,0,0,0,0,0,0,0,0,0,0,0,0,0,0,0,0,0,0,0,0,0,0,0,0,0,0,0,0,0,0,0,0,0,0,0,0,0,0,0,0,0,0,0,0,0,0,0,0,0,0,0,0,0,0,0,0,0,0,0,0,0,0,0,0,0,0,0,0,0,0,0,0,0,0,0,0,0,9143280000,0,0,0,0,0,0,0,0,0,0,0,0,0,0,0,0
"MNG",0,0,0,0,0,0,0,0,0,0,0,0,0,0,0,0,0,0,0,0,0,0,0,0,0,0,0,0,0,0,0,0,0,0,0,0,0,0,0,0,0,0,0,0,0,0,0,0,0,0,0,0,0,0,0,0,0,0,0,0,0,0,0,0,0,0,0,0,0,0,0,0,0,0,0,0,0,0,0,0,0,0,0,0,0,0,0,0,0,0,0,0,0,0,0,0,0,0,0,0,0,0,0,0,0,0,0,0,0,0,0,0,0,0,0,0,0,0,0,0,0,0,0,0,0,0,0,0,0,0,0,0,0,0,0,0,0,0,0,0,0,0,0,0,0,0,0,0,0,0,0,0,0,0,0,0,0,0,0,0,0,0,0,0,0,0,0,0,0,0,0,0,0,0,0,0,0,0,0,0,0,0,0,0,0,0,0,0,0,0,0,0,0,0,0
"MAR",0,0,0,0,0,0,0,0,0,0,0,0,0,0,0,0,0,0,0,0,0,0,0,0,0,0,0,0,0,0,0,0,0,0,0,0,0,0,0,0,0,0,0,0,0,0,0,0,0,0,0,0,0,0,0,0,0,0,0,0,0,0,0,0,0,0,0,0,0,0,0,0,0,0,0,0,0,0,0,0,0,0,0,0,0,0,0,0,0,0,0,0,0,0,0,0,0,0,0,0,0,0,0,0,0,0,0,5600000,0,0,0,0,0,0,0,0,0,0,0,0,0,0,0,0,0,0,0,0,0,0,0,0,0,0,0,0,0,0,0,0,0,0,0,0,0,0,0,0,0,0,0,0,0,0,0,0,1526175000,0,0,0,0,0,0,0,0,0,0,0,0,0,0,0,0,0,0,0,0,0,0,0,0,0,0,0,0,0,0,0,0,0,0,0,0,0,0
"MOZ",0,0,0,0,0,0,0,0,0,0,0,0,0,0,0,0,0,0,0,0,0,0,0,0,0,0,0,0,0,0,0,0,0,0,0,0,0,0,0,0,0,0,0,0,0,0,0,0,0,0,0,0,0,0,0,0,0,0,0,0,0,0,0,0,0,0,0,0,0,0,0,0,0,0,0,0,0,0,0,0,0,0,0,0,0,0,0,0,0,0,0,0,0,0,0,0,0,0,0,0,0,0,0,0,0,0,0,0,0,0,0,0,0,0,0,0,0,0,0,0,0,0,0,0,0,0,0,0,0,0,0,0,0,0,0,0,0,0,0,0,0,0,0,0,0,0,0,0,0,0,0,0,0,0,0,0,0,0,0,0,0,0,0,0,0,0,0,0,0,0,0,0,0,0,0,0,0,0,0,0,0,0,0,0,0,0,0,0,0,0,0,0,0,0,0
"MDA",0,0,0,0,0,0,0,0,0,0,0,0,0,0,0,0,0,0,0,0,0,0,0,0,0,0,0,0,0,0,0,0,0,0,0,0,0,0,0,0,0,0,0,0,0,0,0,0,0,0,0,0,0,0,0,0,0,0,0,0,0,0,0,0,0,0,0,0,0,0,0,0,0,0,0,0,0,0,0,0,0,0,0,0,0,0,0,0,0,0,0,0,0,0,0,0,0,0,0,0,0,0,0,0,0,0,0,0,0,0,0,0,0,0,0,0,0,0,0,0,0,0,0,0,0,0,0,0,0,0,0,0,0,0,0,0,0,0,0,0,0,0,0,0,0,0,0,0,0,0,0,0,0,0,0,0,0,0,0,0,0,0,0,0,0,0,0,0,0,0,0,0,0,0,0,0,0,0,0,0,0,0,0,0,0,0,0,0,0,0,0,0,0,0,0
"NAM",0,0,0,0,0,0,0,0,0,0,0,0,0,0,0,0,0,0,0,0,0,0,0,0,0,0,0,0,0,0,0,0,0,0,0,0,0,0,0,0,0,0,0,0,0,0,0,0,0,0,0,0,0,0,0,0,0,0,0,0,0,0,0,0,0,0,0,0,0,0,0,0,0,0,0,0,0,0,0,0,0,0,0,0,0,0,0,0,0,0,0,0,0,0,0,0,0,0,0,0,0,0,0,0,0,0,0,0,0,0,0,0,0,0,0,0,0,0,0,0,0,0,0,0,0,0,0,0,0,0,0,0,0,0,0,0,0,0,0,0,0,0,0,0,0,0,0,0,0,0,0,0,0,0,0,0,0,0,0,0,0,0,0,0,0,0,0,0,0,0,0,0,0,0,0,0,0,0,0,0,0,0,0,0,0,0,0,0,0,0,0,0,0,0,0
"NPL",0,0,0,0,0,0,16065000,0,0,0,0,0,0,0,0,0,0,0,0,0,0,0,0,0,0,0,0,0,0,0,0,5.4e+08,0,0,0,0,0,0,0,0,0,0,0,0,0,0,0,0,0,0,0,0,0,0,0,0,0,0,0,0,0,0,0,0,0,0,0,0,0,0,0,0,0,0,0,7e+06,0,0,0,0,0,0,0,0,0,0,0,0,0,0,0,0,0,0,0,0,0,0,0,0,0,0,0,0,0,0,0,0,0,0,0,0,0,0,0,0,0,0,0,0,0,0,0,0,0,0,0,0,0,0,0,0,0,0,0,0,0,0,0,0,0,0,0,0,0,0,0,0,0,0,0,0,0,0,0,0,0,0,0,0,0,0,0,0,6.3e+08,0,0,0,0,0,0,0,0,0,0,0,0,0,0,0,0,0,0,0,0,0,0,0,0,0,0,0,0,0,0
"NLD",0,32130000,0,1785000,0,0,1400000,10546510000,0,0,1785000,0,0,0,0,0,0,0,0,0,0,1785000,0,0,0,74200000,0,0,0,0,0,0,0,0,0,0,0,0,5355000,3570000,0,12603315000,0,0,0,0,0,0,0,324975000,0,0,3976315000,85930610000,0,0,1785000,0,0,199206515000,0,0,0,3812950000,0,0,0,0,0,0,0,9e+06,233440000,124425000,214245000,233925000,0,0,0,8190945000,0,9032265000,0,1785000,0,0,0,0,3570000,0,0,0,1785000,58905000,0,167970000,0,64260000,0,1329525000,0,5355000,0,0,0,0,66240000,0,0,0,0,1785000,39270000,4200000,0,0,0,0,0,0,0,0,0,0,0,171585000,0,0,1670090000,0,0,0,0,32082995000,668985000,0,0,5355000,1785000,0,435645000,0,0,0,0,0,0,16155000,0,0,0,231120000,161280000,1785000,0,9800000,3531410000,23355000,0,0,23909595000,626215000,49980000,0,0,0,383775000,0,0,0,0,0,23205000,0,0,0,66976200000,0,170985000,5600000,0,0,0,0,1785000,0,0,0,47736610000,376595000,7140000,0,0,0,0
"ANT",0,0,0,0,0,0,0,0,0,0,0,0,0,0,0,0,0,0,0,0,0,0,0,0,0,0,0,0,0,0,0,0,0,0,0,0,0,0,0,0,0,0,0,0,0,0,0,0,0,0,0,0,0,0,0,0,0,0,0,0,0,0,0,0,0,0,0,0,0,0,0,0,0,0,0,0,0,0,0,0,0,0,0,0,0,0,0,0,0,0,0,0,0,0,0,0,0,0,0,0,0,0,0,0,0,0,0,0,0,0,0,0,0,0,0,0,0,0,0,0,0,0,0,0,0,0,0,0,0,0,0,0,0,0,0,0,0,0,0,0,0,0,0,0,0,0,0,0,0,0,0,0,0,0,0,0,0,0,0,0,0,0,0,0,0,0,0,0,0,0,0,0,0,0,0,0,0,0,0,0,0,0,0,0,0,0,0,0,0,0,0,0,0,0,0
"NCL",0,0,0,0,0,0,32400000,0,0,0,0,0,0,0,0,0,0,0,0,0,0,0,0,0,0,0,0,0,0,0,0,0,0,0,0,0,0,0,0,0,0,0,0,0,0,0,0,0,0,0,0,0,0,0,0,0,0,0,0,0,0,0,0,0,0,0,0,0,0,0,0,0,0,0,0,0,0,0,0,0,0,0,0,0,0,0,0,0,0,0,0,0,0,0,0,0,0,0,0,0,0,0,0,0,0,0,0,0,0,0,0,0,0,0,0,0,0,0,0,0,0,0,0,0,0,0,0,0,0,0,0,0,0,0,0,0,0,0,0,0,0,0,0,0,0,0,0,0,0,0,0,0,0,0,0,0,0,0,0,0,0,0,0,0,0,0,0,0,0,0,0,0,0,0,0,0,0,0,0,0,0,0,0,0,0,0,0,0,0,0,0,0,0,0,0
"MKD",0,0,2.7e+07,0,0,0,0,0,0,0,0,0,0,0,0,0,0,0,0,0,0,4595670000,0,0,0,3600000,0,0,0,0,0,0,0,0,0,0,0,0,0,0,0,0,0,0,0,0,0,0,0,0,0,0,0,0,0,0,0,0,0,3600000,331720000,0,0,0,0,0,0,0,0,0,0,0,0,79200000,0,0,0,0,0,0,0,0,0,0,0,0,0,0,0,0,0,0,0,0,0,0,0,0,0,0,0,0,0,0,0,0,0,0,0,0,0,0,0,0,0,0,0,0,0,0,0,0,0,0,0,0,0,0,0,0,0,0,0,0,0,0,0,0,0,0,0,0,0,0,0,0,0,0,0,0,0,3600000,0,0,0,0,0,0,0,0,0,0,0,0,0,0,0,0,0,0,0,0,2.7e+07,0,0,0,0,0,3585000,0,0,0,0,0,0,0,0,0,0,0,11196790000,793590000,0,0,0
"VUT",0,0,0,0,0,0,0,0,0,0,0,0,0,0,0,0,0,0,0,0,0,0,0,0,0,0,0,0,0,0,0,0,0,0,0,0,0,0,0,0,0,0,0,0,0,0,0,0,0,0,0,0,0,0,0,0,0,0,0,0,0,0,0,0,0,0,0,0,0,0,0,0,0,0,0,0,0,0,0,0,0,0,0,0,0,0,0,0,0,0,0,0,0,0,0,0,0,0,0,0,0,0,0,0,0,0,0,0,0,0,0,0,0,0,0,0,0,0,0,0,0,0,0,0,0,0,0,0,0,0,0,0,0,0,0,0,0,0,0,0,0,0,0,0,0,0,0,0,0,0,0,0,0,0,0,0,0,0,0,0,0,0,0,0,0,0,0,0,0,0,0,0,0,0,0,0,0,0,0,0,0,0,0,0,0,0,0,0,0,0,0,0,0,0,0
"NZL",0,0,0,0,0,0,545400000,0,0,0,0,0,0,0,0,0,0,0,0,1.8e+07,0,0,0,0,0,0,0,0,0,0,0,0,0,0,0,336585000,0,0,0,0,0,0,0,0,0,0,0,0,0,0,0,30600000,0,0,7200000,0,0,0,0,0,0,0,0,0,0,0,0,0,0,0,0,0,0,0,0,0,0,0,0,0,0,0,0,0,0,5400000,0,0,0,0,0,0,0,0,0,0,0,0,0,0,0,0,0,0,0,0,0,0,0,0,0,0,0,0,0,0,0,0,3600000,0,12600000,0,0,0,0,0,21600000,0,0,1800000,0,0,0,0,0,0,0,0,0,0,0,0,0,0,0,0,0,0,0,0,0,0,0,0,0,0,0,0,0,0,0,0,0,0,0,0,3.6e+07,0,134405000,0,0,0,0,48600000,0,3600000,0,0,284400000,0,0,0,0,0,0,0,0,0,0,0,0,0,0,0,0
"NIC",0,0,0,0,0,0,0,0,0,0,0,0,0,0,0,0,0,0,0,0,0,0,0,0,0,0,0,0,0,0,0,0,0,0,0,0,8676030000,0,0,0,0,0,0,0,0,0,0,14229060000,0,0,0,0,0,0,0,0,0,0,0,0,0,0,0,0,0,0,1.35e+08,0,0,0,1.007e+09,0,0,0,0,0,0,0,0,0,0,0,0,0,0,0,0,0,0,0,0,0,0,0,0,0,0,0,0,0,0,0,0,0,0,0,0,0,0,0,0,0,0,0,0,0,0,0,0,0,0,0,0,0,0,0,0,28800000,0,0,0,0,0,0,0,0,0,0,0,0,0,0,0,0,0,0,0,0,0,0,0,0,0,0,0,0,0,0,0,0,0,0,0,0,0,0,0,0,0,0,0,0,0,0,0,0,0,0,0,0,0,0,0,0,0,0,0,0,0,0,0,0,0,0,0
"NER",0,0,0,0,0,0,0,0,0,0,0,0,0,0,0,0,0,0,0,0,0,0,0,0,0,0,0,0,0,0,0,0,0,0,0,0,0,0,0,0,0,0,0,0,0,0,0,0,0,0,0,0,0,0,0,0,0,0,0,0,0,5.4e+07,0,0,0,0,0,0,0,0,0,0,0,0,0,0,0,0,0,0,0,4.32e+08,0,0,0,0,0,0,0,0,0,0,0,0,0,0,0,0,0,0,0,0,0,0,0,0,0,0,0,0,0,0,0,0,0,0,0,0,0,0,0,0,0,0,37545000,0,3145815000,0,0,0,0,0,0,0,0,0,0,0,0,0,0,0,0,0,0,0,0,0,0,0,0,0,0,0,0,0,0,0,0,0,0,0,0,0,0,0,40284090000,0,0,0,0,0,1.26e+09,0,0,0,0,0,0,0,0,0,0,1374450000,0,0,0,0,0,0,0,0,0,0,0
"NGA",0,0,0,0,0,0,0,0,0,0,0,0,0,0,0,0,0,0,0,0,0,0,0,0,0,0,0,0,0,0,0,0,0,0,0,0,0,0,0,0,0,0,0,0,0,0,0,0,0,0,0,0,0,0,0,0,0,0,0,0,0,0,0,0,0,0,0,0,0,0,0,0,0,0,0,0,0,0,0,0,0,0,0,0,0,0,0,0,0,0,0,0,0,0,0,0,0,0,0,0,0,0,0,0,0,0,0,0,0,0,0,0,0,0,0,0,0,0,0,0,0,0,0,0,0,0,0,0,0,0,0,0,0,0,0,0,0,0,0,0,0,0,0,0,0,0,0,0,0,0,0,0,0,0,0,0,0,0,0,0,0,0,0,0,0,0,0,0,0,0,0,0,0,0,0,0,0,0,0,0,0,0,0,0,0,0,0,0,0,0,0,0,0,0,0
"NOR",0,0,0,0,0,0,0,0,0,0,0,0,0,0,0,0,0,0,0,0,0,0,0,0,0,0,0,0,0,0,0,0,0,0,0,0,0,0,0,0,0,332250000,0,0,0,0,0,0,0,0,0,0,0,0,0,0,0,0,0,39600000,0,0,0,0,0,0,0,0,0,0,0,0,0,0,19800000,0,0,0,0,0,0,0,0,0,0,0,0,0,0,0,0,0,0,0,0,0,0,0,0,0,0,0,0,0,0,0,0,0,0,0,0,0,0,0,0,0,0,0,0,0,0,0,0,0,0,0,3.6e+07,0,0,0,0,0,0,0,0,0,0,0,0,0,0,0,0,0,0,0,0,0,0,0,0,0,0,0,0,0,1800000,0,0,0,289785000,0,0,0,0,0,2.7e+07,0,0,0,0,0,7200000,0,0,0,0,0,0,0,0,0,0,0,0,0,0,0,0,0,0,0,0,0,0
"PAK",352800000,836643180000,3290400000,1.8072e+10,0,127800000,71657640000,142200000,8.1e+07,140603400000,0,446608800000,0,0,0,1123200000,9e+07,0,0,0,5.49e+08,2523600000,0,0,146665800000,34034400000,1461600000,0,310206600000,0,1391400000,37175400000,0,137770200000,1.0746e+10,0,0,0,1.179e+09,14432400000,283793400000,5466600000,0,82800000,1528200000,0,41351400000,0,1281600000,1477800000,0,8.1e+08,255600000,24892470000,0,84938400000,16275600000,1792800000,53512200000,39183420000,86400000,87220800000,0,8850600000,0,0,0,3.92157e+11,0,2581200000,0,18413130000,2476800000,4798425000,0,2.25e+08,40386600000,677509200000,172614600000,3.744e+09,0,48331590000,393951600000,6.66e+08,169200000,1081800000,25979400000,149130000,1072860180000,0,2.1069e+10,0,101827800000,471600000,0,11426400000,0,50398200000,8.64e+08,44287200000,0,387816400000,1.08e+08,5.3136e+11,9739800000,0,885600000,31395600000,7.947e+10,2464200000,0,0,454935600000,0,1378800000,0,38706975000,0,0,0,0,14916600000,0,4.212e+09,63851400000,4.716e+09,0,0,943200000,0,23400000,0,382012200000,3.258e+09,2921250000,85728600000,0,0,350148600000,7984800000,2091600000,228600000,124599600000,0,0,0,3.339e+09,577184400000,165351600000,8.811e+09,228965400000,2.16e+08,0,1.7577e+10,5.78601e+11,271837425000,34413900000,0,0,0,11203200000,1913400000,32340600000,264600000,84600000,58042800000,1641600000,114838200000,0,156600000,384293790000,20154600000,283035600000,0,2768400000,0,266789670000,9.738e+10,61130325000,0,0,154800000,0,1717200000,6235200000,3.0555e+11,35533800000,7.47e+08,126434790000,0,439200000,0,0,0,0
"PAN",0,0,0,0,0,0,0,0,0,0,0,0,0,0,0,0,0,0,0,0,0,0,0,0,0,0,0,0,0,0,0,0,0,0,0,0,0,0,0,0,0,0,0,0,0,0,0,0,0,0,0,0,0,0,0,0,0,0,0,0,0,0,0,0,0,0,0,0,0,0,0,0,0,0,0,0,0,0,0,0,0,0,0,0,0,0,0,0,0,0,0,0,0,0,0,0,0,0,0,0,0,0,0,0,0,0,0,0,0,0,0,0,0,0,0,0,0,0,0,0,0,0,0,0,0,0,0,0,0,0,0,0,0,0,0,0,0,0,0,0,0,0,0,0,0,0,0,0,0,0,0,0,0,0,0,0,0,0,0,0,0,0,0,0,0,0,0,0,0,0,0,0,0,0,0,0,0,0,0,0,0,0,0,0,0,0,0,0,0,0,0,0,0,0,0
"CZE",0,0,0,0,0,0,0,0,0,0,0,0,0,0,0,0,0,0,0,0,0,9e+07,0,0,0,0,0,0,0,0,0,0,0,0,0,0,0,0,0,0,0,0,0,0,0,0,0,0,0,7800000,0,0,0,0,0,0,0,0,0,1380240000,138540000,0,0,0,0,0,0,0,0,0,0,0,2388120000,602985000,0,0,0,0,0,2.223e+09,0,272745000,0,0,0,0,0,0,0,0,0,0,0,719760000,0,0,0,0,0,9200000,0,0,0,0,0,0,0,0,0,0,0,0,0,3600000,0,0,37800000,0,0,0,0,0,0,0,0,7348365000,0,0,0,0,0,0,0,1045760000,0,0,0,0,0,0,5400000,0,0,0,0,0,0,0,0,0,0,343800000,39401970000,0,0,0,0,0,0,0,0,0,0,0,0,0,0,0,0,0,0,0,0,0,0,0,3600000,0,0,0,0,0,0,0,0,0,0,0,0,0,0,97185000,0,0,0
"PNG",0,0,0,0,0,0,0,0,0,0,0,0,0,0,0,0,0,0,0,0,0,0,0,0,0,0,0,0,0,0,0,0,0,0,0,0,0,0,0,0,0,0,0,0,0,0,0,0,0,0,0,0,0,0,0,0,0,0,0,0,0,0,0,0,0,0,0,0,0,0,0,0,0,0,0,0,0,0,0,0,0,0,0,0,0,0,0,0,0,0,0,0,0,0,0,0,0,0,0,0,0,0,0,0,0,0,0,0,0,0,0,0,0,0,0,0,0,0,0,0,0,0,0,0,0,0,0,0,0,0,0,0,0,0,0,0,0,0,0,0,0,0,0,0,0,0,0,0,0,0,0,0,0,0,0,0,0,0,0,0,0,0,0,0,0,0,0,0,0,0,0,0,0,0,0,0,0,0,0,0,0,0,0,0,0,0,0,0,0,0,0,0,0,0,0
"PRY",0,0,0,0,0,4224600000,0,0,0,0,0,0,0,0,1.746e+09,0,536942005000,0,0,0,0,0,0,0,1.8e+09,0,0,0,0,0,67866600000,0,0,0,0,0,0,0,0,0,0,0,0,0,0,0,0,0,0,0,0,0,0,0,0,0,0,0,1.8e+09,0,0,0,0,0,0,0,0,0,0,0,0,0,0,0,0,0,0,0,0,0,0,0,0,0,4.5e+07,0,0,0,0,0,0,0,0,0,0,158400000,0,0,0,0,0,0,0,0,0,0,0,0,0,0,0,0,1.08e+08,0,0,0,6.75e+08,0,0,0,0,0,0,0,0,0,0,0,0,0,0,0,0,0,892500000,5392800000,0,0,0,0,0,0,0,0,0,0,0,0,7200000,0,0,0,0,0,0,9.99e+09,481950000,0,0,0,0,0,0,0,0,0,0,0,0,9662400000,0,0,0,0,0,0,0,0,0,0,0,0,0,0,0,0,0,0,0,0,0,0,0,0,0
"PER",0,0,0,0,0,0,0,0,0,0,0,0,0,0,0,0,0,0,0,0,0,0,0,0,0,219600000,0,0,0,0,39600000,0,9.18e+08,0,0,0,0,0,0,0,0,0,0,0,0,0,0,0,0,0,0,0,0,0,0,0,0,0,0,0,0,0,0,0,0,0,0,0,0,0,0,0,0,0,0,0,0,0,0,0,0,8925000,0,0,0,0,0,0,0,0,0,0,0,0,0,0,0,0,0,0,0,0,0,0,0,0,0,0,0,0,0,0,1.08e+08,0,0,0,0,0,0,0,0,0,0,0,0,0,0,3295800000,0,0,0,0,0,0,0,0,0,0,0,0,0,0,0,0,0,0,0,0,0,0,0,0,0,0,0,0,2800000,0,0,0,0,0,0,0,0,7.2e+07,0,0,0,0,0,0,0,0,0,0,0,0,32800000,0,0,0,0,0,0,0,0,0,7200000,0,0,0,0,0,0
"PHL",0,0,0,0,0,0,1400000,0,0,0,0,40600000,0,0,0,0,0,0,0,0,0,0,1800000,0,0,66585000,0,0,0,0,0,0,0,0,0,0,0,0,0,0,0,0,0,0,0,0,0,0,0,0,0,0,0,0,0,0,0,0,0,1800000,0,0,0,0,0,0,0,0,0,0,0,475800000,0,0,0,0,1.4e+08,0,0,0,0,0,0,0,0,0,0,0,0,0,0,0,3600000,0,0,0,0,0,0,0,0,0,0,0,0,0,0,0,0,0,0,0,0,0,0,0,0,0,0,0,0,0,0,0,0,0,197400000,0,0,0,0,0,0,0,0,0,0,0,0,0,0,0,0,0,0,0,0,1830000,0,0,0,0,0,77400000,0,0,0,0,0,0,0,0,0,0,0,0,128100000,0,0,0,0,0,0,19860000,0,0,0,0,26600000,0,0,0,0,85400000,0,0,0,0,0,0,0,0,0,0,0
"POL",0,0,10710000,0,0,0,0,0,0,0,0,0,0,0,0,0,0,0,0,0,0,0,0,0,0,25155000,0,0,0,0,0,0,0,0,0,0,0,0,3600000,0,0,754200000,0,0,0,0,0,0,0,199200000,0,0,199095000,118860000,0,0,0,0,0,172995000,0,0,0,10800000,0,0,0,0,0,0,0,0,3189600000,0,153030000,0,0,0,0,162510000,0,8.1e+07,0,0,0,0,0,0,0,0,0,0,0,404200000,0,1800000,0,0,0,2326085000,0,0,0,0,0,0,0,0,0,0,0,0,0,1800000,0,0,3846615000,0,0,0,0,0,0,0,0,0,0,0,16644585000,0,0,0,0,0,67590000,0,0,0,0,0,2269800000,0,0,0,0,0,0,0,0,0,0,0,8593185000,0,0,0,1800000,0,0,0,93600000,1830000,0,0,0,0,0,0,0,0,0,0,0,0,0,0,470530000,0,242610000,0,0,0,0,0,0,0,0,0,5400000,0,0,0,0,0,0
"PRT",0,0,73800000,1800000,0,0,0,0,0,0,0,0,0,0,0,0,9e+06,0,0,0,0,0,0,0,0,91800000,606570000,0,0,0,0,0,0,0,0,0,0,0,3600000,0,0,0,0,0,0,0,0,0,0,0,0,0,0,22656335000,0,0,0,0,0,181800000,0,0,0,174600000,0,0,0,0,0,0,0,0,0,0,0,0,0,0,0,1800000,0,4037400000,0,0,0,0,0,0,0,0,0,0,0,0,0,1209600000,0,0,0,4.5e+07,1800000,0,0,0,0,0,0,0,0,0,0,1800000,1400000,0,0,0,5887800000,0,0,0,0,0,0,0,0,0,0,0,331230000,0,0,0,0,16572060000,0,25200000,14400000,0,0,0,0,0,0,0,0,0,100800000,0,0,0,0,0,0,0,0,1800000,39537120000,0,0,0,0,755910000,7.722e+09,0,0,0,0,0,0,0,0,0,0,0,0,0,25786800000,0,4e+07,0,0,0,0,0,0,0,0,0,6172200000,1789200000,1800000,0,0,0,0
"GNB",0,0,0,0,0,0,0,0,0,0,0,0,0,0,0,0,0,0,0,0,0,0,0,0,0,0,0,0,0,0,0,0,0,0,0,0,0,0,0,0,0,0,0,0,0,0,0,0,0,0,0,0,0,0,0,0,0,0,0,0,0,0,0,0,0,0,0,0,0,0,0,0,0,0,0,0,0,0,0,0,0,0,0,0,0,0,0,0,0,0,0,0,0,0,0,0,0,0,0,0,0,0,0,0,0,0,0,0,0,0,0,0,0,0,0,0,0,0,0,0,0,0,0,0,0,0,0,0,0,0,0,0,0,0,0,0,0,0,0,0,0,0,0,0,0,0,0,0,0,0,0,0,0,0,0,0,0,0,0,0,0,0,0,0,0,0,0,0,0,0,0,0,0,0,0,0,0,0,0,0,0,0,0,0,0,0,0,0,0,0,0,0,0,0,0
"TLS",0,0,0,0,0,0,0,0,0,0,0,0,0,0,0,0,0,0,0,0,0,0,0,0,0,0,0,0,0,0,0,0,0,0,0,0,0,0,0,0,0,0,0,0,0,0,0,0,0,0,0,0,0,0,0,0,0,0,0,0,0,0,0,0,0,0,0,0,0,0,0,0,0,0,0,0,0,0,0,0,0,0,0,0,0,0,0,0,0,0,0,0,0,0,0,0,0,0,0,0,0,0,0,0,0,0,0,0,0,0,0,0,0,0,0,0,0,0,0,0,0,0,0,0,0,0,0,0,0,0,0,0,0,0,0,0,0,0,0,0,0,0,0,0,0,0,0,0,0,0,0,0,0,0,0,0,0,0,0,0,0,0,0,0,0,0,0,0,0,0,0,0,0,0,0,0,0,0,0,0,0,0,0,0,0,0,0,0,0,0,0,0,0,0,0
"ERI",0,0,0,0,0,0,0,0,0,0,0,0,0,0,0,0,0,0,0,0,0,0,0,0,0,0,0,0,0,0,0,0,0,0,0,0,0,0,0,0,0,0,0,0,0,0,0,0,0,0,0,0,0,0,0,0,0,0,0,0,0,0,0,0,0,0,0,0,0,0,0,0,0,0,0,0,0,0,0,0,0,0,0,0,0,0,0,0,0,0,0,0,0,0,0,0,0,0,0,0,0,0,0,0,0,0,0,0,0,0,0,0,0,0,0,0,0,0,0,0,0,0,0,0,0,0,0,0,0,0,0,0,0,0,0,0,0,0,0,0,0,0,0,0,0,0,0,0,0,0,0,0,0,0,0,0,0,0,0,0,0,0,0,0,0,0,0,0,0,0,0,0,0,0,0,0,0,0,0,0,0,0,0,0,0,0,0,0,0,0,0,0,0,0,0
"QAT",0,0,0,0,0,0,0,0,0,0,0,0,0,0,0,0,0,0,0,0,0,0,0,0,0,0,0,0,0,0,0,0,0,0,0,0,0,0,0,0,0,0,0,0,0,0,0,0,0,0,0,0,0,0,0,0,0,0,0,0,0,0,0,0,0,0,0,0,0,0,0,0,0,0,0,0,0,0,0,0,0,0,0,0,0,0,0,0,0,0,0,0,0,0,0,0,0,0,0,0,0,0,0,0,0,0,0,0,0,0,0,0,0,0,0,0,0,0,0,0,0,0,0,0,0,0,0,0,0,0,0,0,0,0,0,0,0,0,0,0,0,0,0,0,0,0,0,0,0,0,0,0,0,0,0,0,0,0,0,0,0,0,0,0,0,0,0,0,0,0,0,0,0,0,0,0,0,0,0,0,0,0,0,0,0,0,0,0,0,0,0,0,0,0,0
"ZWE",0,0,0,0,0,0,0,0,0,0,0,0,0,0,0,0,0,0,0,0,0,0,0,0,0,0,0,0,0,0,0,0,0,0,0,0,0,0,0,0,0,0,0,0,0,0,0,0,0,0,0,0,0,0,0,0,0,0,0,0,0,0,0,0,0,0,0,0,0,0,0,0,0,0,0,0,0,0,0,0,0,0,0,0,0,0,0,0,0,0,0,0,0,0,0,0,0,0,0,0,0,0,0,0,0,0,0,0,0,0,0,0,0,0,0,0,0,0,0,0,0,0,0,0,0,0,0,0,0,0,0,0,0,0,0,0,0,0,0,0,0,0,0,0,0,0,0,0,0,0,0,0,0,0,0,61200000,0,0,0,0,0,0,0,0,0,0,0,0,0,0,0,0,0,0,0,0,0,0,0,0,0,0,0,0,0,0,0,516480000,0,0,0,0,0,0,0
"ROU",331200000,0,3.51e+09,0,0,0,0,0,0,0,0,0,0,0,0,0,0,0,0,0,0,16028420000,0,0,0,0,0,0,0,0,0,0,0,0,0,0,0,0,2.61e+08,0,0,0,0,0,0,0,0,0,0,0,0,0,0,0,0,0,0,0,0,0,246600000,0,0,2038410000,0,0,0,0,0,0,0,0,1895205000,0,0,0,0,0,0,0,0,23048170000,0,0,0,0,0,0,0,0,0,0,0,412200000,0,0,0,0,0,205200000,0,0,0,0,0,0,0,0,0,0,0,0,0,6038555000,0,0,0,0,0,0,0,0,0,0,0,0,0,0,970200000,0,0,0,0,1.29e+08,0,0,0,0,0,0,0,0,0,0,0,0,0,0,0,0,0,0,653400000,0,0,0,0,0,0,0,0,0,0,0,0,0,0,0,0,0,0,0,113177580000,0,0,0,52170000,0,0,0,0,0,0,0,0,0,0,0,0,0,336600000,41400000,0,0,0
"RWA",0,0,0,0,0,0,0,0,0,0,0,0,0,0,0,0,0,0,0,0,0,0,0,0,0,0,0,0,0,0,0,0,0,0,0,0,0,0,0,0,0,0,0,0,0,0,0,0,0,0,0,0,0,0,0,0,0,0,0,0,0,0,0,0,0,0,0,0,0,0,0,0,0,0,0,0,0,0,0,0,0,0,0,0,0,0,0,0,0,0,0,0,0,0,0,0,0,0,0,0,0,0,0,0,0,0,0,0,0,0,0,0,0,0,0,0,0,0,0,0,0,0,0,0,0,0,185400000,0,0,0,0,0,0,0,0,0,0,0,0,0,0,0,0,0,0,0,0,0,0,0,0,0,0,0,0,0,0,0,0,0,0,0,0,0,0,370800000,0,0,0,0,0,0,0,0,1.53e+08,0,0,0,0,0,0,0,0,0,0,0,278200000,0,0,0,0,0,0,0,0
"RUS",1240905000,0,8.1e+08,0,0,0,0,0,0,0,0,0,0,0,0,0,0,0,0,0,0,0,0,0,0,7200000,0,0,0,0,0,0,0,0,0,0,0,0,0,27023740000,0,0,0,0,0,0,0,0,0,0,0,0,0,0,0,0,1221510000,0,0,39630000,0,0,0,0,0,0,0,0,0,0,0,0,0,5.4e+08,0,0,0,0,0,0,25230000,0,0,14723190000,0,0,5.4e+08,862185000,0,0,45300000,0,0,0,0,2703600000,0,0,7383600000,21465000,0,0,0,0,0,0,0,0,0,0,6605940000,0,0,12106980000,0,0,2.304e+09,0,0,0,0,0,0,0,0,0,0,0,0,0,0,0,0,0,0,0,0,0,0,0,0,0,0,0,0,0,0,0,0,0,0,0,0,0,0,0,0,0,4630830000,0,0,0,6.156e+09,45682200000,0,0,0,0,0,0,0,0,403973300000,0,0,0,2.133e+09,12064610000,198210000,0,0,1.944e+09,0,0,0,0,0,0,1800000,0,0,0,0,0,0
"KNA",0,0,0,0,0,0,0,0,0,0,0,0,0,0,0,0,0,0,0,0,0,0,0,0,0,0,0,0,0,0,0,0,0,0,0,0,0,0,0,0,0,0,0,0,0,0,0,0,0,0,0,0,0,0,0,0,0,0,0,0,0,0,0,0,0,0,0,0,0,0,0,0,0,0,0,0,0,0,0,0,0,0,0,0,0,0,0,0,0,0,0,0,0,0,0,0,0,0,0,0,0,0,0,0,0,0,0,0,0,0,0,0,0,0,0,0,0,0,0,0,0,0,0,0,0,0,0,0,0,0,0,0,0,0,0,0,0,0,0,0,0,0,0,0,0,0,0,0,0,0,0,0,0,0,0,0,0,0,0,0,0,0,0,0,0,0,0,0,0,0,0,0,0,0,0,0,0,0,0,0,0,0,0,0,0,0,0,0,0,0,0,0,0,0,0
"LCA",0,0,0,0,0,0,0,0,0,0,0,0,0,0,0,0,0,0,0,0,0,0,0,0,0,0,0,0,0,0,0,0,0,0,0,0,0,0,0,0,0,0,0,0,0,0,0,0,0,0,0,0,0,0,0,0,0,0,0,0,0,0,0,0,0,0,0,0,0,0,0,0,0,0,0,0,0,0,0,0,0,0,0,0,0,0,0,0,0,0,0,0,0,0,0,0,0,0,0,0,0,0,0,0,0,0,0,0,0,0,0,0,0,0,0,0,0,0,0,0,0,0,0,0,0,0,0,0,0,0,0,0,0,0,0,0,0,0,0,0,0,0,0,0,0,0,0,0,0,0,0,0,0,0,0,0,0,0,0,0,0,0,0,0,0,0,0,0,0,0,0,0,0,0,0,0,0,0,0,0,0,0,0,0,0,0,0,0,0,0,0,0,0,0,0
"VCT",0,0,0,0,694365000,0,0,0,0,0,87465000,0,0,0,0,0,0,0,0,0,0,0,0,0,0,0,0,0,0,0,0,0,0,0,0,0,0,0,0,0,0,0,0,0,0,0,0,0,0,0,0,0,0,0,0,0,0,0,0,0,0,0,0,0,0,0,0,0,0,0,0,0,0,0,0,0,0,0,0,0,0,0,0,0,972825000,0,0,0,0,0,0,0,0,0,0,0,0,0,0,0,0,0,0,0,0,0,0,0,0,0,0,0,0,0,0,0,0,0,0,0,0,0,0,0,0,0,0,0,0,0,0,0,0,0,0,0,0,0,0,0,0,0,0,692580000,3827040000,0,0,0,0,0,0,0,0,0,0,0,0,0,0,0,0,0,0,0,0,0,0,0,0,0,0,0,0,0,0,0,0,0,0,0,0,0,0,0,0,0,0,0,0,0,0,0,0,0,0
"STP",0,0,0,0,0,0,0,0,0,0,0,0,0,0,0,0,0,0,0,0,0,0,0,0,0,0,0,0,0,0,0,0,0,0,0,0,0,0,0,0,0,0,0,0,0,0,0,0,0,0,0,0,0,0,0,0,0,0,0,0,0,0,0,0,0,0,0,0,0,0,0,0,0,0,0,0,0,0,0,0,0,0,0,0,0,0,0,0,0,0,0,0,0,0,0,0,0,0,0,0,0,0,0,0,0,0,0,0,0,0,0,0,0,0,0,0,0,0,0,0,0,0,0,0,0,0,0,0,0,0,0,0,0,0,0,0,0,0,0,0,0,0,0,0,0,0,0,0,0,0,0,0,0,0,0,0,0,0,0,0,0,0,0,0,0,0,0,0,0,0,0,0,0,0,0,0,0,0,0,0,0,0,0,0,0,0,0,0,0,0,0,0,0,0,0
"SAU",0,0,0,0,0,0,0,0,0,0,0,0,0,0,0,0,0,0,0,0,0,0,0,0,0,0,0,0,0,0,0,0,0,0,0,0,0,0,0,0,0,0,0,0,0,0,0,0,0,0,0,0,0,0,0,0,0,0,0,0,0,0,0,0,0,0,0,0,0,0,0,0,0,0,0,0,0,0,0,0,0,0,0,0,0,0,0,0,0,0,0,0,0,0,0,0,0,0,0,0,0,0,0,0,0,0,0,0,0,0,0,0,0,0,0,0,0,0,0,0,0,0,0,0,0,0,0,0,0,0,0,0,0,0,0,0,0,0,0,0,0,0,0,0,0,0,0,0,0,0,0,0,0,0,0,0,0,0,0,0,0,0,0,0,0,0,0,0,0,0,0,0,0,0,0,0,0,0,0,0,0,0,0,0,0,0,0,0,0,0,0,0,0,0,0
"SEN",0,0,0,0,0,0,0,0,0,0,0,0,0,0,0,0,0,0,0,0,0,273600000,0,0,1400000,0,0,0,0,0,0,0,0,0,146800000,0,0,0,0,0,0,0,0,0,0,0,0,0,0,0,0,0,0,3.6e+07,0,0,0,8.82e+08,2867400000,0,0,0,0,0,0,0,0,1.001e+10,0,0,0,0,0,0,0,0,0,0,0,0,0,10800000,4.5e+08,0,0,0,0,0,0,0,0,0,0,0,0,0,0,0,0,0,0,0,0,0,0,194637600000,0,16696200000,0,0,0,2.88e+09,0,0,0,0,0,0,0,0,0,0,0,0,0,0,0,0,0,0,0,0,0,0,0,25797600000,0,0,0,0,0,0,0,0,0,0,0,0,0,0,0,0,0,0,0,0,0,0,0,0,0,0,0,0,0,0,0,0,0,0,0,0,36831600000,0,0,0,817200000,0,0,543600000,0,0,0,352800000,0,0,0,0,0,0,0,0,0,0,0
"SYC",0,0,0,0,0,0,0,0,0,0,0,0,0,0,0,0,0,0,0,0,0,0,0,0,0,0,0,0,0,0,0,0,0,0,0,0,0,0,0,0,0,0,0,0,0,0,0,0,0,0,0,0,0,0,0,0,0,0,0,0,0,0,0,0,0,0,0,0,0,0,0,0,0,0,0,0,0,0,0,0,0,0,0,0,0,0,0,0,0,0,0,0,0,0,0,0,0,0,0,0,0,0,0,0,0,0,0,0,0,0,0,0,0,0,0,0,0,0,0,0,0,0,0,0,0,0,0,0,0,0,0,0,0,0,0,0,0,0,0,0,0,0,0,0,0,0,0,0,0,0,0,0,0,0,0,0,0,0,0,0,0,0,0,0,0,0,0,0,0,0,0,0,0,0,0,0,0,0,0,0,0,0,0,0,0,0,0,0,0,0,0,0,0,0,0
"SLE",0,0,0,0,0,0,0,0,0,0,0,0,0,0,0,0,0,0,0,0,0,0,0,0,0,0,0,0,0,0,0,0,0,0,0,0,0,0,0,0,0,0,0,0,0,0,0,0,0,0,0,0,0,0,0,0,0,0,0,0,0,0,0,0,0,0,0,0,0,0,0,0,0,0,0,0,0,0,0,0,0,0,0,0,0,0,0,0,0,0,0,0,0,0,0,0,0,0,0,0,0,0,0,0,0,0,0,0,0,0,0,0,0,0,0,0,0,0,0,0,0,0,0,0,0,0,0,0,0,0,0,0,0,0,0,0,0,0,0,0,0,0,0,0,0,0,0,0,0,0,0,0,0,0,0,0,0,0,0,0,0,0,0,0,0,0,0,0,0,0,0,0,0,0,0,0,0,0,0,0,0,0,0,0,0,0,0,0,0,0,0,0,0,0,0
"SVN",0,0,12600000,0,0,0,0,0,0,0,0,0,0,0,0,0,0,0,0,0,0,0,0,0,0,0,0,0,0,0,0,0,0,0,0,0,0,0,0,0,0,0,0,0,0,0,0,0,0,0,0,0,0,7200000,0,0,0,0,0,0,2746740000,0,0,0,0,0,0,0,0,0,0,0,961050000,3309105000,0,0,0,0,0,0,0,39585000,0,1800000,0,0,0,0,0,0,0,0,0,0,0,0,0,0,0,0,0,0,0,0,0,0,1800000,0,0,0,0,0,0,0,0,0,7200000,0,0,0,0,0,0,0,0,0,0,0,0,0,0,0,0,0,0,0,0,0,0,0,86400000,0,3600000,0,0,0,0,0,0,0,0,0,2008800000,0,0,0,0,0,0,0,0,0,0,0,0,0,0,0,0,0,0,0,0,0,0,0,0,0,0,0,0,0,0,0,0,0,0,0,71370000,0,36060000,271710000,0,0,0
"SVK",0,0,0,0,0,0,0,185400000,0,0,0,0,0,0,0,0,0,0,0,0,0,1.8e+08,0,0,0,0,0,0,0,0,0,0,0,0,0,0,0,0,0,0,0,0,0,0,0,0,0,0,0,0,0,0,0,0,0,0,0,0,0,77400000,0,0,0,0,0,0,0,0,0,0,0,0,22389735000,82800000,0,0,0,0,0,1800000,0,1.35e+08,0,0,0,0,0,0,0,0,0,0,0,0,0,0,0,0,0,0,0,0,0,0,0,0,0,0,0,0,0,0,0,0,0,0,79200000,0,0,0,0,0,0,0,0,0,0,0,5392900000,0,0,0,0,408930000,0,0,0,0,0,0,6724485000,0,0,0,0,0,0,0,0,0,0,0,0,0,0,0,0,0,0,0,0,0,0,0,0,0,0,0,0,0,0,0,0,0,0,0,97200000,1800000,0,0,0,0,0,0,0,0,0,0,0,0,0,0,0,0,0
"SGP",0,0,97200000,0,0,0,412200000,0,0,106200000,3600000,1800000,0,0,0,0,0,0,0,0,608055000,0,7200000,0,0,149400000,0,0,46800000,0,0,1.35e+08,0,0,0,0,0,0,0,0,0,0,0,0,0,0,0,0,0,0,0,59400000,0,86400000,0,0,0,0,0,4.5e+07,0,0,0,0,0,0,0,0,0,0,0,190800000,0,0,0,0,214282695000,0,0,0,0,0,0,0,0,7200000,0,0,9e+07,127800000,0,2.25e+08,0,0,0,0,0,0,0,0,0,1555200000,0,11244585000,19800000,0,0,0,228600000,0,0,0,0,0,0,0,34200000,0,0,0,0,43200000,0,0,0,0,0,0,581400000,0,0,0,1175400000,0,0,0,0,0,0,0,0,0,0,0,0,0,0,0,0,16200000,0,0,0,0,0,1800000,0,0,0,0,68400000,0,0,0,5400000,0,2028600000,0,0,0,1800000,0,0,1677600000,0,0,93600000,0,1387800000,0,0,0,0,9e+06,0,0,0,0,43200000,0,0,0,0,0,0
"SOM",0,0,0,0,0,0,0,0,0,0,0,0,0,0,0,0,0,0,0,0,0,0,0,0,0,0,0,0,0,0,0,0,0,0,0,0,0,0,0,0,0,0,0,0,0,0,0,0,0,0,0,0,0,0,0,0,0,0,0,0,0,0,0,0,0,0,0,0,0,0,0,0,0,0,0,0,0,0,0,0,0,0,0,0,0,0,0,0,0,0,0,0,0,0,0,0,0,0,0,0,0,0,0,0,0,0,0,0,0,0,0,0,0,0,0,0,0,0,0,0,0,0,0,0,0,0,0,0,0,0,0,0,0,0,0,0,0,0,0,0,0,0,0,0,0,0,0,0,0,0,0,0,0,0,0,0,0,0,0,0,0,0,0,0,0,0,0,0,0,0,0,0,0,0,0,0,0,0,0,0,0,0,0,0,0,0,0,0,0,0,0,0,0,0,0
"ZAF",0,0,0,0,0,0,73800000,0,0,0,0,0,0,0,0,0,0,0,0,0,0,0,0,0,0,1800000,0,0,0,0,0,0,0,0,59400000,0,0,0,0,0,0,0,0,0,0,0,0,0,0,0,0,0,0,0,0,1785000,0,0,0,0,0,24785000,0,0,0,0,0,0,0,0,0,0,0,0,0,0,0,0,0,0,0,0,0,0,0,0,0,0,41190000,0,0,0,0,0,0,0,0,0,0,0,0,5400000,177700000,0,0,0,0,0,7185000,0,0,0,2179825000,0,0,0,0,0,0,0,0,1400000,0,0,84570000,0,0,0,0,0,0,0,0,0,0,0,0,0,0,60583970000,0,0,0,0,0,0,0,0,0,12510000,0,0,0,0,0,0,0,0,0,0,0,10800000,0,0,0,34170000,0,0,0,0,0,0,0,0,19785000,0,19800000,0,4.5e+07,0,0,0,0,0,1800000,0,43162540000,3075465000,0,0,0,0,0,0,0
"ESP",208800000,23400000,5599800000,5561910000,0,30800000,3567540000,25200000,0,0,0,0,0,0,0,0,0,0,0,0,0,9740800000,0,0,0,34200000,10800000,0,0,0,0,3600000,3600000,0,0,0,0,316800000,0,0,0,446400000,0,34185000,0,0,0,0,86400000,0,0,0,15174630000,86429215000,0,0,0,0,37800000,98026795000,0,127800000,0,394200000,0,0,1.2e+07,0,0,5600000,0,3.6e+07,131400000,0,0,367710000,0,0,124200000,10070400000,17709045000,15939660000,0,0,0,12600000,6490800000,0,0,0,0,0,79200000,0,0,1954800000,0,6922200000,775800000,0,0,0,0,0,0,0,44985000,0,0,1800000,0,1.513e+09,1800000,0,0,0,56349800000,0,0,0,0,1141200000,1800000,0,0,1979585000,0,26865000,439200000,0,0,25200000,0,1933200000,59889940000,102400000,0,0,0,0,6.3e+09,0,3340800000,0,0,0,0,3600000,0,0,0,0,5.574e+09,2.7e+07,0,5400000,0,0,0,0,4.14e+09,319400000,36208800000,0,0,0,0,0,0,0,0,9e+06,26579200000,523800000,0,0,205989215000,0,18111525000,0,1800000,0,0,0,0,0,0,0,268613390000,1800000,0,0,0,0,4.05e+08
"SUR",0,0,0,0,0,0,0,0,0,0,0,0,0,0,0,0,0,0,0,0,0,0,0,0,0,0,0,0,0,0,0,0,0,0,0,0,0,14280000,0,0,0,0,0,0,0,0,0,0,0,0,0,0,0,16984295000,0,0,0,0,0,42840000,0,0,0,0,0,0,0,0,8809800000,26270985000,0,0,0,0,0,0,0,0,0,0,0,0,0,0,90798715000,0,0,0,0,0,0,0,0,0,0,0,0,0,0,0,0,0,0,0,0,3.5e+08,0,0,0,0,0,0,3.78e+08,0,0,0,48874025000,0,0,0,0,0,0,0,0,0,0,5761800000,0,0,0,0,0,2059280000,11143875000,0,0,0,0,0,0,0,0,0,0,0,0,0,0,0,0,0,0,0,0,451800000,0,0,0,0,5.4e+09,0,0,0,0,0,0,0,0,2317080000,0,0,0,0,0,0,1.71e+09,0,3292695000,0,0,0,8.1e+07,0,0,0,0,0,1628610000,0,0,0,0,0,0
"TJK",0,0,0,0,0,0,0,0,0,0,0,0,0,0,0,0,0,0,0,0,0,0,0,0,0,0,0,0,0,0,0,0,0,0,0,0,0,0,0,0,0,0,0,0,0,0,0,0,0,0,0,0,0,0,0,0,0,0,0,0,0,0,0,0,0,0,0,0,0,0,0,0,0,0,0,0,0,0,0,0,0,0,0,0,0,0,0,0,0,0,0,0,0,0,0,0,0,0,0,0,0,0,0,0,0,0,0,0,0,0,0,0,0,0,0,0,0,0,0,0,0,0,0,0,0,0,0,0,0,0,0,0,0,0,0,0,0,0,0,0,0,0,0,0,0,0,0,0,0,0,0,0,0,0,0,0,0,0,0,0,0,0,0,0,0,0,0,0,0,0,0,0,0,0,0,0,0,0,0,0,0,0,0,0,0,0,0,0,0,0,0,0,0,0,0
"SWZ",0,0,0,0,0,0,0,0,0,0,0,0,0,0,0,0,0,0,0,0,0,0,0,0,0,0,0,0,0,0,0,0,0,0,0,0,0,0,0,0,0,0,0,0,0,0,0,0,0,0,0,0,0,0,0,0,0,0,0,0,0,0,0,0,0,0,0,0,0,0,0,0,0,0,0,0,0,0,0,0,0,0,0,0,0,0,0,0,0,0,0,0,0,0,0,0,0,0,0,0,0,0,0,0,0,0,0,0,0,0,0,0,0,0,0,0,0,0,0,0,0,0,0,0,0,0,0,0,0,0,0,0,0,0,0,0,0,0,0,0,0,0,0,0,0,0,0,0,0,0,0,0,0,0,0,0,0,0,0,0,0,0,0,0,0,0,0,0,0,0,0,0,0,0,0,0,0,0,0,0,0,0,0,0,0,0,0,0,0,0,0,0,0,0,0
"SWE",0,0,0,0,0,0,0,0,0,0,0,0,0,0,0,0,0,0,0,0,0,0,0,0,0,0,0,0,0,0,0,0,0,0,0,0,0,0,0,1800000,0,734295000,0,0,0,0,0,0,0,0,0,0,1466285000,0,0,0,0,0,0,3600000,0,0,0,0,0,0,0,0,0,0,0,0,0,0,178185000,0,0,0,0,0,0,0,0,0,0,0,0,0,0,0,0,0,0,43200000,0,0,0,0,0,0,0,0,0,0,0,0,0,0,0,0,0,0,0,0,0,0,203400000,0,0,0,0,0,0,0,0,1403630000,0,0,0,0,0,0,0,0,0,0,0,0,0,0,0,0,0,0,0,0,0,0,0,0,0,0,0,0,0,0,0,0,0,0,0,0,0,0,0,0,0,0,0,0,0,0,0,0,0,0,0,0,0,0,0,0,0,0,0,0,0,0,1785000,0,0,0,0,0,0
"CHE",0,0,0,0,0,0,0,134300000,0,0,0,0,0,0,0,0,0,0,0,0,0,0,0,0,5385000,0,0,0,28800000,0,0,0,0,0,0,0,0,0,0,0,0,0,0,0,0,0,0,0,0,0,0,0,0,151200000,0,0,0,0,0,1869105000,0,3600000,0,0,0,0,0,0,0,0,0,0,0,0,0,34200000,0,3600000,0,0,0,709605000,0,0,0,0,0,0,0,0,0,0,0,0,0,0,0,0,0,0,0,0,0,0,0,0,0,0,0,0,0,0,0,0,0,0,267135000,0,0,0,0,0,0,0,0,0,0,0,0,0,0,0,4.5e+07,0,0,0,0,0,0,0,0,0,0,0,0,0,0,0,0,0,0,0,0,0,0,0,12600000,0,0,0,3600000,0,0,0,0,0,37800000,0,0,0,0,0,0,39600000,0,0,1800000,0,0,0,0,0,0,0,0,0,0,0,69690000,0,0,0,0,0,0
"SYR",0,0,0,0,0,0,0,0,0,0,0,0,0,0,0,0,0,0,0,0,0,0,0,0,0,0,0,0,0,0,0,0,0,0,0,0,0,0,0,0,0,0,0,0,0,0,0,0,0,0,0,0,0,0,0,0,0,0,0,0,0,0,0,0,0,0,0,0,0,0,0,0,0,0,0,0,0,0,0,0,0,0,0,0,0,0,0,0,0,0,0,0,0,0,0,0,0,0,0,0,0,0,0,0,0,0,0,0,0,0,0,0,0,0,0,0,0,0,0,0,0,0,0,0,0,0,0,0,0,0,0,0,0,0,0,0,0,0,0,0,0,0,0,0,0,0,0,0,0,0,0,0,0,0,0,0,0,0,0,0,0,0,0,0,0,0,0,0,0,0,0,0,0,0,0,0,0,0,0,0,0,0,0,0,0,0,0,0,0,0,0,0,0,0,0
"TKM",0,0,0,0,0,0,0,0,0,0,0,0,0,0,0,0,0,0,0,0,0,0,0,0,0,0,0,0,0,0,0,0,0,0,0,0,0,0,0,0,0,0,0,0,0,0,0,0,0,0,0,0,0,0,0,0,0,0,0,0,0,0,0,0,0,0,0,0,0,0,0,0,0,0,0,0,0,0,0,0,0,0,0,0,0,0,0,0,0,0,0,0,0,0,0,0,0,0,0,0,0,0,0,0,0,0,0,0,0,0,0,0,0,0,0,0,0,0,0,0,0,0,0,0,0,0,0,0,0,0,0,0,0,0,0,0,0,0,0,0,0,0,0,0,0,0,0,0,0,0,0,0,0,0,0,0,0,0,0,0,0,0,0,0,0,0,0,0,0,0,0,0,0,0,0,0,0,0,0,0,0,0,0,0,0,0,0,0,0,0,0,0,0,0,0
"TWN",0,0,0,0,0,0,1099680000,0,0,0,0,0,0,0,0,95400000,0,0,0,0,5370000,0,0,0,0,227625000,0,0,0,0,0,77355000,0,0,0,0,1800000,0,0,0,0,0,0,0,0,0,0,0,0,0,0,0,0,8925000,0,0,0,0,0,8985000,0,0,0,0,0,0,0,0,0,3.6e+08,0,1553325000,0,0,0,0,3600000,0,0,0,0,0,0,0,0,390600000,0,0,0,0,0,0,0,0,0,0,0,0,0,0,52185000,0,0,522765000,0,0,0,0,0,0,0,0,0,0,0,0,61125000,0,0,0,0,25170000,0,0,0,0,0,0,0,0,0,0,0,0,0,0,0,0,0,0,0,0,3.6e+07,0,0,0,0,0,0,0,0,0,0,132885000,0,331110000,0,0,0,0,0,0,0,0,0,0,0,0,0,0,0,0,0,44925000,0,0,5.4e+07,57600000,184665000,0,0,0,642600000,298500000,0,0,0,0,0,0,0,0,0,0,0
"TZA",0,0,0,0,0,0,0,0,0,0,0,0,0,0,0,0,0,0,0,0,0,0,0,4.45e+08,0,0,0,0,0,0,0,0,0,0,10800000,0,0,0,0,0,0,0,0,0,0,0,0,0,0,0,0,0,0,0,0,0,0,0,0,0,0,0,0,0,0,0,0,0,0,0,0,0,0,0,0,0,0,0,0,0,0,0,0,0,0,0,0,0,20968625000,0,0,0,0,0,0,0,0,0,0,0,0,0,5.4e+08,0,0,0,0,0,0,0,0,0,0,0,0,0,0,0,0,0,0,0,0,0,0,0,25200000,0,0,0,0,0,0,0,0,0,0,0,0,0,0,81012400000,0,0,0,0,0,0,0,0,0,0,0,0,0,0,0,0,0,0,0,0,0,0,0,0,0,0,0,0,7200000,0,0,793800000,40443800000,0,0,0,0,0,0,0,0,0,0,0,7.67e+09,6.36e+08,0,0,0,0,0,0,0
"THA",619200000,0,2.295e+09,116330400000,0,37800000,427266260000,12293715000,1.8e+08,30369600000,77400000,1544581775000,0,0,0,806400000,1915200000,0,0,867600000,112627695000,1136060000,6701365000,0,749341800000,312679775000,35141325000,7.2e+08,1265905000,129600000,4300050000,1073031925000,163800000,705600000,416872935000,0,0,9e+08,2847255000,2.88e+08,1187053200000,13560290000,0,8510400000,0,0,14917760000,0,29552400000,136800000,0,8311530000,8722785000,336609970000,1.9863e+10,19670400000,2.9682e+10,183791880000,1.7838e+10,87559915000,0,755850525000,1.2753e+10,3859200000,0,0,0,63464400000,0,24771600000,0,800164730000,621660000,15352200000,1698390000,611850000,2115415820000,624050780000,2.044764e+12,5890755000,213886095000,40169065000,2207440755000,3.6e+08,1974765000,1085186940000,4.6143e+10,0,31015560000,29738100000,2.52e+09,413048900000,34037685000,1373400000,93405575000,45348570000,0,267951600000,46590295000,2543805000,14224890000,4701570000,0,926598325000,3282885000,21850200000,1.368e+09,200271600000,32385255000,2842600000,725400000,213720000,492990050000,0,6185985000,0,183959965000,0,23580510000,0,667800000,77266995000,0,59846400000,5110415835000,37405815000,36365400000,0,26432680000,194758485000,0,5.9859e+10,1252994680000,27656555000,10357995000,36883800000,1607400000,9e+07,48668625000,1236600000,1031250000,0,162065115000,210824355000,37800000,0,1.377e+09,465791460000,926722800000,1785000,54874800000,235800000,39600000,630764355000,901800000,2102732425000,121954280000,4.86e+08,1.17e+08,205200000,54964740000,47997225000,226621545000,86400000,103096100000,1.2753e+10,0,243185400000,0,1279800000,31750200000,9.5184e+10,21090030000,676354645000,70200000,0,225101310000,22821315000,1438787225000,77340600000,0,2.7e+08,2.34e+08,29827975000,14558325000,2.62926e+11,0,0,235217400000,41400000,1237755000,635400000,0,0,0
"TGO",0,0,0,0,0,0,0,0,0,0,0,0,0,0,0,0,0,0,0,0,0,0,0,0,0,0,0,0,0,0,0,28560000,0,0,0,0,0,0,0,0,0,0,0,0,0,0,0,0,71400000,0,0,0,0,0,0,0,0,0,0,0,0,0,0,0,0,0,0,0,0,0,0,0,0,0,0,0,0,0,0,0,0,0,0,0,0,0,0,0,0,0,0,0,0,0,0,0,0,0,0,0,0,0,0,0,0,0,0,0,0,0,0,0,0,0,0,0,0,0,0,0,0,0,0,1131375000,142800000,0,0,0,0,0,0,0,0,0,0,0,0,0,0,0,0,0,0,0,0,0,0,0,0,0,0,0,0,0,0,0,0,0,0,0,0,0,0,0,0,0,4.5e+07,0,0,0,0,0,0,0,0,0,0,0,0,0,0,0,0,0,0,0,0,0,0,0,0,0,0,0,0
"TON",0,0,0,0,0,0,0,0,0,0,0,0,0,0,0,0,0,0,0,0,0,0,0,0,0,0,0,0,0,0,0,0,0,0,0,0,0,0,0,0,0,0,0,0,0,0,0,0,0,0,0,0,0,0,0,0,0,0,0,0,0,0,0,0,0,0,0,0,0,0,0,0,0,0,0,0,0,0,0,0,0,0,0,0,0,0,0,0,0,0,0,0,0,0,0,0,0,0,0,0,0,0,0,0,0,0,0,0,0,0,0,0,0,0,0,0,0,0,0,0,0,0,0,0,0,0,0,0,0,0,0,0,0,0,0,0,0,0,0,0,0,0,0,0,0,0,0,0,0,0,0,0,0,0,0,0,0,0,0,0,0,0,0,0,0,0,0,0,0,0,0,0,0,0,0,0,0,0,0,0,0,0,0,0,0,0,0,0,0,0,0,0,0,0,0
"TTO",0,0,0,0,305700000,0,0,0,85680000,0,7140000,0,0,0,0,0,42840000,0,0,0,0,0,0,0,0,0,0,0,0,0,0,0,0,0,0,0,0,0,0,0,0,0,0,39270000,0,0,0,0,0,0,0,0,0,0,0,0,0,0,0,0,0,0,0,0,0,174930000,0,0,468330000,0,0,0,0,0,0,0,0,0,0,0,0,0,0,0,134070000,0,0,0,0,0,0,0,0,0,0,0,0,0,0,0,0,0,0,0,0,0,0,0,0,0,0,0,0,0,0,0,0,0,0,0,0,0,0,0,0,0,0,0,0,0,0,0,0,0,0,0,0,0,0,0,0,0,0,0,0,12495000,0,0,0,0,0,0,0,0,0,0,0,39405000,0,0,0,0,0,0,0,0,0,0,0,0,0,0,0,0,0,0,0,0,0,0,0,0,0,0,0,0,0,0,0,0,0,0,0,0,0
"OMN",0,0,0,1800000,0,0,0,0,0,0,0,0,0,0,0,0,0,0,0,0,0,0,0,0,0,0,0,0,0,0,0,0,0,0,0,0,0,0,0,0,0,0,0,0,0,0,0,0,0,0,0,0,0,0,0,0,0,0,0,0,0,0,0,0,0,0,0,0,0,0,0,0,0,0,0,0,0,606600000,0,0,0,0,0,0,0,0,4.5e+07,0,75600000,0,0,0,0,0,0,0,0,0,0,0,0,0,0,0,0,0,0,0,0,0,0,0,0,0,0,0,0,0,0,0,0,0,0,0,0,0,34200000,0,0,0,0,0,0,0,0,0,0,0,0,0,0,0,0,0,0,0,0,14400000,0,0,0,0,0,0,11242800000,0,0,0,0,0,0,0,57727800000,0,0,5400000,0,0,0,0,0,0,0,5557275000,0,0,16200000,0,0,0,0,0,0,0,0,352800000,0,0,0,0,0,0,0,0,0
"TUN",0,0,0,0,0,0,0,0,0,0,0,0,0,0,0,0,0,0,0,0,0,0,0,0,0,0,0,0,0,0,0,0,0,0,0,0,0,0,0,0,0,0,0,0,0,0,0,0,0,0,0,0,0,0,0,0,0,0,0,0,0,0,0,0,0,0,0,0,0,0,0,0,0,0,0,0,0,0,0,0,0,0,0,0,0,0,0,0,0,0,0,0,0,0,0,0,0,0,2.898e+09,0,0,0,0,0,0,0,0,0,0,0,0,0,0,0,0,0,0,0,0,0,0,0,0,0,0,0,0,0,0,0,0,0,0,0,0,0,0,0,0,0,0,0,0,0,0,0,0,0,0,0,0,0,0,0,0,0,0,0,0,0,0,0,0,0,0,0,0,0,0,0,0,0,0,0,0,0,0,0,0,0,0,0,0,0,1800000,0,0,0,0,0,0,0,0,0,0
"TUR",0,274585000,3421800000,42090000,0,1800000,34385000,12525000,0,0,0,0,0,0,0,0,0,0,0,0,0,152200000,0,3600000,0,17525000,0,0,0,0,0,0,0,0,0,0,0,0,1212210000,809170000,0,0,0,0,0,0,2.9788e+10,0,9e+06,0,0,0,0,4.6e+07,0,5355000,141870000,0,0,2177400000,14400000,0,0,1245600000,0,0,0,0,0,0,280200000,0,32400000,201600000,0,0,0,0,9370400000,0,2293200000,0,0,79710000,0,0,10717200000,3585000,23400000,0,0,0,2.43e+08,0,0,4618725000,0,0,74044500000,0,0,0,0,0,1400000,0,0,0,0,0,0,0,0,0,0,0,91110000,0,0,13600000,0,0,0,0,0,46800000,2312970000,0,0,0,0,0,0,0,0,0,0,0,46400000,0,2800000,0,316400000,0,0,0,0,5.04e+08,0,0,0,0,0,1800000,0,3600000,0,0,0,0,21600000,112065000,96244200000,140580000,0,0,0,0,0,0,0,0,0,28800000,0,0,4278125000,5231600000,501265000,0,0,0,0,0,0,0,0,0,1194800000,0,0,0,0,0,187200000
"ARE",0,0,0,0,0,0,0,0,0,0,0,0,0,0,0,0,0,0,0,0,0,0,0,0,0,0,0,0,0,0,0,0,0,0,0,0,0,0,0,0,0,0,0,0,0,0,0,0,0,0,0,0,0,0,0,0,0,0,0,0,0,0,0,0,0,0,0,0,0,0,0,0,0,0,0,0,0,0,0,0,0,0,0,0,0,0,0,0,0,0,0,0,0,0,0,0,0,0,0,0,0,0,0,0,0,0,0,0,0,0,0,0,0,0,0,0,0,0,0,0,0,0,0,0,0,0,0,0,0,0,0,0,0,0,0,0,0,0,0,0,0,0,0,0,0,0,0,0,0,0,0,0,0,0,0,0,0,0,0,0,0,0,0,0,0,0,0,0,0,0,0,0,0,0,0,0,0,0,0,0,0,0,0,0,0,0,0,0,0,0,0,0,0,0,0
"UGA",0,0,0,0,0,0,0,0,0,0,0,1.12e+08,0,0,0,0,0,0,0,0,0,0,0,3461400000,0,0,0,0,0,0,0,0,0,0,0,0,0,0,0,0,0,0,0,0,0,0,0,0,0,0,0,0,0,0,0,0,0,0,0,0,0,0,0,0,0,0,0,0,0,0,0,0,0,0,0,0,0,0,0,0,0,0,0,0,0,0,0,0,16430235000,0,0,0,0,0,0,0,0,0,0,0,0,0,0,0,0,0,0,0,0,0,0,0,0,0,0,0,0,0,0,0,0,0,0,0,0,0,0,0,0,0,0,0,0,0,0,0,0,0,0,0,0,5664600000,0,0,0,0,0,0,2.8e+07,0,0,0,0,0,0,0,0,0,0,0,0,0,0,0,0,0,0,0,0,0,0,0,0,0,0,0,0,0,0,0,0,0,0,93600000,0,0,86185200000,0,0,0,0,0,0,0,0
"TUV",0,0,0,0,0,0,0,0,0,0,0,0,0,0,0,0,0,0,0,0,0,0,0,0,0,0,0,0,0,0,0,0,0,0,0,0,0,0,0,0,0,0,0,0,0,0,0,0,0,0,0,0,0,0,0,0,0,0,0,0,0,0,0,0,0,0,0,0,0,0,0,0,0,0,0,0,0,0,0,0,0,0,0,0,0,0,0,0,0,0,0,0,0,0,0,0,0,0,0,0,0,0,0,0,0,0,0,0,0,0,0,0,0,0,0,0,0,0,0,0,0,0,0,0,0,0,0,0,0,0,0,0,0,0,0,0,0,0,0,0,0,0,0,0,0,0,0,0,0,0,0,0,0,0,0,0,0,0,0,0,0,0,0,0,0,0,0,0,0,0,0,0,0,0,0,0,0,0,0,0,0,0,0,0,0,0,0,0,0,0,0,0,0,0,0
"GBR",0,300600000,0,0,0,0,7.2e+07,552525000,0,1.53e+08,0,0,0,0,0,0,0,0,0,0,0,1785000,0,0,0,50970000,0,0,0,0,0,5490000,0,0,0,0,0,0,1357470000,0,0,2235675000,0,0,3600000,0,0,0,0,5400000,0,0,624720000,22117975000,0,0,0,0,0,16711805000,0,0,0,174230000,0,0,0,0,0,0,0,78800000,122385000,0,845210000,862815000,0,0,0,29720930000,4.5e+07,14361370000,0,0,0,0,0,0,0,0,0,0,3600000,43185000,0,6.3e+07,0,0,0,17880000,0,0,0,0,0,0,2168240000,0,0,0,0,1.08e+08,0,0,0,0,16918245000,0,0,0,0,0,0,0,94150000,929890000,187200000,0,355585000,0,0,0,0,225600000,511155000,0,0,0,5400000,0,7200000,0,73860000,0,0,0,0,9e+06,0,0,0,3600000,120600000,29400000,0,0,3904545000,0,0,0,3842150000,457530000,0,0,0,0,333090000,0,0,0,1800000,0,12200000,827360000,0,0,0,0,225870000,0,4060875000,0,0,0,0,0,0,0,9311580000,0,0,0,0,0,0
"UKR",0,0,0,0,0,0,0,0,0,0,0,0,0,0,0,0,0,0,0,0,0,0,0,0,0,0,0,0,0,0,0,1800000,0,0,0,0,0,0,1800000,0,0,0,0,0,5203800000,0,0,0,5400000,0,0,0,0,0,0,0,0,0,0,19800000,0,0,0,0,0,0,0,0,0,0,0,1800000,0,0,0,0,0,39600000,0,0,9e+06,0,0,0,0,0,0,0,0,3600000,0,0,0,0,0,0,0,0,0,0,0,0,0,0,0,0,0,0,0,0,0,0,0,5.679e+09,0,0,0,0,0,0,0,0,0,0,0,1800000,0,5400000,0,0,0,0,0,0,0,0,0,0,0,0,0,0,3600000,3600000,0,0,0,0,0,0,0,0,0,1800000,0,0,0,0,0,0,0,0,0,0,0,0,0,0,0,0,0,0,0,0,0,0,12600000,0,1800000,0,0,0,0,0,0,0,0,0,0,0,0,0,0,0,0
"USA",0,9811500000,3623400000,22597665000,801930000,385200000,57888210000,7159905000,29704535000,1594800000,8858400000,3707565000,0,0,0,0,58540630000,0,398825000,2.502e+09,0,0,0,0,44491350000,813287915000,9e+09,0,4344975000,0,5945145000,11251765000,24060235000,0,4457145000,307800000,226748870000,0,244515000,3.6e+07,0,960810000,19680000,74267185000,707400000,537155000,1099800000,259205140000,1547385000,0,0,399600000,158400000,11316960000,1.17e+08,1279830000,4093170000,0,0,23026385000,0,269277840000,43200000,100245000,0,16200000,211260540000,12794400000,53565000,1137109345000,4.10542e+11,4711185000,0,0,448440000,1447425000,6132800000,7.2e+07,4.48461e+11,0,128466240000,877845000,4187100000,0,66952055000,1226259635000,2.7198e+11,1.8e+08,235680000,10369380000,0,474876345000,8550075000,232200000,4919700000,17443980000,0,146530380000,342458660000,453600000,8.3e+07,18543015000,0,3162600000,0,208800000,763200000,0,0,2542933260000,214200000,134910000,6262200000,0,0,26280555000,15685630000,0,610200000,0,1398600000,24010185000,272993490000,69799905000,136093080000,2392065000,86498235000,226998945000,1200600000,156801600000,0,8511105000,40333545000,1115700000,0,2.6226e+10,18667560000,0,5892370000,0,0,0,8589015000,1921950000,1.26e+08,20585205000,0,465901020000,8.9208e+10,0,3.3498e+10,3.6e+07,820770000,27924345000,0,5674095000,4172200000,1909305000,0,8.1e+07,6504975000,2057400000,5.8599e+10,0,212567955000,0,13716505000,8.8057e+10,0,4866830000,966600000,0,760712800000,26942415000,0,0,186911145000,5829870000,0,17479395000,39525000,0,547810070000,127155000,474975000,28191600000,0,390915000,24762210000,0,0,0,0,0,0
"BFA",0,0,0,0,0,0,0,0,0,0,0,0,0,0,0,0,0,0,0,0,0,0,0,0,0,0,0,0,0,0,0,0,0,0,0,0,0,0,0,0,0,0,0,0,0,0,0,0,0,0,0,0,0,0,0,0,0,0,0,0,0,0,0,0,0,0,0,0,0,0,0,0,0,0,0,0,0,0,0,0,0,0,0,0,0,0,0,0,0,0,0,0,0,0,0,0,0,201600000,0,0,0,0,0,0,0,0,0,0,0,0,0,0,0,0,0,0,0,0,0,0,0,0,0,901800000,0,0,0,0,0,0,0,0,0,0,0,0,0,0,0,0,0,0,0,0,0,0,0,0,0,0,0,0,0,0,0,0,0,0,0,0,0,0,0,0,0,0,0,0,0,0,0,0,0,0,0,0,0,0,0,0,0,0,0,0,0,0,0,0,0,0,0,0,0,0,0
"URY",0,0,0,0,0,14169600000,338400000,0,0,0,647265000,0,0,0,0,0,966016740000,0,172800000,0,0,0,0,0,9e+08,2536440000,35047800000,0,0,0,26193600000,6424200000,0,0,0,0,9.423e+09,0,24242400000,0,3.6e+09,0,86400000,896400000,0,0,129600000,1078200000,0,0,0,0,0,922845000,0,0,20910600000,0,11527200000,53900610000,0,0,0,0,0,129600000,2.16e+08,10976400000,0,13984200000,2491200000,0,0,0,0,0,0,272041200000,345099600000,0,20995155000,6209570000,1.8459e+10,0,1.08e+09,0,786600000,0,0,0,0,0,696600000,0,0,907200000,0,6.84e+09,0,474840000,0,0,0,0,0,0,0,0,0,69955200000,0,0,9e+08,0,0,0,14356890000,0,0,0,0,0,7.2e+07,8.64e+08,1.764e+09,0,1814400000,565200000,0,0,7.47e+08,438235200000,0,9879945000,61697130000,23511600000,0,0,129600000,0,0,0,30543075000,0,1252800000,0,0,0,201171600000,0,19681200000,0,0,7234200000,0,14855685000,36847905000,0,0,0,172800000,0,604800000,0,0,0,0,9e+08,0,1722600000,0,0,37954800000,2.592e+09,0,0,49722525000,0,9589515000,0,0,0,0,0,0,0,0,0,95886705000,0,0,0,0,0,0
"UZB",0,0,0,0,0,0,0,0,0,0,0,0,0,0,0,0,0,0,0,0,0,0,0,0,0,0,0,0,0,0,0,0,0,0,0,0,0,0,0,0,0,0,0,0,0,0,0,0,0,0,0,0,0,0,0,0,0,0,0,0,0,0,0,0,0,0,0,0,0,0,0,0,0,0,0,0,0,0,0,0,0,0,0,0,0,0,0,0,0,0,0,0,0,0,0,0,0,0,0,0,0,0,0,0,0,0,0,0,0,0,0,0,0,0,0,0,0,0,0,0,0,0,0,0,0,0,0,0,0,0,0,0,0,0,0,0,0,0,0,0,0,0,0,0,0,0,0,0,0,0,0,0,0,0,0,0,0,0,0,0,0,0,0,0,0,0,0,0,0,0,0,0,0,0,0,0,0,0,0,0,0,0,0,0,0,0,0,0,0,0,0,0,0,0,0
"VEN",0,0,0,0,0,0,0,0,0,0,0,0,0,0,0,0,0,0,0,0,0,0,0,0,0,0,0,0,0,0,0,0,0,0,0,0,0,7943400000,0,0,0,0,0,0,0,0,0,0,0,0,0,0,0,0,0,0,0,0,0,0,0,0,0,0,0,0,0,0,0,0,0,0,0,0,0,0,0,0,0,0,0,0,0,0,0,0,0,0,0,0,0,0,0,0,0,0,0,0,0,0,0,0,0,0,0,0,0,0,0,0,0,0,0,0,0,0,0,0,0,0,0,0,0,0,0,0,0,0,0,0,0,0,0,0,0,0,0,0,0,0,0,0,0,0,0,0,0,0,0,0,0,0,0,0,0,0,0,0,0,0,0,0,0,0,0,0,0,0,0,0,0,0,0,0,0,0,0,0,0,0,0,0,0,0,0,0,0,0,0,0,0,0,0,0,0
"VNM",0,0,0,0,0,0,0,0,0,0,0,0,0,0,0,0,0,0,0,0,0,0,0,0,0,0,0,0,0,0,0,0,0,0,0,0,0,0,0,0,0,0,0,0,0,0,0,0,0,0,0,0,0,0,0,0,0,0,0,0,0,0,0,0,0,0,0,0,0,0,0,0,0,0,0,0,0,0,0,0,0,0,0,0,0,0,0,0,0,0,0,0,0,0,0,0,0,0,0,0,0,0,0,0,0,0,0,0,0,0,0,0,0,0,0,0,0,0,0,0,0,0,0,0,0,0,0,0,0,0,0,0,0,0,0,0,0,0,0,0,0,0,0,0,0,0,0,0,0,0,0,0,0,0,0,0,0,0,0,0,0,0,0,0,0,0,0,0,0,0,0,0,0,0,0,0,0,0,0,0,0,0,0,0,0,0,0,0,0,0,0,0,0,0,0
"ETH",0,0,0,0,0,0,0,0,0,0,0,0,0,0,0,0,0,0,0,0,0,0,0,0,0,0,0,0,0,0,0,0,0,0,0,0,0,0,0,0,0,0,0,0,0,0,0,0,0,0,0,0,0,0,0,0,0,0,0,0,0,0,0,0,0,0,0,0,0,0,0,0,0,0,0,0,0,0,0,0,0,0,0,0,0,0,0,0,0,0,0,0,0,0,0,0,0,0,0,0,0,0,0,0,0,0,0,0,0,0,0,0,0,0,0,0,0,0,0,0,0,0,0,0,0,0,0,0,0,0,0,0,0,0,0,0,0,0,0,0,0,0,0,0,0,0,0,0,0,0,0,0,0,0,4.9e+07,0,0,0,0,0,0,0,0,0,0,0,0,0,0,0,0,0,0,0,0,0,0,0,0,0,0,0,0,0,0,0,0,0,0,0,0,0,0,0,0
"YEM",0,0,0,0,0,0,0,0,0,0,0,0,0,0,0,0,0,0,0,0,0,0,0,0,0,0,0,0,0,0,0,0,0,0,0,0,0,0,0,0,0,0,0,0,0,0,0,0,0,0,0,0,0,0,0,0,0,0,0,0,0,0,0,0,0,0,0,0,0,0,0,0,0,0,0,958545000,0,0,0,0,0,0,0,0,0,0,0,0,0,0,0,0,0,0,0,0,0,0,0,0,0,0,0,0,0,0,0,0,0,0,0,0,0,0,0,0,0,0,0,0,0,0,0,0,0,0,0,0,0,0,0,0,0,0,0,0,0,1736385000,0,0,0,0,0,0,0,0,0,0,0,0,0,0,0,0,1.71e+08,0,0,0,0,0,0,0,0,0,0,0,1050405000,0,0,0,0,0,0,0,0,0,0,0,0,0,0,0,0,0,0,0,0,0,0,0,0,0,0,0,0
"COD",0,0,0,0,0,0,0,0,0,0,0,0,0,0,0,0,0,0,0,0,0,0,0,0,0,0,0,0,0,0,0,0,0,0,0,0,0,0,0,0,0,0,0,0,0,0,0,0,0,0,0,0,0,0,0,0,0,0,0,0,0,0,0,0,0,0,0,0,0,0,0,0,0,0,0,0,0,0,0,0,0,0,0,0,0,0,0,0,0,0,0,0,0,0,0,0,0,0,0,0,0,0,0,0,0,0,0,0,0,0,0,0,0,0,0,0,0,0,0,0,0,0,0,0,0,0,0,0,0,0,0,0,0,0,0,0,0,0,0,0,0,0,0,0,0,0,0,0,0,0,0,0,0,0,0,0,0,0,0,0,0,0,0,0,0,0,0,0,0,0,0,0,0,0,0,0,0,0,0,0,0,0,0,0,0,0,0,0,0,0,0,0,0,0,0
"ZMB",0,0,0,0,0,0,0,0,0,0,0,0,0,0,0,0,0,0,0,0,0,0,0,0,0,0,0,0,0,0,0,0,0,0,1400000,0,0,0,0,0,0,0,0,0,0,0,0,0,0,0,0,0,0,0,0,0,0,0,0,0,0,0,0,0,0,0,0,0,0,0,0,0,0,0,0,0,0,0,0,0,0,0,0,0,0,0,0,0,0,0,0,0,0,0,0,0,0,0,0,0,0,0,0,0,0,0,0,0,0,0,0,0,0,0,0,0,0,0,0,0,0,0,0,0,0,0,0,0,0,0,0,0,0,0,0,0,0,0,0,3.2e+07,0,0,0,0,0,0,0,0,0,0,0,0,0,0,0,33800000,0,0,0,0,0,0,0,0,0,0,0,0,0,0,0,0,0,0,0,0,0,0,0,0,0,0,0,0,0,0,24400000,0,0,0,0,0,0,0,0
"BEL",0,0,0,248115000,0,0,1326255000,17101315000,0,3570000,0,0,0,0,0,0,0,0,0,0,0,0,0,1785000,0,689255000,0,12495000,0,1785000,0,0,0,0,0,0,0,0,0,0,1785000,6957340000,0,0,0,0,0,0,0,856800000,0,0,8036100000,307042175000,0,0,0,0,0,216482525000,249900000,5355000,0,8664480000,0,0,0,0,0,3570000,0,0,12413760000,1150940000,287385000,383775000,0,0,0,10428645000,0,6523875000,0,0,0,0,0,0,41400000,0,0,0,0,2520420000,0,0,0,0,0,69615000,0,0,0,0,0,5355000,1785000,0,0,0,0,439110000,0,0,0,0,121013450000,0,0,33915000,0,680085000,0,0,0,5474850000,41055000,32130000,6314200000,0,0,0,0,15526230000,681205000,0,0,0,0,0,355215000,0,1535100000,0,0,0,0,0,3430800000,3570000,0,158480000,0,0,0,61790000,10439625000,21420000,0,0,24493080000,18346230000,0,0,0,0,17850000,0,0,0,0,214200000,33915000,32130000,0,0,87169285000,294525000,187710000,0,0,0,0,0,0,0,60720000,0,0,5408260000,235235000,0,0,0,0
"LUX",0,0,0,0,0,0,0,0,0,0,0,0,0,0,0,0,0,0,0,0,0,0,0,0,0,0,0,0,0,0,0,0,0,0,0,0,0,0,0,3570000,0,0,0,0,0,0,0,0,0,0,0,0,0,110790000,0,0,0,0,0,7140000,0,0,0,0,0,0,0,0,0,0,0,0,0,0,0,0,0,0,0,0,0,0,0,0,0,0,0,0,0,0,0,0,0,0,0,0,0,0,0,0,0,0,0,0,0,0,0,0,0,0,0,0,0,0,0,0,0,0,0,0,0,0,0,0,0,0,0,0,0,0,0,0,0,0,0,0,0,0,0,0,0,0,0,0,0,0,0,0,0,0,0,0,0,0,0,0,0,0,0,0,0,0,0,0,0,0,0,0,0,0,0,0,0,0,0,0,0,0,0,0,0,0,0,0,0,0,0,0,134175000,0,0,0,0,0,0
"SRB",0,0,0,0,0,0,0,0,0,0,0,0,0,0,0,0,0,0,0,0,0,0,0,0,0,0,0,0,0,0,0,0,0,0,0,0,0,0,0,0,0,0,0,0,0,0,0,0,0,0,0,0,0,0,0,0,0,0,0,0,202155000,0,0,0,0,0,0,0,0,0,0,0,0,8.1e+07,0,0,0,0,0,0,0,3.6e+07,0,0,0,0,0,0,0,0,0,0,0,0,0,0,0,0,0,0,0,0,0,0,0,0,0,0,0,0,0,0,0,0,0,0,0,0,0,498955000,0,0,0,0,0,0,0,0,0,0,0,0,0,0,0,0,0,0,0,0,0,0,0,0,0,0,0,0,0,0,0,0,0,0,0,0,0,0,0,0,0,0,0,0,0,0,0,0,0,0,0,0,0,0,0,0,0,0,4200000,0,0,0,0,0,0,0,0,0,0,0,0,566125000,0,0,0
"MNE",0,0,0,0,0,0,0,0,0,0,0,0,0,0,0,0,0,0,0,0,0,0,0,0,0,0,0,0,0,0,0,0,0,0,0,0,0,0,0,0,0,0,0,0,0,0,0,0,0,0,0,0,0,0,0,0,0,0,0,3600000,1800000,0,0,0,0,0,0,0,0,0,0,0,0,0,0,0,0,0,0,0,0,0,0,0,0,0,0,0,0,0,0,0,0,0,0,0,0,0,0,0,0,0,0,0,0,0,0,0,0,0,0,0,0,0,0,0,0,0,0,0,0,0,0,0,0,0,0,0,0,0,0,0,0,0,0,0,0,0,0,0,0,0,0,0,0,0,0,0,0,0,0,0,0,0,0,0,0,0,0,0,0,0,0,0,0,0,0,0,0,0,0,0,0,0,0,0,0,0,0,0,0,0,0,0,0,0,0,0,0,0,0,0,0,0,0
"SDN",0,0,0,0,0,0,0,0,0,0,0,0,0,0,0,0,0,0,0,0,0,0,0,0,0,0,0,0,0,0,0,0,0,0,0,0,0,0,0,0,0,0,0,0,0,0,0,0,0,0,0,0,0,0,0,0,0,0,0,0,0,0,0,0,0,0,0,0,0,0,0,0,0,0,0,0,0,0,0,0,0,0,0,0,0,0,0,0,0,0,0,0,0,0,0,0,0,0,0,0,0,0,0,0,0,0,0,0,0,0,0,0,0,0,0,0,0,0,0,0,0,0,0,0,0,0,0,0,0,0,0,0,0,0,0,0,0,0,0,0,0,0,0,0,0,0,0,0,0,0,0,0,0,0,0,0,0,0,0,0,0,0,0,0,0,0,0,0,0,0,0,0,0,0,0,0,0,0,0,0,0,0,0,0,0,0,0,0,0,0,0,0,0,0,0
"SSD",0,0,0,0,0,0,0,0,0,0,0,0,0,0,0,0,0,0,0,0,0,0,0,0,0,0,0,0,0,0,0,0,0,0,0,0,0,0,0,0,0,0,0,0,0,0,0,0,0,0,0,0,0,0,0,0,0,0,0,0,0,0,0,0,0,0,0,0,0,0,0,0,0,0,0,0,0,0,0,0,0,0,0,0,0,0,0,0,0,0,0,0,0,0,0,0,0,0,0,0,0,0,0,0,0,0,0,0,0,0,0,0,0,0,0,0,0,0,0,0,0,0,0,0,0,0,0,0,0,0,0,0,0,0,0,0,0,0,0,0,0,0,0,0,0,0,0,0,0,0,0,0,0,0,0,0,0,0,0,0,0,0,0,0,0,0,0,0,0,0,0,0,0,0,0,0,0,0,0,0,0,0,0,0,0,0,0,0,0,0,0,0,0,0,0
"PSE",0,0,0,0,0,0,0,0,0,0,0,0,0,0,0,0,0,0,0,0,0,0,0,0,0,0,0,0,0,0,0,0,0,0,0,0,0,0,0,0,0,0,0,0,0,0,0,0,0,0,0,0,0,0,0,0,0,0,0,0,0,0,0,0,0,0,0,0,0,0,0,0,0,0,0,0,0,0,0,0,0,0,0,0,0,0,0,0,0,0,0,0,0,0,0,0,0,0,0,0,0,0,0,0,0,0,0,0,0,0,0,0,0,0,0,0,0,0,0,0,0,0,0,0,0,0,0,0,0,0,0,0,0,0,0,0,0,0,0,0,0,0,0,0,0,0,0,0,0,0,0,0,0,0,0,0,0,0,0,0,0,0,0,0,0,0,0,0,0,0,0,0,0,0,0,0,0,0,0,0,0,0,0,0,0,0,0,0,0,0,0,0,0,0,0
