year,month,model_price,world_stock,obs_price,grain,subst_scale,leg
2021,1,323.8846720989116,220.76321033068461,264.5185913705584,wheat,0.0,full
2021,2,335.2170164102446,165.08250193362585,264.6100253807106,wheat,0.0,full
2021,3,351.3233027141791,128.3523035344803,249.70628172588837,wheat,0.0,full
2021,4,371.21966565476384,123.03280173849456,256.9295685279188,wheat,0.0,full
2021,5,388.0060956520404,146.10525722578495,271.8333121827411,wheat,0.0,full
2021,6,404.1448694838456,179.00488838817017,261.1355329949239,wheat,0.0,full
2021,7,427.83502967954826,309.07423225635824,269.0902918781726,wheat,0.0,full
2021,8,445.03448735033106,425.39228659440266,296.70336294416245,wheat,0.0,full
2021,9,462.5883036638611,449.8885697735473,308.6812182741117,wheat,0.0,full
2021,10,491.8773733829922,404.4922642227608,324.31643401015225,wheat,0.0,full
2021,11,495.4536170762307,355.51144005173444,346.9920685279188,wheat,0.0,full
2021,12,496.3425818902829,314.4171123882689,344.5233502538071,wheat,0.0,full
2022,1,511.80534042491587,267.59221004546635,318.59213953488376,wheat,0.0,full
2022,2,521.6079778799764,211.60722004777838,332.4698837209302,wheat,0.0,full
2022,3,546.8003707628977,174.12293317073477,414.03355813953493,wheat,0.0,full
2022,4,580.9458447032779,157.73494344283188,421.6961162790698,wheat,0.0,full
2022,5,679.7402845908322,171.04068376874915,444.6837906976744,wheat,0.0,full
2022,6,706.9226321039606,206.75940461977797,391.30130232558145,wheat,0.0,full
2022,7,702.5998283365328,336.4417071101513,325.65872093023256,wheat,0.0,full
2022,8,703.5719454306017,463.55197124022254,325.99927906976745,wheat,0.0,full
2022,9,681.4652889518977,499.4415118490955,356.8197906976745,wheat,0.0,full
2022,10,640.5994942946879,456.4098928836073,372.9111627906977,wheat,0.0,full
2022,11,600.2418155021729,405.1670999899941,359.8848139534884,wheat,0.0,full
2022,12,559.3561397220159,360.034106156566,328.894023255814,wheat,0.0,full
2023,1,529.9205755780728,309.1541427627963,333.46462984723854,wheat,0.0,full
2023,2,504.3344254225538,248.31440730743412,346.0878965922444,wheat,0.0,full
2023,3,480.38310746053526,209.01230453953121,324.2601645123384,wheat,0.0,full
2023,4,462.62101948017755,191.96287259398545,331.53607520564043,wheat,0.0,full
2023,5,462.7257450133508,199.18298009163425,322.3316098707403,wheat,0.0,full
2023,6,478.19578078276606,229.58339598607097,302.87074030552293,wheat,0.0,full
2023,7,501.3663278539617,359.11073094697576,302.87074030552293,wheat,0.0,full
2023,8,519.5157770357937,483.72189753875966,276.8352526439483,wheat,0.0,full
2023,9,517.8022006268845,515.8612157590786,275.87097532314925,wheat,0.0,full
2023,10,503.7397751707916,465.02436521060633,261.31915393654526,wheat,0.0,full
2023,11,491.7257064168842,404.5658228227717,248.6082256169213,wheat,0.0,full
2023,12,512.5008879787379,351.65425107990836,255.18284371327852,wheat,0.0,full
2021,1,277.588759534558,220.50622622222517,264.5185913705584,wheat,0.0,shocks
2021,2,258.8521594449575,163.26940353947793,264.6100253807106,wheat,0.0,shocks
2021,3,248.3396934500792,124.69190584585563,249.70628172588837,wheat,0.0,shocks
2021,4,248.92076918959253,118.42042321318772,256.9295685279188,wheat,0.0,shocks
2021,5,244.40478304134604,139.66128790633283,271.8333121827411,wheat,0.0,shocks
2021,6,243.8238198323034,168.3299633745416,261.1355329949239,wheat,0.0,shocks
2021,7,242.2533159819808,293.7112031220897,269.0902918781726,wheat,0.0,shocks
2021,8,235.45316748257923,405.0751473109433,296.70336294416245,wheat,0.0,shocks
2021,9,227.46539190260637,424.6606998116608,308.6812182741117,wheat,0.0,shocks
2021,10,244.67907136934673,374.2883421817918,324.31643401015225,wheat,0.0,shocks
2021,11,270.3935794006699,320.173013519223,346.9920685279188,wheat,0.0,shocks
2021,12,284.45106382449586,274.6049568438643,344.5233502538071,wheat,0.0,shocks
2022,1,273.01207355893166,226.48959524672375,318.59213953488376,wheat,0.0,shocks
2022,2,276.30190232816693,169.5657748020464,332.4698837209302,wheat,0.0,shocks
2022,3,282.20837342529944,128.7444199230302,414.03355813953493,wheat,0.0,shocks
2022,4,273.9529918425555,114.94055862793745,421.6961162790698,wheat,0.0,shocks
2022,5,263.25116063721634,132.6954545793084,444.6837906976744,wheat,0.0,shocks
2022,6,260.95675382497495,161.25755465390557,391.30130232558145,wheat,0.0,shocks
2022,7,257.705959454497,282.15061524978734,325.65872093023256,wheat,0.0,shocks
2022,8,249.2759246034168,402.09461326637904,325.99927906976745,wheat,0.0,shocks
2022,9,238.26569006037334,431.8486698717303,356.8197906976745,wheat,0.0,shocks
2022,10,242.07393036200588,383.33352576869095,372.9111627906977,wheat,0.0,shocks
2022,11,259.5777495437292,326.24303440058117,359.8848139534884,wheat,0.0,shocks
2022,12,286.1060860666686,276.90864446131036,328.894023255814,wheat,0.0,shocks
2023,1,278.07373030373856,229.14803175659472,333.46462984723854,wheat,0.0,shocks
2023,2,270.4465046283648,172.15434231956357,346.0878965922444,wheat,0.0,shocks
2023,3,268.1965132702693,132.00772895543375,324.2601645123384,wheat,0.0,shocks
2023,4,268.986291244205,119.28166043860048,331.53607520564043,wheat,0.0,shocks
2023,5,258.61706248153905,138.15409085003802,322.3316098707403,wheat,0.0,shocks
2023,6,253.8166186832712,167.86402321362647,302.87074030552293,wheat,0.0,shocks
2023,7,250.2011016466488,291.69923337054445,302.87074030552293,wheat,0.0,shocks
2023,8,242.63892823793287,411.5683506303683,276.8352526439483,wheat,0.0,shocks
2023,9,234.3424313966571,439.9886391413222,275.87097532314925,wheat,0.0,shocks
2023,10,230.07719465379537,385.6599344753207,261.31915393654526,wheat,0.0,shocks
2023,11,224.0242892274826,321.3449939092527,248.6082256169213,wheat,0.0,shocks
2023,12,218.2519294868975,263.3534051102085,255.18284371327852,wheat,0.0,shocks
2021,1,337.16633051895263,218.56691294179464,264.5185913705584,wheat,0.0,tau
2021,2,362.8335242443614,162.91936602406253,264.6100253807106,wheat,0.0,tau
2021,3,377.02027303714027,126.51874381832265,249.70628172588837,wheat,0.0,tau
2021,4,396.73276277069203,120.72142569786948,256.9295685279188,wheat,0.0,tau
2021,5,411.44413116630403,143.2643503941391,271.8333121827411,wheat,0.0,tau
2021,6,425.3723104572196,176.5280286341515,261.1355329949239,wheat,0.0,tau
2021,7,447.3076774353151,304.1573940769516,269.0902918781726,wheat,0.0,tau
2021,8,462.58019446792923,426.73631291512237,296.70336294416245,wheat,0.0,tau
2021,9,476.2827852098982,458.20390259851854,308.6812182741117,wheat,0.0,tau
2021,10,488.6928277640819,412.41572081475863,324.31643401015225,wheat,0.0,tau
2021,11,491.95907404759043,359.5805181763567,346.9920685279188,wheat,0.0,tau
2021,12,496.0752153747285,313.97292975680466,344.5233502538071,wheat,0.0,tau
2022,1,510.67754597334766,266.0272924725243,318.59213953488376,wheat,0.0,tau
2022,2,514.6648458750099,212.16637097512216,332.4698837209302,wheat,0.0,tau
2022,3,550.1600543921961,176.58977369632447,414.03355813953493,wheat,0.0,tau
2022,4,595.7225605302881,162.76225132147653,421.6961162790698,wheat,0.0,tau
2022,5,685.083927100238,176.7384231116236,444.6837906976744,wheat,0.0,tau
2022,6,704.4825380671656,213.67523250102835,391.30130232558145,wheat,0.0,tau
2022,7,699.4951654499355,345.4325741668762,325.65872093023256,wheat,0.0,tau
2022,8,702.8837991560454,470.5783528260225,325.99927906976745,wheat,0.0,tau
2022,9,685.6683054216262,503.5826170354459,356.8197906976745,wheat,0.0,tau
2022,10,642.7395306744612,458.41888585244226,372.9111627906977,wheat,0.0,tau
2022,11,602.5187947271329,405.8967120953847,359.8848139534884,wheat,0.0,tau
2022,12,566.0704299831041,360.58662255405454,328.894023255814,wheat,0.0,tau
2023,1,543.1918140203433,312.2075529480001,333.46462984723854,wheat,0.0,tau
2023,2,523.8805920762236,252.4105452551782,346.0878965922444,wheat,0.0,tau
2023,3,500.4736125694981,213.51721154055724,324.2601645123384,wheat,0.0,tau
2023,4,481.4634737344299,196.9520591078099,331.53607520564043,wheat,0.0,tau
2023,5,480.6654227246854,204.9885039163924,322.3316098707403,wheat,0.0,tau
2023,6,497.3167047521853,235.1071169862468,302.87074030552293,wheat,0.0,tau
2023,7,522.6200897806375,363.604669368364,302.87074030552293,wheat,0.0,tau
2023,8,544.6167712068517,486.15661630411523,276.8352526439483,wheat,0.0,tau
2023,9,545.2934576858848,516.9324470503288,275.87097532314925,wheat,0.0,tau
2023,10,532.7280372241758,467.9247028004876,261.31915393654526,wheat,0.0,tau
2023,11,521.1970898860354,410.59874134952975,248.6082256169213,wheat,0.0,tau
2023,12,545.022714442546,360.8039263105055,255.18284371327852,wheat,0.0,tau
2021,1,324.03605910411477,220.7202287799446,264.5185913705584,wheat,0.3,full
2021,2,336.8346325283693,164.75771239526622,264.6100253807106,wheat,0.3,full
2021,3,354.4049565151279,127.7213351396116,249.70628172588837,wheat,0.3,full
2021,4,374.6136268765672,122.23489584960882,256.9295685279188,wheat,0.3,full
2021,5,391.2659593746829,144.95199582704157,271.8333121827411,wheat,0.3,full
2021,6,407.0598787441777,176.93314238784802,261.1355329949239,wheat,0.3,full
2021,7,430.8809609416787,305.9534779386504,269.0902918781726,wheat,0.3,full
2021,8,448.158245030983,421.32793769923825,296.70336294416245,wheat,0.3,full
2021,9,467.98143734576274,445.05077444539114,308.6812182741117,wheat,0.3,full
2021,10,506.7236498565573,399.1106154776172,324.31643401015225,wheat,0.3,full
2021,11,515.9785112001039,349.6425546111176,346.9920685279188,wheat,0.3,full
2021,12,519.717827997972,308.07143384643086,344.5233502538071,wheat,0.3,full
2022,1,534.5233695066278,260.801463331641,318.59213953488376,wheat,0.3,full
2022,2,540.2677358105416,205.39225607337136,332.4698837209302,wheat,0.3,full
2022,3,567.452320644991,167.4055483985352,414.03355813953493,wheat,0.3,full
2022,4,603.0987402919286,150.50272752951486,421.6961162790698,wheat,0.3,full
2022,5,698.9083714614678,166.01510805396208,444.6837906976744,wheat,0.3,full
2022,6,720.4143392653037,201.30722268183544,391.30130232558145,wheat,0.3,full
2022,7,711.0781996504824,330.074414070134,325.65872093023256,wheat,0.3,full
2022,8,710.0608515027972,456.311680592146,325.99927906976745,wheat,0.3,full
2022,9,687.6383894348486,491.50837953018345,356.8197906976745,wheat,0.3,full
2022,10,648.4111796260916,447.73097162781175,372.9111627906977,wheat,0.3,full
2022,11,608.5700193055848,395.6043443409068,359.8848139534884,wheat,0.3,full
2022,12,568.3537867708986,349.24408543696643,328.894023255814,wheat,0.3,full
2023,1,540.7491898058437,297.17017893564275,333.46462984723854,wheat,0.3,full
2023,2,510.47882421873754,236.0895230333665,346.0878965922444,wheat,0.3,full
2023,3,486.12490546073406,196.57564894095427,324.2601645123384,wheat,0.3,full
2023,4,476.9675437355804,178.56528971434875,331.53607520564043,wheat,0.3,full
2023,5,471.6665761925267,186.4806357618252,322.3316098707403,wheat,0.3,full
2023,6,490.3182845079259,217.29840913225217,302.87074030552293,wheat,0.3,full
2023,7,516.5803535907464,345.43267472891,302.87074030552293,wheat,0.3,full
2023,8,534.8853089803606,469.06808181219685,276.8352526439483,wheat,0.3,full
2023,9,532.2573419713403,500.37191623008556,275.87097532314925,wheat,0.3,full
2023,10,519.9972081840205,448.82197432481405,261.31915393654526,wheat,0.3,full
2023,11,507.96515033892,387.7841027805801,248.6082256169213,wheat,0.3,full
2023,12,527.5174776448679,334.2095538997721,255.18284371327852,wheat,0.3,full
2021,1,277.5863500880929,220.5077819365901,264.5185913705584,wheat,0.3,shocks
2021,2,258.7698216039123,163.30279384703877,264.6100253807106,wheat,0.3,shocks
2021,3,248.11383977735198,124.77569069971119,249.70628172588837,wheat,0.3,shocks
2021,4,248.65297026827074,118.5158083534343,256.9295685279188,wheat,0.3,shocks
2021,5,244.16221173484143,139.79429776691424,271.8333121827411,wheat,0.3,shocks
2021,6,243.55583378561226,168.57695102210067,261.1355329949239,wheat,0.3,shocks
2021,7,241.9435331379852,294.09414251517063,269.0902918781726,wheat,0.3,shocks
2021,8,235.15869374103352,405.5894002465653,296.70336294416245,wheat,0.3,shocks
2021,9,227.00782451580176,425.22327480338265,308.6812182741117,wheat,0.3,shocks
2021,10,242.92124856405405,375.0069613026956,324.31643401015225,wheat,0.3,shocks
2021,11,266.08749256020815,321.08945358516183,346.9920685279188,wheat,0.3,shocks
2021,12,277.080952538008,275.6672669786434,344.5233502538071,wheat,0.3,shocks
2022,1,265.5394731317643,227.4955619362626,318.59213953488376,wheat,0.3,shocks
2022,2,267.32003112151364,170.60372285645568,332.4698837209302,wheat,0.3,shocks
2022,3,272.99831754690865,129.7003841635604,414.03355813953493,wheat,0.3,shocks
2022,4,265.99195200496797,115.49899095370287,421.6961162790698,wheat,0.3,shocks
2022,5,257.0008640425957,133.08677194833848,444.6837906976744,wheat,0.3,shocks
2022,6,255.67773161724213,161.57956305031325,391.30130232558145,wheat,0.3,shocks
2022,7,252.99303995343303,282.33051116925657,325.65872093023256,wheat,0.3,shocks
2022,8,245.34321895426538,401.96615279911214,325.99927906976745,wheat,0.3,shocks
2022,9,235.1986132330501,431.34553366250515,356.8197906976745,wheat,0.3,shocks
2022,10,240.41911209239703,382.639837302975,372.9111627906977,wheat,0.3,shocks
2022,11,260.11997969472714,325.4925467118543,359.8848139534884,wheat,0.3,shocks
2022,12,289.2076034654349,276.2702031598224,328.894023255814,wheat,0.3,shocks
2023,1,281.01945093053575,228.68959925438082,333.46462984723854,wheat,0.3,shocks
2023,2,273.4205108552941,171.7522441015507,346.0878965922444,wheat,0.3,shocks
2023,3,271.5781702757042,131.60317392813076,324.2601645123384,wheat,0.3,shocks
2023,4,272.11038581715314,118.9929044947246,331.53607520564043,wheat,0.3,shocks
2023,5,261.18648119079523,137.6663552758789,322.3316098707403,wheat,0.3,shocks
2023,6,256.077328690028,167.0531102122671,302.87074030552293,wheat,0.3,shocks
2023,7,252.2785556593052,290.53714268068404,302.87074030552293,wheat,0.3,shocks
2023,8,244.55729733315718,410.0628866535716,276.8352526439483,wheat,0.3,shocks
2023,9,236.39112849052754,438.19180095678786,275.87097532314925,wheat,0.3,shocks
2023,10,232.30235073263265,383.7425297333805,261.31915393654526,wheat,0.3,shocks
2023,11,226.31093902787921,319.46837224471335,248.6082256169213,wheat,0.3,shocks
2023,12,220.57619158572388,261.6061255931557,255.18284371327852,wheat,0.3,shocks
2021,1,337.3492236659039,218.52938212623718,264.5185913705584,wheat,0.3,tau
2021,2,365.153336784279,162.6354658722211,264.6100253807106,wheat,0.3,tau
2021,3,380.5241884126695,126.00198456931167,249.70628172588837,wheat,0.3,tau
2021,4,400.05868616437124,120.09598958381427,256.9295685279188,wheat,0.3,tau
2021,5,414.4243895608896,142.2778585876586,271.8333121827411,wheat,0.3,tau
2021,6,428.2714343514282,174.6808773801132,261.1355329949239,wheat,0.3,tau
2021,7,450.39790072573584,301.3276906558985,269.0902918781726,wheat,0.3,tau
2021,8,465.76360801890974,422.9814477965663,296.70336294416245,wheat,0.3,tau
2021,9,481.36951953727987,453.71392649937167,308.6812182741117,wheat,0.3,tau
2021,10,499.71414561508396,407.42891493798936,324.31643401015225,wheat,0.3,tau
2021,11,505.8614449233532,354.05175754668926,346.9920685279188,wheat,0.3,tau
2021,12,512.6557535886855,307.86904388913416,344.5233502538071,wheat,0.3,tau
2022,1,524.55685903314,259.9437795490454,318.59213953488376,wheat,0.3,tau
2022,2,525.961485816325,206.08684289466171,332.4698837209302,wheat,0.3,tau
2022,3,567.1447969616153,170.07263108519155,414.03355813953493,wheat,0.3,tau
2022,4,614.8989684186923,155.5175949853621,421.6961162790698,wheat,0.3,tau
2022,5,700.3238106273293,171.74244385172082,444.6837906976744,wheat,0.3,tau
2022,6,716.5602180083085,208.10878056016588,391.30130232558145,wheat,0.3,tau
2022,7,707.245668568579,338.93976864130525,325.65872093023256,wheat,0.3,tau
2022,8,709.8889979996718,463.24272682561826,325.99927906976745,wheat,0.3,tau
2022,9,692.9987805434089,495.6236825890925,356.8197906976745,wheat,0.3,tau
2022,10,651.2663251177662,449.76354345506104,372.9111627906977,wheat,0.3,tau
2022,11,612.2938605909451,396.3973782988835,359.8848139534884,wheat,0.3,tau
2022,12,576.3225082658678,349.93930593062936,328.894023255814,wheat,0.3,tau
2023,1,557.394098975788,300.41430607385496,333.46462984723854,wheat,0.3,tau
2023,2,532.287637551663,239.63345006874928,346.0878965922444,wheat,0.3,tau
2023,3,509.0216329954174,199.74421665474398,324.2601645123384,wheat,0.3,tau
2023,4,497.51627205241164,182.28411540109397,331.53607520564043,wheat,0.3,tau
2023,5,489.56437498181856,189.84299231163288,322.3316098707403,wheat,0.3,tau
2023,6,505.19404441162897,219.0689840883169,302.87074030552293,wheat,0.3,tau
2023,7,532.780249538864,346.121272722228,302.87074030552293,wheat,0.3,tau
2023,8,552.0569339078963,467.7471435271169,276.8352526439483,wheat,0.3,tau
2023,9,550.570505150271,497.7025640369247,275.87097532314925,wheat,0.3,tau
2023,10,536.0384485693164,448.0035593364777,261.31915393654526,wheat,0.3,tau
2023,11,522.2595997782737,390.0984205395922,248.6082256169213,wheat,0.3,tau
2023,12,542.0483380090025,339.42145501550647,255.18284371327852,wheat,0.3,tau
2021,1,324.189573082113,220.67711436153348,264.5185913705584,wheat,0.6,full
2021,2,338.55851330979317,164.42841687866547,264.6100253807106,wheat,0.6,full
2021,3,357.72877486541745,127.07280627229284,249.70628172588837,wheat,0.6,full
2021,4,378.32957128848483,121.40970805406883,256.9295685279188,wheat,0.6,full
2021,5,394.8695444820022,143.74314873959074,271.8333121827411,wheat,0.6,full
2021,6,410.5534501281719,174.7595158828633,261.1355329949239,wheat,0.6,full
2021,7,434.3752637798971,302.7229261240075,269.0902918781726,wheat,0.6,full
2021,8,451.81654045510777,417.0632910140366,296.70336294416245,wheat,0.6,full
2021,9,474.50758245977534,439.9205791661842,308.6812182741117,wheat,0.6,full
2021,10,526.3155699626988,393.3999088055668,324.31643401015225,wheat,0.6,full
2021,11,542.6041805088266,343.4327961778736,346.9920685279188,wheat,0.6,full
2021,12,552.3833645152181,301.36783083450155,344.5233502538071,wheat,0.6,full
2022,1,566.1012658422746,253.8363551577856,318.59213953488376,wheat,0.6,full
2022,2,568.0399768974615,198.48628232456718,332.4698837209302,wheat,0.6,full
2022,3,599.3357096337033,159.97086685053273,414.03355813953493,wheat,0.6,full
2022,4,634.9282686903664,142.6733662442445,421.6961162790698,wheat,0.6,full
2022,5,723.3915697900355,160.0785382862336,444.6837906976744,wheat,0.6,full
2022,6,736.0460681183694,194.82716783451104,391.30130232558145,wheat,0.6,full
2022,7,721.2650400829701,322.51706387359746,325.65872093023256,wheat,0.6,full
2022,8,718.6704429633874,447.78430921028007,325.99927906976745,wheat,0.6,full
2022,9,696.1537732576758,482.23159806658543,356.8197906976745,wheat,0.6,full
2022,10,659.541671937081,437.6285711197528,372.9111627906977,wheat,0.6,full
2022,11,620.7018369512618,384.5575862027837,359.8848139534884,wheat,0.6,full
2022,12,582.6155391984662,336.85328356671556,328.894023255814,wheat,0.6,full
2023,1,552.1331633978413,283.4932918848808,333.46462984723854,wheat,0.6,full
2023,2,519.7682614538297,223.11956082557808,346.0878965922444,wheat,0.6,full
2023,3,497.2665752862355,183.4845871051597,324.2601645123384,wheat,0.6,full
2023,4,496.7233398295753,164.50627254077017,331.53607520564043,wheat,0.6,full
2023,5,493.97734473984303,174.3312927911877,322.3316098707403,wheat,0.6,full
2023,6,508.3084050465351,205.41749844281094,302.87074030552293,wheat,0.6,full
2023,7,525.7758535620922,332.3975047794745,302.87074030552293,wheat,0.6,full
2023,8,534.7136168535568,454.7738349725812,276.8352526439483,wheat,0.6,full
2023,9,528.9938513754214,484.9648511811763,275.87097532314925,wheat,0.6,full
2023,10,515.7357185369958,432.3594765271332,261.31915393654526,wheat,0.6,full
2023,11,503.406974085197,370.2492850257447,248.6082256169213,wheat,0.6,full
2023,12,524.3145299744972,315.5033960354964,255.18284371327852,wheat,0.6,full
2021,1,277.5839415734555,220.5093374802274,264.5185913705584,wheat,0.6,shocks
2021,2,258.6868053343974,163.33665436527872,264.6100253807106,wheat,0.6,shocks
2021,3,247.88314832306236,124.86284136791079,249.70628172588837,wheat,0.6,shocks
2021,4,248.37449837541465,118.6186872444134,256.9295685279188,wheat,0.6,shocks
2021,5,243.90622799573117,139.94121033497007,271.8333121827411,wheat,0.6,shocks
2021,6,243.26936288452254,168.8500474104061,261.1355329949239,wheat,0.6,shocks
2021,7,241.69596281728488,294.5207957124763,269.0902918781726,wheat,0.6,shocks
2021,8,234.9516519086535,406.1748211885482,296.70336294416245,wheat,0.6,shocks
2021,9,226.6219493080173,425.89119152496824,308.6812182741117,wheat,0.6,shocks
2021,10,241.08064063935575,375.8574947078696,324.31643401015225,wheat,0.6,shocks
2021,11,261.50117401854527,322.1609980378912,346.9920685279188,wheat,0.6,shocks
2021,12,269.27791105409807,276.92247761311324,344.5233502538071,wheat,0.6,shocks
2022,1,257.4849542850633,228.73293099193853,318.59213953488376,wheat,0.6,shocks
2022,2,257.33752422945787,171.94365446654206,332.4698837209302,wheat,0.6,shocks
2022,3,262.46489354828543,131.0190171371696,414.03355813953493,wheat,0.6,shocks
2022,4,256.83697407759394,116.28667012620781,421.6961162790698,wheat,0.6,shocks
2022,5,249.7596564436535,133.7157807922544,444.6837906976744,wheat,0.6,shocks
2022,6,249.9262281662889,162.17006456510035,391.30130232558145,wheat,0.6,shocks
2022,7,247.87089834613346,282.86795656106494,325.65872093023256,wheat,0.6,shocks
2022,8,240.95508101078005,402.2838214919657,325.99927906976745,wheat,0.6,shocks
2022,9,231.55867696115038,431.3348220364536,356.8197906976745,wheat,0.6,shocks
2022,10,237.5780069112892,382.45898571036446,372.9111627906977,wheat,0.6,shocks
2022,11,258.2442443937426,325.2574639630207,359.8848139534884,wheat,0.6,shocks
2022,12,288.48176078380646,276.0393803431781,328.894023255814,wheat,0.6,shocks
2023,1,280.6177245705104,228.5082302006756,333.46462984723854,wheat,0.6,shocks
2023,2,273.38945321862263,171.56827337017677,346.0878965922444,wheat,0.6,shocks
2023,3,272.1746242136644,131.3401033488794,324.2601645123384,wheat,0.6,shocks
2023,4,272.79716411448896,118.71130026689639,331.53607520564043,wheat,0.6,shocks
2023,5,261.80304833941193,137.12254440545956,322.3316098707403,wheat,0.6,shocks
2023,6,256.73310419634083,166.1442680457723,302.87074030552293,wheat,0.6,shocks
2023,7,252.96538158243473,289.23795731625273,302.87074030552293,wheat,0.6,shocks
2023,8,245.30262657446653,408.3874187355427,276.8352526439483,wheat,0.6,shocks
2023,9,237.48711149970785,436.2093943053058,275.87097532314925,wheat,0.6,shocks
2023,10,233.78834562460426,381.63626041840206,261.31915393654526,wheat,0.6,shocks
2023,11,228.00096562686298,317.4046728152246,248.6082256169213,wheat,0.6,shocks
2023,12,222.44524321482558,259.67029058592703,255.18284371327852,wheat,0.6,shocks
2021,1,337.5346833201403,218.49174951776683,264.5185913705584,wheat,0.6,tau
2021,2,367.63865335371895,162.34740716042808,264.6100253807106,wheat,0.6,tau
2021,3,384.43207347080914,125.45118418232899,249.70628172588837,wheat,0.6,tau
2021,4,396.43592973634236,119.42541149518246,256.9295685279188,wheat,0.6,tau
2021,5,402.26358920369086,141.0365101122793,271.8333121827411,wheat,0.6,tau
2021,6,418.4202374942976,172.2055960347531,261.1355329949239,wheat,0.6,tau
2021,7,444.3160407674614,297.56495970630397,269.0902918781726,wheat,0.6,tau
2021,8,461.6195832968259,418.07104619404004,296.70336294416245,wheat,0.6,tau
2021,9,480.62347650328286,447.91445826148674,308.6812182741117,wheat,0.6,tau
2021,10,507.53989022847634,401.02274185443395,324.31643401015225,wheat,0.6,tau
2021,11,519.9710877214972,346.9513087701322,346.9920685279188,wheat,0.6,tau
2021,12,534.1256366622761,300.12484136430976,344.5233502538071,wheat,0.6,tau
2022,1,548.4413341105865,251.97723247216157,318.59213953488376,wheat,0.6,tau
2022,2,550.2788736191385,197.89740279858674,332.4698837209302,wheat,0.6,tau
2022,3,597.4655017437436,161.37956341293915,414.03355813953493,wheat,0.6,tau
2022,4,640.9253337148948,146.04734380580203,421.6961162790698,wheat,0.6,tau
2022,5,721.8824417234796,165.2459485408217,444.6837906976744,wheat,0.6,tau
2022,6,732.3150589191248,200.7716682083765,391.30130232558145,wheat,0.6,tau
2022,7,713.0061751187644,330.52951119509817,325.65872093023256,wheat,0.6,tau
2022,8,714.2373364357475,453.9071892682221,325.99927906976745,wheat,0.6,tau
2022,9,700.185589999299,485.708058873175,356.8197906976745,wheat,0.6,tau
2022,10,661.3601228574013,439.1756551515375,372.9111627906977,wheat,0.6,tau
2022,11,623.8436459675437,384.9540427143098,359.8848139534884,wheat,0.6,tau
2022,12,590.0847383137548,337.23753508373494,328.894023255814,wheat,0.6,tau
2023,1,570.5380371740614,286.44419117958665,333.46462984723854,wheat,0.6,tau
2023,2,541.3535453581355,225.13219580425738,346.0878965922444,wheat,0.6,tau
2023,3,522.8006999371792,184.82539068766647,324.2601645123384,wheat,0.6,tau
2023,4,521.0539568218376,166.54070923507967,331.53607520564043,wheat,0.6,tau
2023,5,517.3276269694516,175.436580285516,322.3316098707403,wheat,0.6,tau
2023,6,533.3947949727394,205.97487119265202,302.87074030552293,wheat,0.6,tau
2023,7,552.7913930661557,332.0963111618506,302.87074030552293,wheat,0.6,tau
2023,8,566.4017825050863,452.6781005273813,276.8352526439483,wheat,0.6,tau
2023,9,565.3572193582461,481.84681037028,275.87097532314925,wheat,0.6,tau
2023,10,549.6323268159821,431.33478680095993,261.31915393654526,wheat,0.6,tau
2023,11,534.1441716163347,372.6236769655391,248.6082256169213,wheat,0.6,tau
2023,12,551.7193126814283,320.9681692356198,255.18284371327852,wheat,0.6,tau
2021,1,422.90822773787545,113.90730333907896,498.1464106480471,rice,0.0,full
2021,2,420.93551329960354,72.7862929601593,509.1147719834169,rice,0.0,full
2021,3,425.8585560546612,42.989324191855026,479.8658084224307,rice,0.0,full
2021,4,435.26519370936734,30.700899777214403,452.44490508400605,rice,0.0,full
2021,5,442.4439243222667,26.14273888638231,450.6168448614444,rice,0.0,full
2021,6,452.73242161965646,28.88380815076506,425.93803185686227,rice,0.0,full
2021,7,463.8473237710814,44.98194881253343,378.4084660702597,rice,0.0,full
2021,8,450.7315902174406,80.38954068496557,368.3541348461706,rice,0.0,full
2021,9,425.6740248604369,131.77349829048927,365.6120445123281,rice,0.0,full
2021,10,413.88042830688175,174.78600280722543,366.52607462360896,rice,0.0,full
2021,11,382.5639410383834,180.87197795024076,365.6120445123281,rice,0.0,full
2021,12,355.9413835447442,159.21624270284633,365.6120445123281,rice,0.0,full
2022,1,369.3092288499676,119.03892865501197,363.5560897435897,rice,0.0,full
2022,2,396.86980019469394,77.9069219163786,363.5560897435897,rice,0.0,full
2022,3,427.77116819031767,42.844989269319285,359.29899267399264,rice,0.0,full
2022,4,441.16960291744635,25.264527141330287,366.9617673992674,rice,0.0,full
2022,5,446.5098441290392,20.371980573682897,395.05860805860806,rice,0.0,full
2022,6,456.1143866089886,23.11168716707585,378.0302197802198,rice,0.0,full
2022,7,471.48984676219334,39.11846893795791,355.893315018315,rice,0.0,full
2022,8,462.2209508164385,74.61922171105016,366.9617673992674,rice,0.0,full
2022,9,562.8961548253244,126.50550887276673,373.7731227106227,rice,0.0,full
2022,10,595.2323168907301,172.08458024626924,366.9617673992674,rice,0.0,full
2022,11,771.4664196636273,181.71028423376106,374.6245421245422,rice,0.0,full
2022,12,893.7375146375723,165.8406826549117,397.6128663003663,rice,0.0,full
2023,1,820.0305479474897,130.95894591755587,453.0402745168864,rice,0.0,full
2023,2,709.1260426871821,93.96396892360818,431.1331045692613,rice,0.0,full
2023,3,724.7519364816674,62.0425681721362,417.1125158027813,rice,0.0,full
2023,4,806.0733817352408,42.103767199479265,439.0196857504063,rice,0.0,full
2023,5,867.9840543687717,33.88329988127124,446.9062669315514,rice,0.0,full
2023,6,881.9074057178559,39.48589359047773,450.41141412317137,rice,0.0,full
2023,7,968.5288103685461,59.324929801519914,479.3288784540365,rice,0.0,full
2023,8,994.7385709756609,99.59234230313298,556.4421166696767,rice,0.0,full
2023,9,982.9013651768727,154.9966976612377,543.2978147011016,rice,0.0,full
2023,10,901.5895581676638,201.30799829805136,517.0092107639515,rice,0.0,full
2023,11,838.7517644252537,209.24973560104542,524.0195051471916,rice,0.0,full
2023,12,790.2094732098467,188.7069302810931,564.3286978508216,rice,0.0,full
2021,1,421.9176272007718,113.90373741112447,498.1464106480471,rice,0.0,shocks
2021,2,419.748550697578,72.76290615577939,509.1147719834169,rice,0.0,shocks
2021,3,424.61922922480005,42.93989705882656,479.8658084224307,rice,0.0,shocks
2021,4,434.1610070502046,30.462243844047478,452.44490508400605,rice,0.0,shocks
2021,5,441.46000688733034,25.57603646379712,450.6168448614444,rice,0.0,shocks
2021,6,454.02304510053216,28.281052561815663,425.93803185686227,rice,0.0,shocks
2021,7,465.9640066408589,44.518621435199556,378.4084660702597,rice,0.0,shocks
2021,8,450.0285840471164,79.98082186516154,368.3541348461706,rice,0.0,shocks
2021,9,420.4866220472535,131.38243858971123,365.6120445123281,rice,0.0,shocks
2021,10,401.2339068482472,174.30041079819574,366.52607462360896,rice,0.0,shocks
2021,11,370.6243162016731,180.1811928042424,365.6120445123281,rice,0.0,shocks
2021,12,351.3516096491712,158.48004056953786,365.6120445123281,rice,0.0,shocks
2022,1,373.6836976016376,118.41978330502805,363.5560897435897,rice,0.0,shocks
2022,2,407.5185036999085,77.45173795613582,363.5560897435897,rice,0.0,shocks
2022,3,436.22889246517843,42.63369975500591,359.29899267399264,rice,0.0,shocks
2022,4,445.8972013932307,25.14286266280873,366.9617673992674,rice,0.0,shocks
2022,5,450.00679189063106,20.285661717756938,395.05860805860806,rice,0.0,shocks
2022,6,458.34105367371217,23.06874851914839,378.0302197802198,rice,0.0,shocks
2022,7,471.36135129643264,39.1051119825552,355.893315018315,rice,0.0,shocks
2022,8,459.09159074046477,74.61157690398645,366.9617673992674,rice,0.0,shocks
2022,9,429.70388957126374,126.0951695675222,373.7731227106227,rice,0.0,shocks
2022,10,403.039769899573,169.38283160644025,366.9617673992674,rice,0.0,shocks
2022,11,378.3126688369389,176.08694693102342,374.6245421245422,rice,0.0,shocks
2022,12,360.20983632378613,155.55984747598058,397.6128663003663,rice,0.0,shocks
2023,1,382.976011499341,116.11006351685397,453.0402745168864,rice,0.0,shocks
2023,2,412.3301025444139,75.5532860498314,431.1331045692613,rice,0.0,shocks
2023,3,433.35573971846304,41.451130547182444,417.1125158027813,rice,0.0,shocks
2023,4,444.7431289140565,24.894659516536667,439.0196857504063,rice,0.0,shocks
2023,5,448.8141960412406,20.211039987755193,446.9062669315514,rice,0.0,shocks
2023,6,458.35052812394304,22.88809532496128,450.41141412317137,rice,0.0,shocks
2023,7,472.0919035836856,38.827098739549996,479.3288784540365,rice,0.0,shocks
2023,8,462.9562022119982,74.69520167549015,556.4421166696767,rice,0.0,shocks
2023,9,435.4166715738893,127.05165070542147,543.2978147011016,rice,0.0,shocks
2023,10,412.68423964808125,171.00389728183623,517.0092107639515,rice,0.0,shocks
2023,11,387.6311281847976,177.63757900161605,524.0195051471916,rice,0.0,shocks
2023,12,359.0539576757458,155.85343525710232,564.3286978508216,rice,0.0,shocks
2021,1,423.48976428087906,113.90938048738604,498.1464106480471,rice,0.0,tau
2021,2,422.00085214955794,72.80104766177048,509.1147719834169,rice,0.0,tau
2021,3,427.64809496902205,42.95138263306181,479.8658084224307,rice,0.0,tau
2021,4,438.640938006231,30.656512313427264,452.44490508400605,rice,0.0,tau
2021,5,445.7327624808231,26.157400868793673,450.6168448614444,rice,0.0,tau
2021,6,455.8550190404219,28.74517785866689,425.93803185686227,rice,0.0,tau
2021,7,467.6686490578695,44.58328183238201,378.4084660702597,rice,0.0,tau
2021,8,453.89968376081276,79.92506266278586,368.3541348461706,rice,0.0,tau
2021,9,428.2890800585688,131.3354659854704,365.6120445123281,rice,0.0,tau
2021,10,416.37847642008137,174.37789665007648,366.52607462360896,rice,0.0,tau
2021,11,384.84823146652434,180.5761579788171,365.6120445123281,rice,0.0,tau
2021,12,359.1282236217815,159.03277634161532,365.6120445123281,rice,0.0,tau
2022,1,372.9371297323365,118.94874208386155,363.5560897435897,rice,0.0,tau
2022,2,399.580510052219,77.93466615549545,363.5560897435897,rice,0.0,tau
2022,3,426.4236333589829,42.91506845479461,359.29899267399264,rice,0.0,tau
2022,4,439.3565582478064,25.450620066032357,366.9617673992674,rice,0.0,tau
2022,5,442.9374877374647,20.636870516947308,395.05860805860806,rice,0.0,tau
2022,6,453.9815670275197,23.094775171150033,378.0302197802198,rice,0.0,tau
2022,7,470.0910422942479,39.076140137915004,355.893315018315,rice,0.0,tau
2022,8,463.9568690820668,74.79318894416116,366.9617673992674,rice,0.0,tau
2022,9,562.5023945751577,127.20286837635183,373.7731227106227,rice,0.0,tau
2022,10,586.8031678864292,173.01095794910404,366.9617673992674,rice,0.0,tau
2022,11,742.7899478033617,182.34832899387942,374.6245421245422,rice,0.0,tau
2022,12,862.4040673224633,165.82248489469606,397.6128663003663,rice,0.0,tau
2023,1,797.9592872729686,130.71326237117825,453.0402745168864,rice,0.0,tau
2023,2,691.8170476846691,93.56703591590387,431.1331045692613,rice,0.0,tau
2023,3,708.0495701949637,61.43529929338419,417.1125158027813,rice,0.0,tau
2023,4,795.0226731569168,41.30208320531675,439.0196857504063,rice,0.0,tau
2023,5,858.5635172400307,33.310842552847085,446.9062669315514,rice,0.0,tau
2023,6,830.5684014314522,38.8660383945283,450.41141412317137,rice,0.0,tau
2023,7,936.9835557118029,58.37965132840115,479.3288784540365,rice,0.0,tau
2023,8,979.6587024325808,98.39090802822005,556.4421166696767,rice,0.0,tau
2023,9,972.716315249708,153.48207272158226,543.2978147011016,rice,0.0,tau
2023,10,893.0581289517935,199.67214568259357,517.0092107639515,rice,0.0,tau
2023,11,832.1692865522764,207.65355590821042,524.0195051471916,rice,0.0,tau
2023,12,786.4696304177323,187.33657386675137,564.3286978508216,rice,0.0,tau
2021,1,423.2167558814458,113.86996704521759,498.1464106480471,rice,0.3,full
2021,2,424.1500632847885,72.54359825059392,509.1147719834169,rice,0.3,full
2021,3,432.50620393818804,42.630910374805104,479.8658084224307,rice,0.3,full
2021,4,443.8308783595568,30.396349654145766,452.44490508400605,rice,0.3,full
2021,5,450.51894182804955,25.72504887012065,450.6168448614444,rice,0.3,full
2021,6,461.7956872638275,28.110765304417896,425.93803185686227,rice,0.3,full
2021,7,474.7678009334365,43.7269815584375,378.4084660702597,rice,0.3,full
2021,8,465.8557031677095,78.63471231451858,368.3541348461706,rice,0.3,full
2021,9,439.57611672692207,129.73407122157886,365.6120445123281,rice,0.3,full
2021,10,423.89508287963486,172.466940471827,366.52607462360896,rice,0.3,full
2021,11,397.6841626731011,178.2423636802978,365.6120445123281,rice,0.3,full
2021,12,401.5837418683231,156.69235805393743,365.6120445123281,rice,0.3,full
2022,1,440.39114212702793,117.1295347270709,363.5560897435897,rice,0.3,full
2022,2,477.7384466305748,76.58598639142178,363.5560897435897,rice,0.3,full
2022,3,497.99092447462925,42.26028090146187,359.29899267399264,rice,0.3,full
2022,4,499.22007654639623,25.190976280785442,366.9617673992674,rice,0.3,full
2022,5,496.5250284012002,20.444515244269205,395.05860805860806,rice,0.3,full
2022,6,503.65016172285493,22.998132915520596,378.0302197802198,rice,0.3,full
2022,7,518.1233325195674,38.70294474127631,355.893315018315,rice,0.3,full
2022,8,505.8269044223358,73.88100036865832,366.9617673992674,rice,0.3,full
2022,9,605.5276900802282,125.46169467664257,373.7731227106227,rice,0.3,full
2022,10,642.7486233960102,170.75102710322807,366.9617673992674,rice,0.3,full
2022,11,846.4324578820688,180.1567670880674,374.6245421245422,rice,0.3,full
2022,12,982.6031749293891,164.42632384205797,397.6128663003663,rice,0.3,full
2023,1,887.6212465627984,129.57425462880224,453.0402745168864,rice,0.3,full
2023,2,767.1958251793646,92.42843911927469,431.1331045692613,rice,0.3,full
2023,3,780.1317983754567,60.345902972866824,417.1125158027813,rice,0.3,full
2023,4,844.4441382167204,40.53317968795898,439.0196857504063,rice,0.3,full
2023,5,906.6644831915796,32.991412419223735,446.9062669315514,rice,0.3,full
2023,6,886.2863800475935,38.237568120040336,450.41141412317137,rice,0.3,full
2023,7,971.9078287272522,57.58698977409158,479.3288784540365,rice,0.3,full
2023,8,1004.1540263437009,97.2710837009204,556.4421166696767,rice,0.3,full
2023,9,995.6008500434615,152.24924590834803,543.2978147011016,rice,0.3,full
2023,10,916.3943525722879,198.27899729795365,517.0092107639515,rice,0.3,full
2023,11,854.5524182930506,206.02878471354498,524.0195051471916,rice,0.3,full
2023,12,807.8955107419538,185.32121301876302,564.3286978508216,rice,0.3,full
2021,1,421.8752104030645,113.90902041593216,498.1464106480471,rice,0.3,shocks
2021,2,419.09485020535374,72.82008597082113,509.1147719834169,rice,0.3,shocks
2021,3,422.9454373137305,43.05061004740513,479.8658084224307,rice,0.3,shocks
2021,4,431.8891976393658,30.556853689049774,452.44490508400605,rice,0.3,shocks
2021,5,439.36320691088576,25.699964887267534,450.6168448614444,rice,0.3,shocks
2021,6,451.81784039114393,28.509178002439242,425.93803185686227,rice,0.3,shocks
2021,7,463.37035346480445,44.903160488907076,378.4084660702597,rice,0.3,shocks
2021,8,446.66508599639747,80.5330296928587,368.3541348461706,rice,0.3,shocks
2021,9,417.47152395922944,132.01885910455172,365.6120445123281,rice,0.3,shocks
2021,10,399.1482937954957,175.05330902419,366.52607462360896,rice,0.3,shocks
2021,11,367.14041687984803,180.9768475234764,365.6120445123281,rice,0.3,shocks
2021,12,341.6920759211875,159.1639488180943,365.6120445123281,rice,0.3,shocks
2022,1,358.1837935819973,118.87380719517927,363.5560897435897,rice,0.3,shocks
2022,2,390.3451171801418,77.69513402328002,363.5560897435897,rice,0.3,shocks
2022,3,422.2729657442476,42.69627492277029,359.29899267399264,rice,0.3,shocks
2022,4,434.62284939697383,25.136405279026874,366.9617673992674,rice,0.3,shocks
2022,5,439.9676444858742,20.276272336256817,395.05860805860806,rice,0.3,shocks
2022,6,448.8192012615573,23.067148171692395,378.0302197802198,rice,0.3,shocks
2022,7,462.1504502636295,39.08298503002847,355.893315018315,rice,0.3,shocks
2022,8,450.88185611458493,74.5088669922291,366.9617673992674,rice,0.3,shocks
2022,9,423.07412008527774,125.92219979943955,373.7731227106227,rice,0.3,shocks
2022,10,397.4667489425416,169.20787638971507,366.9617673992674,rice,0.3,shocks
2022,11,374.1269339912514,175.91254910040203,374.6245421245422,rice,0.3,shocks
2022,12,358.89461460410143,155.35461337575535,397.6128663003663,rice,0.3,shocks
2023,1,385.1917224279869,115.87831153590147,453.0402745168864,rice,0.3,shocks
2023,2,417.26948949810327,75.3695965557105,431.1331045692613,rice,0.3,shocks
2023,3,437.18666160666714,41.385497744185955,417.1125158027813,rice,0.3,shocks
2023,4,446.6991259328672,24.912472304383396,439.0196857504063,rice,0.3,shocks
2023,5,450.25923983523984,20.202570292669854,446.9062669315514,rice,0.3,shocks
2023,6,459.71669343999946,22.852121527625933,450.41141412317137,rice,0.3,shocks
2023,7,473.44699907451377,38.76365038471087,479.3288784540365,rice,0.3,shocks
2023,8,464.154957828173,74.61385674691329,556.4421166696767,rice,0.3,shocks
2023,9,436.405087065139,126.9674509149197,543.2978147011016,rice,0.3,shocks
2023,10,413.45863094138923,170.97274709040022,517.0092107639515,rice,0.3,shocks
2023,11,388.2981520790804,177.71398783276192,524.0195051471916,rice,0.3,shocks
2023,12,359.45132741773386,156.06649499700833,564.3286978508216,rice,0.3,shocks
2021,1,423.829074729404,113.86899374420288,498.1464106480471,rice,0.3,tau
2021,2,425.52933714876167,72.53607392226002,509.1147719834169,rice,0.3,tau
2021,3,435.026989507871,42.56300218296299,479.8658084224307,rice,0.3,tau
2021,4,448.15682647144877,30.338284963996244,452.44490508400605,rice,0.3,tau
2021,5,454.71204652752596,25.730215442891314,450.6168448614444,rice,0.3,tau
2021,6,465.7583831542729,27.971231890468683,425.93803185686227,rice,0.3,tau
2021,7,479.4385252051116,43.32897447508371,378.4084660702597,rice,0.3,tau
2021,8,469.30939274775704,78.16756780624678,368.3541348461706,rice,0.3,tau
2021,9,442.4478025087035,129.29082647715754,365.6120445123281,rice,0.3,tau
2021,10,426.84238025182555,172.05421460319644,366.52607462360896,rice,0.3,tau
2021,11,400.0765782755437,177.98049281195335,365.6120445123281,rice,0.3,tau
2021,12,405.6570735343031,156.56724590799053,365.6120445123281,rice,0.3,tau
2022,1,443.8816304938405,117.11870816050018,363.5560897435897,rice,0.3,tau
2022,2,479.10464721775384,76.69219571280081,363.5560897435897,rice,0.3,tau
2022,3,494.8846510629562,42.37682839145948,359.29899267399264,rice,0.3,tau
2022,4,493.40439925016904,25.583975561046657,366.9617673992674,rice,0.3,tau
2022,5,490.4519732579827,20.7126458107912,395.05860805860806,rice,0.3,tau
2022,6,499.4835399948978,22.969577278947447,378.0302197802198,rice,0.3,tau
2022,7,514.9508851863284,38.633302285887396,355.893315018315,rice,0.3,tau
2022,8,504.0059751649468,73.99551367134569,366.9617673992674,rice,0.3,tau
2022,9,604.0403840947495,126.06773125786671,373.7731227106227,rice,0.3,tau
2022,10,628.7012430270415,171.63259590524234,366.9617673992674,rice,0.3,tau
2022,11,808.5455041466835,180.73840056168814,374.6245421245422,rice,0.3,tau
2022,12,942.3157955581936,164.31397940563858,397.6128663003663,rice,0.3,tau
2023,1,860.8068759213265,129.22196643477554,453.0402745168864,rice,0.3,tau
2023,2,746.4380860400804,91.89242774772173,431.1331045692613,rice,0.3,tau
2023,3,764.2884882499914,59.57789689073536,417.1125158027813,rice,0.3,tau
2023,4,837.1942787482685,39.627252073888876,439.0196857504063,rice,0.3,tau
2023,5,900.4081826266101,32.3523124096298,446.9062669315514,rice,0.3,tau
2023,6,873.8118899588428,37.606483751982466,450.41141412317137,rice,0.3,tau
2023,7,962.5572462538679,56.925348839380035,479.3288784540365,rice,0.3,tau
2023,8,1000.5151289299374,96.4508944925363,556.4421166696767,rice,0.3,tau
2023,9,995.097531357196,151.12771693829205,543.2978147011016,rice,0.3,tau
2023,10,919.0912941160732,197.04636980597445,517.0092107639515,rice,0.3,tau
2023,11,858.4875445239142,204.8600714642963,524.0195051471916,rice,0.3,tau
2023,12,813.6559417145213,184.3861827010339,564.3286978508216,rice,0.3,tau
2021,1,423.53295278233554,113.83248571408278,498.1464106480471,rice,0.6,full
2021,2,427.4454075841843,72.29792140827084,509.1147719834169,rice,0.6,full
2021,3,439.4663742488459,42.263030052342046,479.8658084224307,rice,0.6,full
2021,4,453.0987999464644,30.08176055219307,452.44490508400605,rice,0.6,full
2021,5,459.40785084099554,25.294884971978497,450.6168448614444,rice,0.6,full
2021,6,471.4704538042203,27.328470343059664,425.93803185686227,rice,0.6,full
2021,7,486.3042256344927,42.44294130105921,378.4084660702597,rice,0.6,full
2021,8,495.33457116492286,76.90905625266412,368.3541348461706,rice,0.6,full
2021,9,460.11746006658166,127.83502137062021,365.6120445123281,rice,0.6,full
2021,10,452.821341421482,170.44948889951172,366.52607462360896,rice,0.6,full
2021,11,424.6389919620455,176.076089348462,365.6120445123281,rice,0.6,full
2021,12,456.1228953459844,154.62124842025912,365.6120445123281,rice,0.6,full
2022,1,515.9043879844336,115.46428893664867,363.5560897435897,rice,0.6,full
2022,2,561.5531981271283,75.22050029520793,363.5560897435897,rice,0.6,full
2022,3,574.192310657686,41.55281565157025,359.29899267399264,rice,0.6,full
2022,4,560.2467007123926,25.29537733843417,366.9617673992674,rice,0.6,full
2022,5,550.2847860054841,20.49756877927676,395.05860805860806,rice,0.6,full
2022,6,555.3824891432797,22.844779997827597,378.0302197802198,rice,0.6,full
2022,7,568.9221365436888,38.207699238106144,355.893315018315,rice,0.6,full
2022,8,551.0550567724658,73.0135444184249,366.9617673992674,rice,0.6,full
2022,9,652.1976739825453,124.26721746613727,373.7731227106227,rice,0.6,full
2022,10,691.0530424213389,169.22551342303512,366.9617673992674,rice,0.6,full
2022,11,924.5011101347866,178.40705934970742,374.6245421245422,rice,0.6,full
2022,12,1084.5211761316796,162.789251704096,397.6128663003663,rice,0.6,full
2023,1,965.8238937659219,127.97843430335016,453.0402745168864,rice,0.6,full
2023,2,834.92206164184,90.69950349411607,431.1331045692613,rice,0.6,full
2023,3,836.9216468920422,58.47708415021334,417.1125158027813,rice,0.6,full
2023,4,878.4691572653571,39.147375295495976,439.0196857504063,rice,0.6,full
2023,5,927.6652039276514,32.00218216478545,446.9062669315514,rice,0.6,full
2023,6,892.2961187035133,36.755724385444765,450.41141412317137,rice,0.6,full
2023,7,976.13188117946,55.499360010764555,479.3288784540365,rice,0.6,full
2023,8,1014.5342137487689,94.55381238241476,556.4421166696767,rice,0.6,full
2023,9,1009.1177847683366,149.09148108537488,543.2978147011016,rice,0.6,full
2023,10,933.3908225446604,194.8657622271746,517.0092107639515,rice,0.6,full
2023,11,873.5674719896351,202.44032455560716,524.0195051471916,rice,0.6,full
2023,12,829.3383732080754,181.59523726611576,564.3286978508216,rice,0.6,full
2021,1,421.83299930227156,113.91430051793309,498.1464106480471,rice,0.6,shocks
2021,2,418.4547947856247,72.87728101909755,509.1147719834169,rice,0.6,shocks
2021,3,421.3241856545186,43.162095360023095,479.8658084224307,rice,0.6,shocks
2021,4,429.6821139365659,30.652845476247883,452.44490508400605,rice,0.6,shocks
2021,5,437.3124725626068,25.826243385759955,450.6168448614444,rice,0.6,shocks
2021,6,449.29903045792724,28.746054444656934,425.93803185686227,rice,0.6,shocks
2021,7,460.17135459900044,45.28712872904289,378.4084660702597,rice,0.6,shocks
2021,8,443.06721694403655,81.08335481564092,368.3541348461706,rice,0.6,shocks
2021,9,414.37309725371637,132.65893492818043,365.6120445123281,rice,0.6,shocks
2021,10,396.93689736093665,175.818513926359,366.52607462360896,rice,0.6,shocks
2021,11,363.75283539226837,181.80279371119548,365.6120445123281,rice,0.6,shocks
2021,12,332.963779537214,159.91969240413567,365.6120445123281,rice,0.6,shocks
2022,1,342.217981951963,119.45861527758069,363.5560897435897,rice,0.6,shocks
2022,2,370.46703547542586,78.08795496798055,363.5560897435897,rice,0.6,shocks
2022,3,404.8217019132555,42.87388775839072,359.29899267399264,rice,0.6,shocks
2022,4,420.04029857633043,25.195714092433285,366.9617673992674,rice,0.6,shocks
2022,5,427.2141280417749,20.30764040866182,395.05860805860806,rice,0.6,shocks
2022,6,436.90913782810117,23.10192754737072,378.0302197802198,rice,0.6,shocks
2022,7,450.700596837902,39.10980103548589,355.893315018315,rice,0.6,shocks
2022,8,440.616624768838,74.47064200934673,366.9617673992674,rice,0.6,shocks
2022,9,414.57923170699013,125.81047732317857,373.7731227106227,rice,0.6,shocks
2022,10,390.31644845038534,169.08954173633938,366.9617673992674,rice,0.6,shocks
2022,11,368.4988959908245,175.7862623394484,374.6245421245422,rice,0.6,shocks
2022,12,356.0592740530267,155.17955051923104,397.6128663003663,rice,0.6,shocks
2023,1,385.89610527115747,115.66133965116121,453.0402745168864,rice,0.6,shocks
2023,2,420.77422579495203,75.19764798584099,431.1331045692613,rice,0.6,shocks
2023,3,439.6914729962599,41.320545934348104,417.1125158027813,rice,0.6,shocks
2023,4,447.52191017306757,24.922714904334512,439.0196857504063,rice,0.6,shocks
2023,5,450.6699729236575,20.18482264111693,446.9062669315514,rice,0.6,shocks
2023,6,460.0954880786752,22.80060807736053,450.41141412317137,rice,0.6,shocks
2023,7,473.8509534358435,38.674642445101256,479.3288784540365,rice,0.6,shocks
2023,8,464.5202507299639,74.49609395167099,556.4421166696767,rice,0.6,shocks
2023,9,436.64457044630893,126.83686150758567,543.2978147011016,rice,0.6,shocks
2023,10,413.53571383990203,170.88556319342263,517.0092107639515,rice,0.6,shocks
2023,11,388.4391038663225,177.72712862235525,524.0195051471916,rice,0.6,shocks
2023,12,359.44615345218205,156.2095687487478,564.3286978508216,rice,0.6,shocks
2021,1,424.1712298848888,113.828437262772,498.1464106480471,rice,0.6,tau
2021,2,429.118764492527,72.26707289696921,509.1147719834169,rice,0.6,tau
2021,3,442.6452403247035,42.16205211127472,479.8658084224307,rice,0.6,tau
2021,4,458.17208177724024,30.009059502480756,452.44490508400605,rice,0.6,tau
2021,5,464.18365669779143,25.30101291225054,450.6168448614444,rice,0.6,tau
2021,6,475.2181406256652,27.245120420458402,425.93803185686227,rice,0.6,tau
2021,7,490.1888434679588,42.10818004999449,378.4084660702597,rice,0.6,tau
2021,8,497.040322243251,76.49918139946791,368.3541348461706,rice,0.6,tau
2021,9,462.0724563010559,127.43562289928458,365.6120445123281,rice,0.6,tau
2021,10,452.4122322283231,170.08613634312636,366.52607462360896,rice,0.6,tau
2021,11,424.73300502640325,175.85445950152166,365.6120445123281,rice,0.6,tau
2021,12,458.45219000363466,154.54123076956432,365.6120445123281,rice,0.6,tau
2022,1,517.2997841240905,115.49935155956734,363.5560897435897,rice,0.6,tau
2022,2,560.5109364647553,75.373223485666,363.5560897435897,rice,0.6,tau
2022,3,568.4700348773408,41.69235989547952,359.29899267399264,rice,0.6,tau
2022,4,552.185370439369,25.701564811991577,366.9617673992674,rice,0.6,tau
2022,5,542.3490915107618,20.76067160502852,395.05860805860806,rice,0.6,tau
2022,6,549.4466905856433,22.802289645086955,378.0302197802198,rice,0.6,tau
2022,7,564.0611581962905,38.11737796998769,355.893315018315,rice,0.6,tau
2022,8,547.1461841483695,73.11254114615329,366.9617673992674,rice,0.6,tau
2022,9,648.3375412366736,124.82308857373478,373.7731227106227,rice,0.6,tau
2022,10,682.0034984290155,170.15764534301866,366.9617673992674,rice,0.6,tau
2022,11,893.2419475848394,179.07620585830716,374.6245421245422,rice,0.6,tau
2022,12,1048.106466687821,162.85107322334932,397.6128663003663,rice,0.6,tau
2023,1,940.3095101144386,127.83081138865987,453.0402745168864,rice,0.6,tau
2023,2,814.8960071553444,90.36382305421401,431.1331045692613,rice,0.6,tau
2023,3,821.6928387283308,57.91739124483275,417.1125158027813,rice,0.6,tau
2023,4,871.5004265038361,38.36005315555029,439.0196857504063,rice,0.6,tau
2023,5,925.3524833091215,31.407372885656333,446.9062669315514,rice,0.6,tau
2023,6,898.9539581228355,36.168092327996916,450.41141412317137,rice,0.6,tau
2023,7,980.5002772071374,55.003799128698304,479.3288784540365,rice,0.6,tau
2023,8,1017.5953109574305,93.92845937026023,556.4421166696767,rice,0.6,tau
2023,9,1026.9964630163563,148.15328316475194,543.2978147011016,rice,0.6,tau
2023,10,952.2696929833708,193.90051817741113,517.0092107639515,rice,0.6,tau
2023,11,886.7983012873276,201.54027174457318,524.0195051471916,rice,0.6,tau
2023,12,840.0441706112617,180.9136955031708,564.3286978508216,rice,0.6,tau
2021,1,300.53483789799793,653.7478243852399,214.3483622350674,maize,0.0,full
2021,2,366.04789862025285,574.2020611048329,224.12886319845856,maize,0.0,full
2021,3,440.52872638871884,529.6023318805403,224.12886319845856,maize,0.0,full
2021,4,505.80981018260707,493.1044189534083,245.15236994219651,maize,0.0,full
2021,5,568.8140580910879,444.63193584481854,279.06420038535646,maize,0.0,full
2021,6,608.8041795470812,383.1698510505178,267.45556840077074,maize,0.0,full
2021,7,609.5167828460617,302.4767578102123,254.47583815028895,maize,0.0,full
2021,8,594.0950550656846,219.9794887376363,234.54921001926783,maize,0.0,full
2021,9,583.3820173405848,441.38348170927463,215.35383429672444,maize,0.0,full
2021,10,599.3365563681276,776.7918332960874,219.0100963391137,maize,0.0,full
2021,11,620.1298928475824,946.9191775014118,227.32809248554912,maize,0.0,full
2021,12,618.4166167764821,896.0028649708311,241.7703275529865,maize,0.0,full
2022,1,613.400862831949,795.5305283873897,235.47440401505648,maize,0.0,full
2022,2,607.2505293193979,727.6834676575718,249.09548306148056,maize,0.0,full
2022,3,604.643734285896,688.9899924751078,285.61700125470514,maize,0.0,full
2022,4,601.4643286996645,650.8325438585654,296.42873274780425,maize,0.0,full
2022,5,599.6637379377054,597.2697045585633,293.5342534504391,maize,0.0,full
2022,6,598.2246438121625,530.0313420464954,285.7872647427854,maize,0.0,full
2022,7,595.7412072888487,443.9349878635529,274.9755332496863,maize,0.0,full
2022,8,589.9507317755863,356.60549252929343,246.71179422835633,maize,0.0,full
2022,9,576.0319174597482,557.3749150769884,266.2069636135508,maize,0.0,full
2022,10,586.5761836326337,857.6943736275373,292.5126725219573,maize,0.0,full
2022,11,600.1816749324366,995.5234457120432,273.1877666248431,maize,0.0,full
2022,12,610.1861273530208,935.4721784224942,257.26813048933496,maize,0.0,full
2023,1,611.2696507751077,832.7239725334016,265.2944994064108,maize,0.0,full
2023,2,606.3145186356105,760.5602440408749,261.2642659279779,maize,0.0,full
2023,3,598.9166093178007,717.2215234668181,247.50890383854377,maize,0.0,full
2023,4,596.0759830532605,676.8726902036974,255.04368816778793,maize,0.0,full
2023,5,595.2070413229314,621.6037601068912,234.8925207756233,maize,0.0,full
2023,6,594.3515467931715,553.0459679994322,233.84115552037989,maize,0.0,full
2023,7,591.1131243591171,466.1007731019929,212.37578155916108,maize,0.0,full
2023,8,586.826799059382,377.8479843513399,181.8861891571033,maize,0.0,full
2023,9,575.0862117639862,592.1941074796506,196.0796201028888,maize,0.0,full
2023,10,584.921237956815,910.8763679757792,202.12497032053815,maize,0.0,full
2023,11,597.5317149626803,1056.4590053762995,185.1278986941037,maize,0.0,full
2023,12,631.4886292329445,989.6129015429137,180.92243767313025,maize,0.0,full
2021,1,231.3696393764321,652.8083520255241,214.3483622350674,maize,0.0,shocks
2021,2,222.9535979407698,566.5549316987269,224.12886319845856,maize,0.0,shocks
2021,3,222.15354042349193,510.8296063267426,224.12886319845856,maize,0.0,shocks
2021,4,215.43643067287547,459.34716318697576,245.15236994219651,maize,0.0,shocks
2021,5,206.66271646890533,393.43927136298566,279.06420038535646,maize,0.0,shocks
2021,6,197.9434518093002,312.1432594128578,267.45556840077074,maize,0.0,shocks
2021,7,192.36161271478073,210.60517118650935,254.47583815028895,maize,0.0,shocks
2021,8,211.2638718379062,119.57681626752726,234.54921001926783,maize,0.0,shocks
2021,9,204.7154753267683,329.1204197952202,215.35383429672444,maize,0.0,shocks
2021,10,191.8438309609803,643.8015595536251,219.0100963391137,maize,0.0,shocks
2021,11,201.46804459817048,800.7201951298924,227.32809248554912,maize,0.0,shocks
2021,12,195.27370005517596,738.1830946415148,241.7703275529865,maize,0.0,shocks
2022,1,196.74070179536764,624.1843976304481,235.47440401505648,maize,0.0,shocks
2022,2,191.13047636679602,542.4952955354239,249.09548306148056,maize,0.0,shocks
2022,3,205.66631197510026,486.6777861602826,285.61700125470514,maize,0.0,shocks
2022,4,205.72567726656047,432.2799431079543,296.42873274780425,maize,0.0,shocks
2022,5,203.3546217244617,364.0628878859167,293.5342534504391,maize,0.0,shocks
2022,6,208.40917852413116,282.27720599119573,285.7872647427854,maize,0.0,shocks
2022,7,243.12121707011931,183.4370906243582,274.9755332496863,maize,0.0,shocks
2022,8,280.8606966023952,102.87116636759616,246.71179422835633,maize,0.0,shocks
2022,9,270.44592816954287,302.81042771702346,266.2069636135508,maize,0.0,shocks
2022,10,258.2817066986487,595.3634283442448,292.5126725219573,maize,0.0,shocks
2022,11,264.34972717784086,740.4301662550072,273.1877666248431,maize,0.0,shocks
2022,12,261.13170625997117,688.2701212431587,257.26813048933496,maize,0.0,shocks
2023,1,265.04614807142195,588.7473983499526,265.2944994064108,maize,0.0,shocks
2023,2,263.67268061475227,513.6717860071733,261.2642659279779,maize,0.0,shocks
2023,3,293.8640635507762,462.1027328848937,247.50890383854377,maize,0.0,shocks
2023,4,325.3135471074478,415.0952157528011,255.04368816778793,maize,0.0,shocks
2023,5,330.4850074882236,357.2562835605043,234.8925207756233,maize,0.0,shocks
2023,6,320.82371622459533,285.8238277039861,233.84115552037989,maize,0.0,shocks
2023,7,320.92356365229205,195.5245730895416,212.37578155916108,maize,0.0,shocks
2023,8,330.74059743623974,108.55211480803013,181.8861891571033,maize,0.0,shocks
2023,9,313.06873806167937,321.27315950882485,196.0796201028888,maize,0.0,shocks
2023,10,281.7223005228053,638.5525706291924,202.12497032053815,maize,0.0,shocks
2023,11,265.0205821955316,795.9429896800752,185.1278986941037,maize,0.0,shocks
2023,12,252.92736710936992,737.643563904063,180.92243767313025,maize,0.0,shocks
2021,1,292.34310990668115,659.9245804440691,214.3483622350674,maize,0.0,tau
2021,2,348.3122608296035,586.5349301783401,224.12886319845856,maize,0.0,tau
2021,3,406.71460509247805,545.8578455907033,224.12886319845856,maize,0.0,tau
2021,4,467.4547456956613,514.4855238711763,245.15236994219651,maize,0.0,tau
2021,5,528.4005915277307,473.2003619940217,279.06420038535646,maize,0.0,tau
2021,6,577.1104030442868,419.6821688831561,267.45556840077074,maize,0.0,tau
2021,7,586.5096084824246,348.0201314915926,254.47583815028895,maize,0.0,tau
2021,8,572.070245442275,274.71773228587824,234.54921001926783,maize,0.0,tau
2021,9,560.0453153776705,497.4651011811766,215.35383429672444,maize,0.0,tau
2021,10,576.5431554445344,824.5229955053723,219.0100963391137,maize,0.0,tau
2021,11,606.7355279552448,981.6560631757243,227.32809248554912,maize,0.0,tau
2021,12,605.0366030518946,928.4200843437835,241.7703275529865,maize,0.0,tau
2022,1,601.5519458284236,827.8445047410798,235.47440401505648,maize,0.0,tau
2022,2,595.7770037193911,756.9612856776425,249.09548306148056,maize,0.0,tau
2022,3,591.7070100518116,716.1301846903602,285.61700125470514,maize,0.0,tau
2022,4,589.3055157418988,680.1185113968259,296.42873274780425,maize,0.0,tau
2022,5,588.5222256147727,632.4899724928105,293.5342534504391,maize,0.0,tau
2022,6,587.7002465478924,574.3283132431725,285.7872647427854,maize,0.0,tau
2022,7,585.654929392277,498.62468243943255,274.9755332496863,maize,0.0,tau
2022,8,580.675730671454,421.3723701957831,246.71179422835633,maize,0.0,tau
2022,9,567.4907641246527,640.2852795218687,266.2069636135508,maize,0.0,tau
2022,10,599.5355104742866,956.6430046600981,292.5126725219573,maize,0.0,tau
2022,11,612.594763638405,1099.3622707580857,273.1877666248431,maize,0.0,tau
2022,12,605.5431888712144,1033.882719577357,257.26813048933496,maize,0.0,tau
2023,1,598.5712973822747,924.089020668624,265.2944994064108,maize,0.0,tau
2023,2,591.4915426487073,847.0627796157191,261.2642659279779,maize,0.0,tau
2023,3,584.1054226867908,800.16008526915,247.50890383854377,maize,0.0,tau
2023,4,582.1237054815069,757.4056093329752,255.04368816778793,maize,0.0,tau
2023,5,582.4204498106442,703.4247118970382,234.8925207756233,maize,0.0,tau
2023,6,582.4964812851713,639.6914343186536,233.84115552037989,maize,0.0,tau
2023,7,580.5942678719405,560.3250942035129,212.37578155916108,maize,0.0,tau
2023,8,576.7350853105175,480.9780892487819,181.8861891571033,maize,0.0,tau
2023,9,560.4773291620331,697.4790359099096,196.0796201028888,maize,0.0,tau
2023,10,569.8733029541588,1007.2643175024862,202.12497032053815,maize,0.0,tau
2023,11,587.5901967339123,1142.2907012741668,185.1278986941037,maize,0.0,tau
2023,12,623.6228247031241,1070.5622890423185,180.92243767313025,maize,0.0,tau
2021,1,300.5508543635814,653.67825139753,214.3483622350674,maize,0.3,full
2021,2,366.1987447712213,573.8176072160574,224.12886319845856,maize,0.3,full
2021,3,441.05164190651806,528.8349846098668,224.12886319845856,maize,0.3,full
2021,4,506.7115960607824,491.8185270051944,245.15236994219651,maize,0.3,full
2021,5,569.8861462334236,442.7420104860865,279.06420038535646,maize,0.3,full
2021,6,609.806395642008,380.5888526756878,267.45556840077074,maize,0.3,full
2021,7,610.3151527677337,299.1081449214406,254.47583815028895,maize,0.3,full
2021,8,595.2854013024808,215.72359796278502,234.54921001926783,maize,0.3,full
2021,9,584.5038489674877,436.201180218045,215.35383429672444,maize,0.3,full
2021,10,598.5878224345281,770.641322280266,219.0100963391137,maize,0.3,full
2021,11,620.0782682057907,940.1460153457706,227.32809248554912,maize,0.3,full
2021,12,618.7477774096108,888.7805369370674,241.7703275529865,maize,0.3,full
2022,1,614.111809728976,787.5369553216332,235.47440401505648,maize,0.3,full
2022,2,608.2257806272873,718.7152293378972,249.09548306148056,maize,0.3,full
2022,3,606.3508414933774,678.9782601951144,285.61700125470514,maize,0.3,full
2022,4,603.1001675262287,639.5495124307404,296.42873274780425,maize,0.3,full
2022,5,601.2310673778475,584.5281168445439,293.5342534504391,maize,0.3,full
2022,6,599.7875780120803,515.588952538619,285.7872647427854,maize,0.3,full
2022,7,597.2445796823088,427.7417471852379,274.9755332496863,maize,0.3,full
2022,8,591.2110565718908,338.6873800448614,246.71179422835633,maize,0.3,full
2022,9,579.621400461232,537.7584515599965,266.2069636135508,maize,0.3,full
2022,10,612.350998354435,837.0681551442269,292.5126725219573,maize,0.3,full
2022,11,626.5127748493587,976.0677772964953,273.1877666248431,maize,0.3,full
2022,12,621.8599167312045,916.4429237568199,257.26813048933496,maize,0.3,full
2023,1,617.1586073056601,813.5806806714886,265.2944994064108,maize,0.3,full
2023,2,610.1493721334436,740.7569011645189,261.2642659279779,maize,0.3,full
2023,3,602.2356552673259,697.0001411351643,247.50890383854377,maize,0.3,full
2023,4,599.0807540091384,655.7609555228366,255.04368816778793,maize,0.3,full
2023,5,598.0340963135645,599.4317810933806,234.8925207756233,maize,0.3,full
2023,6,597.083691370084,529.7162660085418,233.84115552037989,maize,0.3,full
2023,7,593.7382044617523,441.4133706496068,212.37578155916108,maize,0.3,full
2023,8,589.425721264845,351.51592648317364,181.8861891571033,maize,0.3,full
2023,9,578.3321693065133,564.178750327256,196.0796201028888,maize,0.3,full
2023,10,588.0496257594682,882.8308371133787,202.12497032053815,maize,0.3,full
2023,11,600.0527735905033,1029.8167605479969,185.1278986941037,maize,0.3,full
2023,12,631.7395085841454,964.1504420252334,180.92243767313025,maize,0.3,full
2021,1,231.36853155918402,652.8200534853427,214.3483622350674,maize,0.3,shocks
2021,2,222.93138134889824,566.7021670953111,224.12886319845856,maize,0.3,shocks
2021,3,222.046753779264,511.29009634919794,224.12886319845856,maize,0.3,shocks
2021,4,215.20965877422228,460.18948958043165,245.15236994219651,maize,0.3,shocks
2021,5,206.2465413508073,394.59816598667453,279.06420038535646,maize,0.3,shocks
2021,6,197.35819786454667,313.6134477093616,267.45556840077074,maize,0.3,shocks
2021,7,191.5045675885509,212.30799706189498,254.47583815028895,maize,0.3,shocks
2021,8,209.46889697310513,120.87972598086473,234.54921001926783,maize,0.3,shocks
2021,9,203.05667014670712,330.7226357450104,215.35383429672444,maize,0.3,shocks
2021,10,190.07677366449548,645.8574841072972,219.0100963391137,maize,0.3,shocks
2021,11,199.11513930574193,802.9527111038753,227.32809248554912,maize,0.3,shocks
2021,12,192.7187607862014,740.3441352968412,241.7703275529865,maize,0.3,shocks
2022,1,194.34251545474427,626.2863561755269,235.47440401505648,maize,0.3,shocks
2022,2,188.84675413925862,544.6346397202963,249.09548306148056,maize,0.3,shocks
2022,3,202.97844423775143,488.762486885993,285.61700125470514,maize,0.3,shocks
2022,4,203.06537954340985,434.16895117409507,296.42873274780425,maize,0.3,shocks
2022,5,200.782056119128,365.74410765021855,293.5342534504391,maize,0.3,shocks
2022,6,204.0889386216129,283.837536993584,285.7872647427854,maize,0.3,shocks
2022,7,238.18295879820818,184.61176982311196,274.9755332496863,maize,0.3,shocks
2022,8,276.57898867113136,103.58035008156504,246.71179422835633,maize,0.3,shocks
2022,9,266.77012253306174,303.553864133889,266.2069636135508,maize,0.3,shocks
2022,10,255.05993607561373,596.3486810702027,292.5126725219573,maize,0.3,shocks
2022,11,261.5368931110179,741.6383665078359,273.1877666248431,maize,0.3,shocks
2022,12,258.4312018548384,689.536354519759,257.26813048933496,maize,0.3,shocks
2023,1,261.3139908610997,589.8809537709071,265.2944994064108,maize,0.3,shocks
2023,2,260.7114491806445,514.6721769402229,261.2642659279779,maize,0.3,shocks
2023,3,289.8865706105612,462.9641200752025,247.50890383854377,maize,0.3,shocks
2023,4,321.9461734891464,415.77433221482977,255.04368816778793,maize,0.3,shocks
2023,5,327.7204724121413,357.76704098832346,234.8925207756233,maize,0.3,shocks
2023,6,318.39139527819634,286.2825618806221,233.84115552037989,maize,0.3,shocks
2023,7,318.69755842740364,195.94770794549055,212.37578155916108,maize,0.3,shocks
2023,8,328.66392335484545,108.98362979020865,181.8861891571033,maize,0.3,shocks
2023,9,311.0673740170266,321.87280506006357,196.0796201028888,maize,0.3,shocks
2023,10,279.8698948480184,639.4942776165137,202.12497032053815,maize,0.3,shocks
2023,11,263.11544612866055,797.2888417694576,185.1278986941037,maize,0.3,shocks
2023,12,251.08444607512072,739.5307965268319,180.92243767313025,maize,0.3,shocks
2021,1,292.3598476911228,659.8341302025281,214.3483622350674,maize,0.3,tau
2021,2,348.45751388471325,586.0014447980382,224.12886319845856,maize,0.3,tau
2021,3,407.1658875827983,544.7564519040938,224.12886319845856,maize,0.3,tau
2021,4,468.1377408094872,512.7115188344,245.15236994219651,maize,0.3,tau
2021,5,528.9384532549699,470.649360132173,279.06420038535646,maize,0.3,tau
2021,6,577.8322314865623,416.2959238381187,267.45556840077074,maize,0.3,tau
2021,7,587.0685708539593,343.73207127622754,254.47583815028895,maize,0.3,tau
2021,8,572.6222094387347,269.4311426809024,234.54921001926783,maize,0.3,tau
2021,9,561.23028332335,491.1397792396484,215.35383429672444,maize,0.3,tau
2021,10,577.1593515151955,817.4218574565707,219.0100963391137,maize,0.3,tau
2021,11,607.4663397216593,974.1003397845084,227.32809248554912,maize,0.3,tau
2021,12,605.512469099714,920.4742629097627,241.7703275529865,maize,0.3,tau
2022,1,602.0407754603929,819.1904089180954,235.47440401505648,maize,0.3,tau
2022,2,596.5265600035095,747.3952051080321,249.09548306148056,maize,0.3,tau
2022,3,592.9221133629576,705.5922499867161,285.61700125470514,maize,0.3,tau
2022,4,590.4988783547235,668.6105272274933,296.42873274780425,maize,0.3,tau
2022,5,589.6995332186548,619.9059533916729,293.5342534504391,maize,0.3,tau
2022,6,588.9078890752937,560.3817666642235,285.7872647427854,maize,0.3,tau
2022,7,586.7402329879062,482.89825258916835,274.9755332496863,maize,0.3,tau
2022,8,580.3073599791762,403.85235155396373,246.71179422835633,maize,0.3,tau
2022,9,568.8590214411506,621.1484884103855,266.2069636135508,maize,0.3,tau
2022,10,593.6505097851134,936.7689356470371,292.5126725219573,maize,0.3,tau
2022,11,610.5677497469117,1079.4980058472402,273.1877666248431,maize,0.3,tau
2022,12,604.880931610112,1013.7729866870507,257.26813048933496,maize,0.3,tau
2023,1,598.8336610727852,903.5832735827748,265.2944994064108,maize,0.3,tau
2023,2,592.2879829603478,825.6477913037452,261.2642659279779,maize,0.3,tau
2023,3,585.2644518177369,778.1572264348331,247.50890383854377,maize,0.3,tau
2023,4,583.4527111402399,734.9905532265277,255.04368816778793,maize,0.3,tau
2023,5,583.794859189833,680.6125605872621,234.8925207756233,maize,0.3,tau
2023,6,583.8174950247741,616.3902253562283,233.84115552037989,maize,0.3,tau
2023,7,581.7880204151635,536.2739114766243,212.37578155916108,maize,0.3,tau
2023,8,578.212138716271,455.40039960195367,181.8861891571033,maize,0.3,tau
2023,9,562.5924897084926,670.4495134725918,196.0796201028888,maize,0.3,tau
2023,10,563.9681265244491,980.6530823033004,202.12497032053815,maize,0.3,tau
2023,11,584.7097081636325,1116.463067338822,185.1278986941037,maize,0.3,tau
2023,12,620.8787394504393,1045.5820006185022,180.92243767313025,maize,0.3,tau
2021,1,300.56692743193014,653.6084454781075,214.3483622350674,maize,0.6,full
2021,2,366.3544849052363,573.4204344746088,224.12886319845856,maize,0.6,full
2021,3,441.59771929299575,527.9997842423843,224.12886319845856,maize,0.6,full
2021,4,507.77602417295634,490.3789072991452,245.15236994219651,maize,0.6,full
2021,5,571.1125581797214,440.6132295896877,279.06420038535646,maize,0.6,full
2021,6,610.951663696494,377.68963424210597,267.45556840077074,maize,0.6,full
2021,7,611.2944457491168,295.33910941040165,254.47583815028895,maize,0.6,full
2021,8,596.6543415142268,210.9588387677817,234.54921001926783,maize,0.6,full
2021,9,586.0590482422037,430.35271040548685,215.35383429672444,maize,0.6,full
2021,10,598.4577637174104,763.6099580784085,219.0100963391137,maize,0.6,full
2021,11,620.3686010277013,932.2321690242097,227.32809248554912,maize,0.6,full
2021,12,619.3573904914526,880.1439496657721,241.7703275529865,maize,0.6,full
2022,1,615.1217486495709,777.647712018646,235.47440401505648,maize,0.6,full
2022,2,609.5738063770359,707.3441909867388,249.09548306148056,maize,0.6,full
2022,3,608.6728674642825,666.0916353565487,285.61700125470514,maize,0.6,full
2022,4,605.362573909802,624.917232322897,296.42873274780425,maize,0.6,full
2022,5,603.4149357316076,568.0320286116983,293.5342534504391,maize,0.6,full
2022,6,602.0106863811149,497.0742806224748,285.7872647427854,maize,0.6,full
2022,7,599.197096646055,407.2336940844731,274.9755332496863,maize,0.6,full
2022,8,591.8920653440152,316.2613838469895,246.71179422835633,maize,0.6,full
2022,9,581.8008317212764,513.443878511117,266.2069636135508,maize,0.6,full
2022,10,606.1543258975271,811.355444645151,292.5126725219573,maize,0.6,full
2022,11,625.2345018998128,950.7866411070477,273.1877666248431,maize,0.6,full
2022,12,622.576309641581,891.2312203962115,257.26813048933496,maize,0.6,full
2023,1,619.3146575485227,788.006287693184,265.2944994064108,maize,0.6,full
2023,2,613.716635198122,714.2925533748535,261.2642659279779,maize,0.6,full
2023,3,607.0997348302429,670.0523669235681,247.50890383854377,maize,0.6,full
2023,4,603.6129498183659,627.6717319216602,255.04368816778793,maize,0.6,full
2023,5,602.3032050383778,570.1745912092247,234.8925207756233,maize,0.6,full
2023,6,601.266528933668,499.13130618571336,233.84115552037989,maize,0.6,full
2023,7,597.8948876254592,409.3677598540805,212.37578155916108,maize,0.6,full
2023,8,593.684691155454,317.8537647472724,181.8861891571033,maize,0.6,full
2023,9,587.8787662490793,528.9607506175523,196.0796201028888,maize,0.6,full
2023,10,608.7570421390834,848.1243467988315,202.12497032053815,maize,0.6,full
2023,11,624.8096964661088,998.0286483553384,185.1278986941037,maize,0.6,full
2023,12,642.7985486399132,934.4254378107573,180.92243767313025,maize,0.6,full
2021,1,231.36742437240466,652.8317486399392,214.3483622350674,maize,0.6,shocks
2021,2,222.9090792169781,566.8502066644634,224.12886319845856,maize,0.6,shocks
2021,3,221.93895108208122,511.75850181118324,224.12886319845856,maize,0.6,shocks
2021,4,214.9794891854574,461.0550298069537,245.15236994219651,maize,0.6,shocks
2021,5,205.8215142288098,395.7980372597897,279.06420038535646,maize,0.6,shocks
2021,6,196.75930256865226,315.13999078258456,267.45556840077074,maize,0.6,shocks
2021,7,190.62736407249747,214.08727575030028,254.47583815028895,maize,0.6,shocks
2021,8,207.63626221434367,122.25210217908325,234.54921001926783,maize,0.6,shocks
2021,9,201.37169305127492,332.41596235362675,215.35383429672444,maize,0.6,shocks
2021,10,188.17085072732846,648.0321353100867,219.0100963391137,maize,0.6,shocks
2021,11,196.3875202933681,805.3368724184054,227.32809248554912,maize,0.6,shocks
2021,12,188.9007375018386,742.7365353381846,241.7703275529865,maize,0.6,shocks
2022,1,190.61080973562716,628.6700155294691,235.47440401505648,maize,0.6,shocks
2022,2,185.77162614300795,547.182471115299,249.09548306148056,maize,0.6,shocks
2022,3,199.51155602949757,491.51191009036216,285.61700125470514,maize,0.6,shocks
2022,4,199.52455118793753,436.949485264833,296.42873274780425,maize,0.6,shocks
2022,5,197.24323209618024,368.49468341451694,293.5342534504391,maize,0.6,shocks
2022,6,199.09431208716188,286.5833839202577,285.7872647427854,maize,0.6,shocks
2022,7,230.45073472587495,187.0205536602904,274.9755332496863,maize,0.6,shocks
2022,8,269.6696123340114,105.13746863014438,246.71179422835633,maize,0.6,shocks
2022,9,261.2738062342884,304.9410202675411,266.2069636135508,maize,0.6,shocks
2022,10,250.3823499624575,597.9541978984198,292.5126725219573,maize,0.6,shocks
2022,11,257.4398720128799,743.4293382624387,273.1877666248431,maize,0.6,shocks
2022,12,254.48956041141633,691.2732534204331,257.26813048933496,maize,0.6,shocks
2023,1,253.87552990595464,591.2881638295842,265.2944994064108,maize,0.6,shocks
2023,2,254.92800334780037,515.6340753842677,261.2642659279779,maize,0.6,shocks
2023,3,283.19853471815634,463.51831379347004,247.50890383854377,maize,0.6,shocks
2023,4,316.6259827229886,415.93508339710746,255.04368816778793,maize,0.6,shocks
2023,5,323.5183051294993,357.6627749286888,234.8925207756233,maize,0.6,shocks
2023,6,314.9124034379504,286.0721813986447,233.84115552037989,maize,0.6,shocks
2023,7,315.8894989217126,195.68057546030838,212.37578155916108,maize,0.6,shocks
2023,8,326.54361409967396,108.85998478348407,181.8861891571033,maize,0.6,shocks
2023,9,308.9331897050596,322.05603617885896,196.0796201028888,maize,0.6,shocks
2023,10,277.86131346141997,639.9781208795845,202.12497032053815,maize,0.6,shocks
2023,11,261.27218726300623,798.1403388156025,185.1278986941037,maize,0.6,shocks
2023,12,249.35342701283943,740.8950061920802,180.92243767313025,maize,0.6,shocks
2021,1,292.3766566827299,659.7432883820927,214.3483622350674,maize,0.6,tau
2021,2,348.6068527499724,585.4512763346984,224.12886319845856,maize,0.6,tau
2021,3,407.66683954934524,543.5709616354213,224.12886319845856,maize,0.6,tau
2021,4,469.0454317612065,510.77437621327044,245.15236994219651,maize,0.6,tau
2021,5,530.3340342038553,467.96253775017567,279.06420038535646,maize,0.6,tau
2021,6,579.0855743651477,412.87937642321,267.45556840077074,maize,0.6,tau
2021,7,587.9070990551695,339.46156409955955,254.47583815028895,maize,0.6,tau
2021,8,573.3366328650238,264.132475915825,234.54921001926783,maize,0.6,tau
2021,9,562.4267047613347,484.7044091227473,215.35383429672444,maize,0.6,tau
2021,10,577.7068718608347,809.9639839142533,219.0100963391137,maize,0.6,tau
2021,11,608.1694429284769,965.9841197336244,227.32809248554912,maize,0.6,tau
2021,12,606.0405363206984,911.7039331458134,241.7703275529865,maize,0.6,tau
2022,1,602.5914827748874,809.2558318979407,235.47440401505648,maize,0.6,tau
2022,2,597.3236159516553,736.0600039732326,249.09548306148056,maize,0.6,tau
2022,3,594.379219748675,692.7987930536999,285.61700125470514,maize,0.6,tau
2022,4,591.9858106263343,654.4355320800453,296.42873274780425,maize,0.6,tau
2022,5,591.1944569443009,604.3663038326654,293.5342534504391,maize,0.6,tau
2022,6,590.4498508085964,543.1820269096447,285.7872647427854,maize,0.6,tau
2022,7,588.1578462525947,463.6131168875522,274.9755332496863,maize,0.6,tau
2022,8,579.8781951977314,382.563648042576,246.71179422835633,maize,0.6,tau
2022,9,568.6727090005263,598.0050730345581,266.2069636135508,maize,0.6,tau
2022,10,589.3455081879323,912.7206036825125,292.5126725219573,maize,0.6,tau
2022,11,609.4825072197718,1055.6107831314112,273.1877666248431,maize,0.6,tau
2022,12,604.8762714824105,989.6066475740931,257.26813048933496,maize,0.6,tau
2023,1,599.7851112298911,878.7447068904642,265.2944994064108,maize,0.6,tau
2023,2,593.7099617367421,799.5565120551175,261.2642659279779,maize,0.6,tau
2023,3,587.0553168039716,751.347710509461,247.50890383854377,maize,0.6,tau
2023,4,585.396973183357,707.6193500590105,255.04368816778793,maize,0.6,tau
2023,5,585.7639716006659,652.7920828260076,234.8925207756233,maize,0.6,tau
2023,6,585.7545378407228,588.0213833275421,233.84115552037989,maize,0.6,tau
2023,7,583.7044879416001,506.8302022118371,212.37578155916108,maize,0.6,tau
2023,8,580.0131375905764,424.2119649612563,181.8861891571033,maize,0.6,tau
2023,9,570.6552225739049,637.7433025100547,196.0796201028888,maize,0.6,tau
2023,10,587.0582630822545,948.8713245816264,202.12497032053815,maize,0.6,tau
2023,11,611.8255215483555,1087.0467313287681,185.1278986941037,maize,0.6,tau
2023,12,632.9639143361725,1017.7877652788843,180.92243767313025,maize,0.6,tau
